(lldb) target create "/Users/gitanshchakravarty/MGL/Khronos_AppleICDs/OpenGL_4.6(Core Profile)/Apple_ICD/../mesa/build-ao46-asahi-arm64/src/asahi/lib/asahi_macos_public_buffer_binding_trace"
Current executable set to '/Users/gitanshchakravarty/MGL/Khronos_AppleICDs/OpenGL_4.6(Core Profile)/mesa/build-ao46-asahi-arm64/src/asahi/lib/asahi_macos_public_buffer_binding_trace' (arm64).
(lldb) settings set target.env-vars 'DYLD_INSERT_LIBRARIES=/Users/gitanshchakravarty/MGL/Khronos_AppleICDs/OpenGL_4.6(Core Profile)/Apple_ICD/../mesa/build-ao46-asahi-arm64/src/asahi/lib/libwrap.dylib' 'AGX_TRACE_UNBUFFERED=1' 'AGX_TRACE_CALL_SHAPES=1' 'AGX_TRACE_NOTIFICATION_PORTS=1' 'AGX_TRACE_ALLOCATION_REQUESTS=1' 'AGX_TRACE_SUBMISSION_DETAILS=1' 'AGX_TRACE_RESOURCE_REFS=1' 'AGX_TRACE_TRAP_AUX=1' 'AGX_TRACE_AUX_ANALYSIS=1' 'AGX_TRACE_AUX_EXTENDED=1'
(lldb) breakpoint set --name IOGPUMetalCommandBufferStorageBeginKernelCommands
Breakpoint 1: no locations (pending).
WARNING:  Unable to resolve breakpoint to any actual locations.
(lldb) breakpoint set --name IOGPUMetalCommandBufferStorageBeginSegment
Breakpoint 2: no locations (pending).
WARNING:  Unable to resolve breakpoint to any actual locations.
(lldb) breakpoint set --name IOGPUMetalCommandBufferStorageGrowKernelCommandBuffer
Breakpoint 3: no locations (pending).
WARNING:  Unable to resolve breakpoint to any actual locations.
(lldb) breakpoint set --name IOGPUMetalCommandBufferStorageEndKernelCommands
Breakpoint 4: no locations (pending).
WARNING:  Unable to resolve breakpoint to any actual locations.
(lldb) breakpoint set --name IOGPUMetalCommandBufferStorageEndSegment
Breakpoint 5: no locations (pending).
WARNING:  Unable to resolve breakpoint to any actual locations.
(lldb) breakpoint set --name IOGPUMetalCommandBufferStorageAllocResourceAtIndex
Breakpoint 6: no locations (pending).
WARNING:  Unable to resolve breakpoint to any actual locations.
(lldb) breakpoint set --name IOGPUMetalCommandBufferStorageAllocSidebandBuffer
Breakpoint 7: no locations (pending).
WARNING:  Unable to resolve breakpoint to any actual locations.
(lldb) breakpoint set --name IOGPUMetalCommandBufferStorageGrowSidebandBuffer
Breakpoint 8: no locations (pending).
WARNING:  Unable to resolve breakpoint to any actual locations.
(lldb) breakpoint set --name IOGPUMetalCommandBufferStorageMergeResidencySetList
Breakpoint 9: no locations (pending).
WARNING:  Unable to resolve breakpoint to any actual locations.
(lldb) breakpoint set --name IOGPUMetalCommandBufferStorageFinalizeResidencySetList
Breakpoint 10: no locations (pending).
WARNING:  Unable to resolve breakpoint to any actual locations.
(lldb) breakpoint set --name IOGPUMetalResidencySetListCreate
Breakpoint 11: no locations (pending).
WARNING:  Unable to resolve breakpoint to any actual locations.
(lldb) breakpoint set --name IOGPUMetalResidencySetListDestroy
Breakpoint 12: no locations (pending).
WARNING:  Unable to resolve breakpoint to any actual locations.
(lldb) breakpoint set --name IOGPUResourceListAddResource
Breakpoint 13: no locations (pending).
WARNING:  Unable to resolve breakpoint to any actual locations.
(lldb) breakpoint set --name IOGPUResourceListMerge
Breakpoint 14: no locations (pending).
WARNING:  Unable to resolve breakpoint to any actual locations.
(lldb) breakpoint set --name IOGPUResourceListMergeLists
Breakpoint 15: no locations (pending).
WARNING:  Unable to resolve breakpoint to any actual locations.
(lldb) breakpoint set --name IOGPUResourceListReset
Breakpoint 16: no locations (pending).
WARNING:  Unable to resolve breakpoint to any actual locations.
(lldb) breakpoint set --name IOGPUResourceGroupUpdateResources
Breakpoint 17: no locations (pending).
WARNING:  Unable to resolve breakpoint to any actual locations.
(lldb) breakpoint set --name IOGPUMetalCommandBufferStorageCreateExt
Breakpoint 18: no locations (pending).
WARNING:  Unable to resolve breakpoint to any actual locations.
(lldb) breakpoint set --name IOGPUCommandQueueSubmitCommandBuffers
Breakpoint 19: no locations (pending).
WARNING:  Unable to resolve breakpoint to any actual locations.
(lldb) breakpoint set --name IOConnectTrap4
Breakpoint 20: where = IOKit`IOConnectTrap4, address = 0x0000000184871d5c
(lldb) breakpoint set --name IOGPUResourceCreate
Breakpoint 21: no locations (pending).
WARNING:  Unable to resolve breakpoint to any actual locations.
(lldb) breakpoint set --name IOGPUResourceGetGPUVirtualAddress
Breakpoint 22: no locations (pending).
WARNING:  Unable to resolve breakpoint to any actual locations.
(lldb) breakpoint set --name IOGPUResourceRelease
Breakpoint 23: no locations (pending).
WARNING:  Unable to resolve breakpoint to any actual locations.
(lldb) breakpoint set --name "-[IOGPUMetalCommandBuffer fillCommandBufferArgs:commandQueue:]"
Breakpoint 24: no locations (pending).
WARNING:  Unable to resolve breakpoint to any actual locations.
(lldb) breakpoint set --name IOGPUMetalResourcePoolCreatePooledResource
Breakpoint 25: no locations (pending).
WARNING:  Unable to resolve breakpoint to any actual locations.
(lldb) breakpoint set --name "-[IOGPUMetalCommandBuffer initWithQueue:retainedReferences:synchronousDebugMode:]"
Breakpoint 26: no locations (pending).
WARNING:  Unable to resolve breakpoint to any actual locations.
(lldb) breakpoint set --name IOGPUMetalCommandBufferStoragePoolCreateStorage
Breakpoint 27: no locations (pending).
WARNING:  Unable to resolve breakpoint to any actual locations.
(lldb) breakpoint set --name "-[IOGPUMetalCommandBuffer beginSegment:]"
Breakpoint 28: no locations (pending).
WARNING:  Unable to resolve breakpoint to any actual locations.
(lldb) command script import '/Users/gitanshchakravarty/MGL/Khronos_AppleICDs/OpenGL_4.6(Core Profile)/Apple_ICD/scripts/agx_private_winsys_capture.py'
(lldb) breakpoint command add -F agx_private_winsys_capture.capture_begin_kernel_commands 1
(lldb) breakpoint command add -F agx_private_winsys_capture.capture_begin_segment 2
(lldb) breakpoint command add -F agx_private_winsys_capture.capture_grow_kernel_command_buffer 3
(lldb) breakpoint command add -F agx_private_winsys_capture.capture_end_kernel_commands 4
(lldb) breakpoint command add -F agx_private_winsys_capture.capture_end_segment 5
(lldb) breakpoint command add -F agx_private_winsys_capture.capture_alloc_resource_at_index 6
(lldb) breakpoint command add -F agx_private_winsys_capture.capture_alloc_sideband_buffer 7
(lldb) breakpoint command add -F agx_private_winsys_capture.capture_grow_sideband_buffer 8
(lldb) breakpoint command add -F agx_private_winsys_capture.capture_merge_residency_set_list 9
(lldb) breakpoint command add -F agx_private_winsys_capture.capture_finalize_residency_set_list 10
(lldb) breakpoint command add -F agx_private_winsys_capture.capture_residency_set_list_create 11
(lldb) breakpoint command add -F agx_private_winsys_capture.capture_residency_set_list_destroy 12
(lldb) breakpoint command add -F agx_private_winsys_capture.capture_resource_list_add_resource 13
(lldb) breakpoint command add -F agx_private_winsys_capture.capture_resource_list_merge 14
(lldb) breakpoint command add -F agx_private_winsys_capture.capture_resource_list_merge_lists 15
(lldb) breakpoint command add -F agx_private_winsys_capture.capture_resource_list_reset 16
(lldb) breakpoint command add -F agx_private_winsys_capture.capture_resource_group_update 17
(lldb) breakpoint command add -F agx_private_winsys_capture.capture_command_storage_create 18
(lldb) breakpoint command add -F agx_private_winsys_capture.capture_queue_submit 19
(lldb) breakpoint command add -F agx_private_winsys_capture.capture_trap4 20
(lldb) breakpoint command add -F agx_private_winsys_capture.capture_resource_create 21
(lldb) breakpoint command add -F agx_private_winsys_capture.capture_resource_gpu_address 22
(lldb) breakpoint command add -F agx_private_winsys_capture.capture_resource_release 23
(lldb) breakpoint command add -F agx_private_winsys_capture.capture_command_buffer_fill 24
(lldb) breakpoint command add -F agx_private_winsys_capture.capture_resource_pool_create_pooled_resource 25
(lldb) breakpoint command add -F agx_private_winsys_capture.capture_command_buffer_init 26
(lldb) breakpoint command add -F agx_private_winsys_capture.capture_storage_pool_create 27
(lldb) breakpoint command add -F agx_private_winsys_capture.capture_command_buffer_begin_segment 28
(lldb) run
1 location added to breakpoint 1
1 location added to breakpoint 2
1 location added to breakpoint 3
1 location added to breakpoint 4
1 location added to breakpoint 5
1 location added to breakpoint 6
1 location added to breakpoint 7
1 location added to breakpoint 8
1 location added to breakpoint 9
1 location added to breakpoint 10
1 location added to breakpoint 11
1 location added to breakpoint 12
1 location added to breakpoint 13
1 location added to breakpoint 14
1 location added to breakpoint 15
1 location added to breakpoint 16
1 location added to breakpoint 17
1 location added to breakpoint 18
1 location added to breakpoint 19
1 location added to breakpoint 21
1 location added to breakpoint 22
1 location added to breakpoint 23
1 location added to breakpoint 24
1 location added to breakpoint 25
1 location added to breakpoint 26
1 location added to breakpoint 27
1 location added to breakpoint 28
AO46_AGX_PRIVATE_WINSYS_RESOURCE_CREATE_RECORD address=0x0000000c5d07d9d8 bytes=0000000000000000010001000100000001010001300400000000000000000000000000000000000000000000000000000000000000000000000000000000000000000000000000000000010000000000000000000000000000000008180000000000000000000000
AO46_AGX_PRIVATE_WINSYS_CALL name=resource-create capture_id=1 return_hook=1 x0=0x0000000c5cc48b10 x1=0x0000000c5d07d9d8 x2=0x0000000000000068 x3=0x0000000c5cc731c0 x4=0x0000000c5cc72880 x5=0x0000000000000001
AO46_AGX_PRIVATE_WINSYS_RETURN capture_id=1 name=resource-create storage=0x0000000c5cc48b10 x0=0x0000000c5cc080b0 x1=0x000000016fdfd8a8
AO46_AGX_PRIVATE_WINSYS_CALL name=resource-gpu-address capture_id=2 return_hook=1 x0=0x0000000c5cc080b0 x1=0x00000001f3f76da8 x2=0x00000001a8a3c758 x3=0x0000000c5cc08128 x4=0xffffffffffffe988 x5=0x0000000000000010
AO46_AGX_PRIVATE_WINSYS_RETURN capture_id=2 name=resource-gpu-address storage=0x0000000c5cc080b0 x0=0x0000010000000000 x1=0x00000001f3f76da8
3D03: call 107, wake port 3C13 (out 0x0, 0)
, references:  0 10dae43c4 c5d07c000
return 0
AO46_AGX_PRIVATE_WINSYS_RESOURCE_CREATE_RECORD address=0x000000016fdfdce0 bytes=0000000000000000010001000100000001010001700400000000000000000000000000000000000000000000000000000100000000000000000000000000000000000000000000000038000000000000000000000000000000000058180000000000000000000000
AO46_AGX_PRIVATE_WINSYS_CALL name=resource-create capture_id=3 return_hook=1 x0=0x0000000c5cc48b10 x1=0x000000016fdfdce0 x2=0x0000000000000068 x3=0x0000000000000001 x4=0x0000000000000000 x5=0x000000016fdfdce0
AO46_AGX_PRIVATE_WINSYS_RETURN capture_id=3 name=resource-create storage=0x0000000c5cc48b10 x0=0x0000000c5cc08150 x1=0x000000016fdfd9d8
AO46_AGX_PRIVATE_WINSYS_CALL name=resource-gpu-address capture_id=4 return_hook=1 x0=0x0000000c5cc08150 x1=0x0000000c5cc08150 x2=0x00000001a8a3c758 x3=0x0000000c5cc081c8 x4=0xffffffffffffe988 x5=0x0000000000000020
AO46_AGX_PRIVATE_WINSYS_RETURN capture_id=4 name=resource-gpu-address storage=0x0000000c5cc08150 x0=0x0000006f00000000 x1=0x0000000c5cc08150
Selector 7, 3D03, 3D03
AGX_CALL selector=7 scalar_in=0 struct_in=1040 scalar_out_capacity=0 struct_out_capacity=16
3D03: SET_API(/Users/gitanshchakravarty/MGL/Khronos_AppleICDs/OpenGL_4.6(Core Profile)/mesa/build-ao46-asahi-arm64/src/asahi/lib/asahi_macos_public_buffer_binding_trace)
AGX_RESULT selector=7 status=0 scalar_out=0 struct_out=16
 struct
000000  01 00 00 00 00 00 00 00 4D 99 D0 DF 07 00 00 00  | ........M.......


Selector 16, 3D03, 3D03
AGX_CALL selector=16 scalar_in=2 struct_in=0 scalar_out_capacity=0 struct_out_capacity=16
3D03: call 10 (out 0x16fdfdb70, 16) 100 28
AGX_RESULT selector=16 status=0 scalar_out=0 struct_out=16
MODERN_NOTIFICATION_QUEUE data_queue=100260000 id=1 config=100/28
Allocated notif port 300F
Set noficiation port connect=3D03, type=0, port=300F, reference=1
Selector 28, 3D03, 3D03
AGX_CALL selector=28 scalar_in=2 struct_in=0 scalar_out_capacity=0 struct_out_capacity=0
3D03: call 1C (out 0x0, 0) 1 1
AGX_RESULT selector=28 status=0 scalar_out=0 struct_out=0

AO46_AGX_PRIVATE_WINSYS_RESOURCE_CREATE_RECORD address=0x000000016fdfd948 bytes=000000000000000001000100010000000101000170040000000000000000000000000000000000000000000000000000010000000000000000000000000000000000000000000000000002000000000000000000000000000000000000000000c80a0b0e01000000
AO46_AGX_PRIVATE_WINSYS_CALL name=resource-create capture_id=5 return_hook=1 x0=0x0000000c5cc48b10 x1=0x000000016fdfd948 x2=0x0000000000000068 x3=0x0000000000000001 x4=0x0000000000000000 x5=0x000000016fdfd948
Selector 9, 3D03, 3D03
AGX_CALL selector=9 scalar_in=0 struct_in=104 scalar_out_capacity=0 struct_out_capacity=88
3D03: call 9 (out 0x16fdfd710, 88), struct:
000000  00 00 00 00 00 00 00 00 01 00 01 00 01 00 00 00  | ................
000010  01 01 00 01 70 04 00 00 00 00 00 00 00 00 00 00  | ....p...........
000020  00 00 00 00 00 00 00 00 00 00 00 00 00 00 00 00  | ................
000030  01 00 00 00 00 00 00 00 00 00 00 00 00 00 00 00  | ................
000040  00 00 00 00 00 00 00 00 00 00 02 00 00 00 00 00  | ................
000050  00 00 00 00 00 00 00 00 00 00 00 00 00 00 00 00  | ................
000060  C8 0A 0B 0E 01 00 00 00 
AGX_RESULT selector=9 status=0 scalar_out=0 struct_out=88
MODERN_ALLOCATE_MEM handle=3 gpu=10000018000 cpu=104ab8000 size=20000 attributes=0 storage=0x470 write_combined=0 private=0 reused=0
MODERN_ALLOCATE_REQUEST size_units_candidate=2
MODERN_ALLOCATE_REQUEST bytes=000000000000000001000100010000000101000170040000000000000000000000000000000000000000000000000000010000000000000000000000000000000000000000000000000002000000000000000000000000000000000000000000c80a0b0e01000000
AO46_AGX_PRIVATE_WINSYS_RETURN capture_id=5 name=resource-create storage=0x0000000c5cc48b10 x0=0x0000000c5cc08290 x1=0x000000016fdfd708
AO46_AGX_PRIVATE_WINSYS_CALL name=resource-gpu-address capture_id=6 return_hook=1 x0=0x0000000c5cc08290 x1=0x0000000c5cc08290 x2=0x0000000000000000 x3=0x0000000c5cc08308 x4=0x00000001000a7c3f x5=0x000000016fdfd1a0
AO46_AGX_PRIVATE_WINSYS_RETURN capture_id=6 name=resource-gpu-address storage=0x0000000c5cc08290 x0=0x0000010000018000 x1=0x0000000c5cc08290
AO46_AGX_PRIVATE_WINSYS_RESOURCE_CREATE_RECORD address=0x000000016fdfdc38 bytes=8000000000000000010001000100000001010001300c000000000000000000000000000000000000000000000000000000000000000000000080ab04010000000080ab040100000000000200000000000300000000000000000000001800000090150b0e01000000
AO46_AGX_PRIVATE_WINSYS_CALL name=resource-create capture_id=7 return_hook=1 x0=0x0000000c5cc48b10 x1=0x000000016fdfdc38 x2=0x0000000000000068 x3=0xfffff0007fc00000 x4=0x0000000c5d0a0140 x5=0x0000000000000001
Selector 9, 3D03, 3D03
AGX_CALL selector=9 scalar_in=0 struct_in=104 scalar_out_capacity=0 struct_out_capacity=88
3D03: call 9 (out 0x16fdfda40, 88), struct:
000000  80 00 00 00 00 00 00 00 01 00 01 00 01 00 00 00  | €...............
000010  01 01 00 01 30 0C 00 00 00 00 00 00 00 00 00 00  | ....0...........
000020  00 00 00 00 00 00 00 00 00 00 00 00 00 00 00 00  | ................
000030  00 00 00 00 00 00 00 00 00 80 AB 04 01 00 00 00  | .........€......
000040  00 80 AB 04 01 00 00 00 00 00 02 00 00 00 00 00  | .€..............
000050  03 00 00 00 00 00 00 00 00 00 00 00 18 00 00 00  | ................
000060  90 15 0B 0E 01 00 00 00 
AGX_RESULT selector=9 status=0 scalar_out=0 struct_out=88
MODERN_ALLOCATE_MEM handle=4 gpu=10000018000 cpu=0 size=20000 attributes=80 storage=0xc30 write_combined=0 private=0 reused=0
MODERN_ALLOCATE_REQUEST size_units_candidate=2
MODERN_ALLOCATE_REQUEST bytes=8000000000000000010001000100000001010001300c000000000000000000000000000000000000000000000000000000000000000000000080ab04010000000080ab040100000000000200000000000300000000000000000000001800000090150b0e01000000
AO46_AGX_PRIVATE_WINSYS_RETURN capture_id=7 name=resource-create storage=0x0000000c5cc48b10 x0=0x0000000c5cc08510 x1=0x000000016fdfda38
AO46_AGX_PRIVATE_WINSYS_CALL name=resource-gpu-address capture_id=8 return_hook=1 x0=0x0000000c5cc08510 x1=0x0000000c5cc08510 x2=0x0000000000000000 x3=0x0000000c5cc08588 x4=0x00000001000a7c3f x5=0x000000016fdfd4d0
AO46_AGX_PRIVATE_WINSYS_RETURN capture_id=8 name=resource-gpu-address storage=0x0000000c5cc08510 x0=0x0000010000018000 x1=0x0000000c5cc08510
AO46_AGX_PRIVATE_WINSYS_RESOURCE_CREATE_RECORD address=0x000000016fdfdc38 bytes=8000000000000000010001000100000001010001300c000000000000000000000000000000000000000000000000000000000000000000000082ab04010000000080ab040100000000000200000000000300000000000000000000001800000090150b0e01000000
AO46_AGX_PRIVATE_WINSYS_CALL name=resource-create capture_id=9 return_hook=1 x0=0x0000000c5cc48b10 x1=0x000000016fdfdc38 x2=0x0000000000000068 x3=0x0000000000000001 x4=0x0000000000000000 x5=0x000000016fdfdc38
Selector 9, 3D03, 3D03
AGX_CALL selector=9 scalar_in=0 struct_in=104 scalar_out_capacity=0 struct_out_capacity=88
3D03: call 9 (out 0x16fdfda40, 88), struct:
000000  80 00 00 00 00 00 00 00 01 00 01 00 01 00 00 00  | €...............
000010  01 01 00 01 30 0C 00 00 00 00 00 00 00 00 00 00  | ....0...........
000020  00 00 00 00 00 00 00 00 00 00 00 00 00 00 00 00  | ................
000030  00 00 00 00 00 00 00 00 00 82 AB 04 01 00 00 00  | ................
000040  00 80 AB 04 01 00 00 00 00 00 02 00 00 00 00 00  | .€..............
000050  03 00 00 00 00 00 00 00 00 00 00 00 18 00 00 00  | ................
000060  90 15 0B 0E 01 00 00 00 
AGX_RESULT selector=9 status=0 scalar_out=0 struct_out=88
MODERN_ALLOCATE_MEM handle=5 gpu=10000018200 cpu=0 size=1fe00 attributes=80 storage=0xc30 write_combined=0 private=0 reused=0
MODERN_ALLOCATE_REQUEST size_units_candidate=2
MODERN_ALLOCATE_REQUEST bytes=8000000000000000010001000100000001010001300c000000000000000000000000000000000000000000000000000000000000000000000082ab04010000000080ab040100000000000200000000000300000000000000000000001800000090150b0e01000000
AO46_AGX_PRIVATE_WINSYS_RETURN capture_id=9 name=resource-create storage=0x0000000c5cc48b10 x0=0x0000000c5cc08470 x1=0x000000016fdfda38
AO46_AGX_PRIVATE_WINSYS_CALL name=resource-gpu-address capture_id=10 return_hook=1 x0=0x0000000c5cc08470 x1=0x0000000c5cc08470 x2=0x0000000000000000 x3=0x0000000c5cc084e8 x4=0x00000001000a7c3f x5=0x000000016fdfd4d0
AO46_AGX_PRIVATE_WINSYS_RETURN capture_id=10 name=resource-gpu-address storage=0x0000000c5cc08470 x0=0x0000010000018200 x1=0x0000000c5cc08470
AO46_AGX_PRIVATE_WINSYS_RESOURCE_CREATE_RECORD address=0x000000016fdfdc38 bytes=8000000000000000010001000100000001010001300c000000000000000000000000000000000000000000000000000000000000000000000084ab04010000000080ab0401000000000002000000000003000000000000000000000018000000c8dc075d0c000000
AO46_AGX_PRIVATE_WINSYS_CALL name=resource-create capture_id=11 return_hook=1 x0=0x0000000c5cc48b10 x1=0x000000016fdfdc38 x2=0x0000000000000068 x3=0xfffff0007fc00000 x4=0x0000000c5d0a01c0 x5=0x0000000000000001
Selector 9, 3D03, 3D03
AGX_CALL selector=9 scalar_in=0 struct_in=104 scalar_out_capacity=0 struct_out_capacity=88
3D03: call 9 (out 0x16fdfda40, 88), struct:
000000  80 00 00 00 00 00 00 00 01 00 01 00 01 00 00 00  | €...............
000010  01 01 00 01 30 0C 00 00 00 00 00 00 00 00 00 00  | ....0...........
000020  00 00 00 00 00 00 00 00 00 00 00 00 00 00 00 00  | ................
000030  00 00 00 00 00 00 00 00 00 84 AB 04 01 00 00 00  | ................
000040  00 80 AB 04 01 00 00 00 00 00 02 00 00 00 00 00  | .€..............
000050  03 00 00 00 00 00 00 00 00 00 00 00 18 00 00 00  | ................
000060  C8 DC 07 5D 0C 00 00 00 
AGX_RESULT selector=9 status=0 scalar_out=0 struct_out=88
MODERN_ALLOCATE_MEM handle=6 gpu=10000018400 cpu=0 size=1fc00 attributes=80 storage=0xc30 write_combined=0 private=0 reused=0
MODERN_ALLOCATE_REQUEST size_units_candidate=2
MODERN_ALLOCATE_REQUEST bytes=8000000000000000010001000100000001010001300c000000000000000000000000000000000000000000000000000000000000000000000084ab04010000000080ab0401000000000002000000000003000000000000000000000018000000c8dc075d0c000000
AO46_AGX_PRIVATE_WINSYS_RETURN capture_id=11 name=resource-create storage=0x0000000c5cc48b10 x0=0x0000000c5cc085b0 x1=0x000000016fdfda38
AO46_AGX_PRIVATE_WINSYS_CALL name=resource-gpu-address capture_id=12 return_hook=1 x0=0x0000000c5cc085b0 x1=0x0000000c5cc085b0 x2=0x0000000000000000 x3=0x0000000c5cc08628 x4=0x00000001000a7c3f x5=0x000000016fdfd4d0
AO46_AGX_PRIVATE_WINSYS_RETURN capture_id=12 name=resource-gpu-address storage=0x0000000c5cc085b0 x0=0x0000010000018400 x1=0x0000000c5cc085b0
AO46_AGX_PRIVATE_WINSYS_RESOURCE_CREATE_RECORD address=0x000000016fdfdc48 bytes=8000000000000000010001000100000001010001300c000000000000000000000000000000000000000000000000000000000000000000000085ab04010000000080ab040100000000000200000000000300000000000000000000001800000020e2075d0c000000
AO46_AGX_PRIVATE_WINSYS_CALL name=resource-create capture_id=13 return_hook=1 x0=0x0000000c5cc48b10 x1=0x000000016fdfdc48 x2=0x0000000000000068 x3=0x0000000000000001 x4=0x0000000000000000 x5=0x000000016fdfdc48
Selector 9, 3D03, 3D03
AGX_CALL selector=9 scalar_in=0 struct_in=104 scalar_out_capacity=0 struct_out_capacity=88
3D03: call 9 (out 0x16fdfda50, 88), struct:
000000  80 00 00 00 00 00 00 00 01 00 01 00 01 00 00 00  | €...............
000010  01 01 00 01 30 0C 00 00 00 00 00 00 00 00 00 00  | ....0...........
000020  00 00 00 00 00 00 00 00 00 00 00 00 00 00 00 00  | ................
000030  00 00 00 00 00 00 00 00 00 85 AB 04 01 00 00 00  | ................
000040  00 80 AB 04 01 00 00 00 00 00 02 00 00 00 00 00  | .€..............
000050  03 00 00 00 00 00 00 00 00 00 00 00 18 00 00 00  | ................
000060  20 E2 07 5D 0C 00 00 00 
AGX_RESULT selector=9 status=0 scalar_out=0 struct_out=88
MODERN_ALLOCATE_MEM handle=7 gpu=10000018500 cpu=0 size=1fb00 attributes=80 storage=0xc30 write_combined=0 private=0 reused=0
MODERN_ALLOCATE_REQUEST size_units_candidate=2
MODERN_ALLOCATE_REQUEST bytes=8000000000000000010001000100000001010001300c000000000000000000000000000000000000000000000000000000000000000000000085ab04010000000080ab040100000000000200000000000300000000000000000000001800000020e2075d0c000000
AO46_AGX_PRIVATE_WINSYS_RETURN capture_id=13 name=resource-create storage=0x0000000c5cc48b10 x0=0x0000000c5cc08650 x1=0x000000016fdfda48
AO46_AGX_PRIVATE_WINSYS_CALL name=resource-gpu-address capture_id=14 return_hook=1 x0=0x0000000c5cc08650 x1=0x0000000c5cc08650 x2=0x0000000000000000 x3=0x0000000c5cc086c8 x4=0x00000001000a7c3f x5=0x000000016fdfd4e0
AO46_AGX_PRIVATE_WINSYS_RETURN capture_id=14 name=resource-gpu-address storage=0x0000000c5cc08650 x0=0x0000010000018500 x1=0x0000000c5cc08650
AO46_AGX_PRIVATE_WINSYS_RESOURCE_CREATE_RECORD address=0x000000016fdfdc48 bytes=8000000000000000010001000100000001010001300c000000000000000000000000000000000000000000000000000000000000000000000087ab04010000000080ab040100000000000200000000000300000000000000000000001800000040e5075d0c000000
AO46_AGX_PRIVATE_WINSYS_CALL name=resource-create capture_id=15 return_hook=1 x0=0x0000000c5cc48b10 x1=0x000000016fdfdc48 x2=0x0000000000000068 x3=0x0000000000000001 x4=0x0000000000000000 x5=0x000000016fdfdc48
Selector 9, 3D03, 3D03
AGX_CALL selector=9 scalar_in=0 struct_in=104 scalar_out_capacity=0 struct_out_capacity=88
3D03: call 9 (out 0x16fdfda50, 88), struct:
000000  80 00 00 00 00 00 00 00 01 00 01 00 01 00 00 00  | €...............
000010  01 01 00 01 30 0C 00 00 00 00 00 00 00 00 00 00  | ....0...........
000020  00 00 00 00 00 00 00 00 00 00 00 00 00 00 00 00  | ................
000030  00 00 00 00 00 00 00 00 00 87 AB 04 01 00 00 00  | ................
000040  00 80 AB 04 01 00 00 00 00 00 02 00 00 00 00 00  | .€..............
000050  03 00 00 00 00 00 00 00 00 00 00 00 18 00 00 00  | ................
000060  40 E5 07 5D 0C 00 00 00 
AGX_RESULT selector=9 status=0 scalar_out=0 struct_out=88
MODERN_ALLOCATE_MEM handle=8 gpu=10000018700 cpu=0 size=1f900 attributes=80 storage=0xc30 write_combined=0 private=0 reused=0
MODERN_ALLOCATE_REQUEST size_units_candidate=2
MODERN_ALLOCATE_REQUEST bytes=8000000000000000010001000100000001010001300c000000000000000000000000000000000000000000000000000000000000000000000087ab04010000000080ab040100000000000200000000000300000000000000000000001800000040e5075d0c000000
AO46_AGX_PRIVATE_WINSYS_RETURN capture_id=15 name=resource-create storage=0x0000000c5cc48b10 x0=0x0000000c5cc086f0 x1=0x000000016fdfda48
AO46_AGX_PRIVATE_WINSYS_CALL name=resource-gpu-address capture_id=16 return_hook=1 x0=0x0000000c5cc086f0 x1=0x0000000c5cc086f0 x2=0x0000000000000000 x3=0x0000000c5cc08768 x4=0x00000001000a7c3f x5=0x000000016fdfd4e0
AO46_AGX_PRIVATE_WINSYS_RETURN capture_id=16 name=resource-gpu-address storage=0x0000000c5cc086f0 x0=0x0000010000018700 x1=0x0000000c5cc086f0
AO46_AGX_PRIVATE_WINSYS_RESOURCE_CREATE_RECORD address=0x000000016fdfdc48 bytes=8000000000000000010001000100000001010001300c000000000000000000000000000000000000000000000000000000000000000000000088ab04010000000080ab040100000000000200000000000300000000000000000000001800000060e8075d0c000000
AO46_AGX_PRIVATE_WINSYS_CALL name=resource-create capture_id=17 return_hook=1 x0=0x0000000c5cc48b10 x1=0x000000016fdfdc48 x2=0x0000000000000068 x3=0x0000000000000001 x4=0x0000000000000000 x5=0x000000016fdfdc48
Selector 9, 3D03, 3D03
AGX_CALL selector=9 scalar_in=0 struct_in=104 scalar_out_capacity=0 struct_out_capacity=88
3D03: call 9 (out 0x16fdfda50, 88), struct:
000000  80 00 00 00 00 00 00 00 01 00 01 00 01 00 00 00  | €...............
000010  01 01 00 01 30 0C 00 00 00 00 00 00 00 00 00 00  | ....0...........
000020  00 00 00 00 00 00 00 00 00 00 00 00 00 00 00 00  | ................
000030  00 00 00 00 00 00 00 00 00 88 AB 04 01 00 00 00  | ................
000040  00 80 AB 04 01 00 00 00 00 00 02 00 00 00 00 00  | .€..............
000050  03 00 00 00 00 00 00 00 00 00 00 00 18 00 00 00  | ................
000060  60 E8 07 5D 0C 00 00 00 
AGX_RESULT selector=9 status=0 scalar_out=0 struct_out=88
MODERN_ALLOCATE_MEM handle=9 gpu=10000018800 cpu=0 size=1f800 attributes=80 storage=0xc30 write_combined=0 private=0 reused=0
MODERN_ALLOCATE_REQUEST size_units_candidate=2
MODERN_ALLOCATE_REQUEST bytes=8000000000000000010001000100000001010001300c000000000000000000000000000000000000000000000000000000000000000000000088ab04010000000080ab040100000000000200000000000300000000000000000000001800000060e8075d0c000000
AO46_AGX_PRIVATE_WINSYS_RETURN capture_id=17 name=resource-create storage=0x0000000c5cc48b10 x0=0x0000000c5cc08790 x1=0x000000016fdfda48
AO46_AGX_PRIVATE_WINSYS_CALL name=resource-gpu-address capture_id=18 return_hook=1 x0=0x0000000c5cc08790 x1=0x0000000c5cc08790 x2=0x0000000000000000 x3=0x0000000c5cc08808 x4=0x00000001000a7c3f x5=0x000000016fdfd4e0
AO46_AGX_PRIVATE_WINSYS_RETURN capture_id=18 name=resource-gpu-address storage=0x0000000c5cc08790 x0=0x0000010000018800 x1=0x0000000c5cc08790
AO46_AGX_PRIVATE_WINSYS_RESOURCE_CREATE_RECORD address=0x000000016fdfdc58 bytes=8000000000000000010001000100000001010001300c000000000000000000000000000000000000000000000000000000000000000000000089ab04010000000080ab040100000000000200000000000300000000000000000000001800000080eb075d0c000000
AO46_AGX_PRIVATE_WINSYS_CALL name=resource-create capture_id=19 return_hook=1 x0=0x0000000c5cc48b10 x1=0x000000016fdfdc58 x2=0x0000000000000068 x3=0x0000000000000001 x4=0x0000000000000000 x5=0x000000016fdfdc58
Selector 9, 3D03, 3D03
AGX_CALL selector=9 scalar_in=0 struct_in=104 scalar_out_capacity=0 struct_out_capacity=88
3D03: call 9 (out 0x16fdfda60, 88), struct:
000000  80 00 00 00 00 00 00 00 01 00 01 00 01 00 00 00  | €...............
000010  01 01 00 01 30 0C 00 00 00 00 00 00 00 00 00 00  | ....0...........
000020  00 00 00 00 00 00 00 00 00 00 00 00 00 00 00 00  | ................
000030  00 00 00 00 00 00 00 00 00 89 AB 04 01 00 00 00  | ................
000040  00 80 AB 04 01 00 00 00 00 00 02 00 00 00 00 00  | .€..............
000050  03 00 00 00 00 00 00 00 00 00 00 00 18 00 00 00  | ................
000060  80 EB 07 5D 0C 00 00 00 
AGX_RESULT selector=9 status=0 scalar_out=0 struct_out=88
MODERN_ALLOCATE_MEM handle=10 gpu=10000018900 cpu=0 size=1f700 attributes=80 storage=0xc30 write_combined=0 private=0 reused=0
MODERN_ALLOCATE_REQUEST size_units_candidate=2
MODERN_ALLOCATE_REQUEST bytes=8000000000000000010001000100000001010001300c000000000000000000000000000000000000000000000000000000000000000000000089ab04010000000080ab040100000000000200000000000300000000000000000000001800000080eb075d0c000000
AO46_AGX_PRIVATE_WINSYS_RETURN capture_id=19 name=resource-create storage=0x0000000c5cc48b10 x0=0x0000000c5cc08830 x1=0x000000016fdfda58
AO46_AGX_PRIVATE_WINSYS_CALL name=resource-gpu-address capture_id=20 return_hook=1 x0=0x0000000c5cc08830 x1=0x0000000c5cc08830 x2=0x0000000000000000 x3=0x0000000c5cc088a8 x4=0x00000001000a7c3f x5=0x000000016fdfd4f0
AO46_AGX_PRIVATE_WINSYS_RETURN capture_id=20 name=resource-gpu-address storage=0x0000000c5cc08830 x0=0x0000010000018900 x1=0x0000000c5cc08830
AO46_AGX_PRIVATE_WINSYS_RESOURCE_CREATE_RECORD address=0x000000016fdfdc48 bytes=8000000000000000010001000100000001010001300c000000000000000000000000000000000000000000000000000000000000000000000099ab04010000000080ab0401000000000002000000000003000000000000000000000018000000a0ee075d0c000000
AO46_AGX_PRIVATE_WINSYS_CALL name=resource-create capture_id=21 return_hook=1 x0=0x0000000c5cc48b10 x1=0x000000016fdfdc48 x2=0x0000000000000068 x3=0x0000000000000001 x4=0x0000000000000000 x5=0x000000016fdfdc48
Selector 9, 3D03, 3D03
AGX_CALL selector=9 scalar_in=0 struct_in=104 scalar_out_capacity=0 struct_out_capacity=88
3D03: call 9 (out 0x16fdfda50, 88), struct:
000000  80 00 00 00 00 00 00 00 01 00 01 00 01 00 00 00  | €...............
000010  01 01 00 01 30 0C 00 00 00 00 00 00 00 00 00 00  | ....0...........
000020  00 00 00 00 00 00 00 00 00 00 00 00 00 00 00 00  | ................
000030  00 00 00 00 00 00 00 00 00 99 AB 04 01 00 00 00  | ................
000040  00 80 AB 04 01 00 00 00 00 00 02 00 00 00 00 00  | .€..............
000050  03 00 00 00 00 00 00 00 00 00 00 00 18 00 00 00  | ................
000060  A0 EE 07 5D 0C 00 00 00 
AGX_RESULT selector=9 status=0 scalar_out=0 struct_out=88
MODERN_ALLOCATE_MEM handle=11 gpu=10000019900 cpu=0 size=1e700 attributes=80 storage=0xc30 write_combined=0 private=0 reused=0
MODERN_ALLOCATE_REQUEST size_units_candidate=2
MODERN_ALLOCATE_REQUEST bytes=8000000000000000010001000100000001010001300c000000000000000000000000000000000000000000000000000000000000000000000099ab04010000000080ab0401000000000002000000000003000000000000000000000018000000a0ee075d0c000000
AO46_AGX_PRIVATE_WINSYS_RETURN capture_id=21 name=resource-create storage=0x0000000c5cc48b10 x0=0x0000000c5cc088d0 x1=0x000000016fdfda48
AO46_AGX_PRIVATE_WINSYS_CALL name=resource-gpu-address capture_id=22 return_hook=1 x0=0x0000000c5cc088d0 x1=0x0000000c5cc088d0 x2=0x0000000000000000 x3=0x0000000c5cc08948 x4=0x00000001000a7c3f x5=0x000000016fdfd4e0
AO46_AGX_PRIVATE_WINSYS_RETURN capture_id=22 name=resource-gpu-address storage=0x0000000c5cc088d0 x0=0x0000010000019900 x1=0x0000000c5cc088d0
AO46_AGX_PRIVATE_WINSYS_RESOURCE_CREATE_RECORD address=0x000000016fdfdc48 bytes=8000000000000000010001000100000001010001300c00000000000000000000000000000000000000000000000000000000000000000000009aab04010000000080ab0401000000000002000000000003000000000000000000000018000000a8f1075d0c000000
AO46_AGX_PRIVATE_WINSYS_CALL name=resource-create capture_id=23 return_hook=1 x0=0x0000000c5cc48b10 x1=0x000000016fdfdc48 x2=0x0000000000000068 x3=0xfffff0007fc00000 x4=0x0000000c5d018100 x5=0x0000000000000001
Selector 9, 3D03, 3D03
AGX_CALL selector=9 scalar_in=0 struct_in=104 scalar_out_capacity=0 struct_out_capacity=88
3D03: call 9 (out 0x16fdfda50, 88), struct:
000000  80 00 00 00 00 00 00 00 01 00 01 00 01 00 00 00  | €...............
000010  01 01 00 01 30 0C 00 00 00 00 00 00 00 00 00 00  | ....0...........
000020  00 00 00 00 00 00 00 00 00 00 00 00 00 00 00 00  | ................
000030  00 00 00 00 00 00 00 00 00 9A AB 04 01 00 00 00  | ................
000040  00 80 AB 04 01 00 00 00 00 00 02 00 00 00 00 00  | .€..............
000050  03 00 00 00 00 00 00 00 00 00 00 00 18 00 00 00  | ................
000060  A8 F1 07 5D 0C 00 00 00 
AGX_RESULT selector=9 status=0 scalar_out=0 struct_out=88
MODERN_ALLOCATE_MEM handle=12 gpu=10000019a00 cpu=0 size=1e600 attributes=80 storage=0xc30 write_combined=0 private=0 reused=0
MODERN_ALLOCATE_REQUEST size_units_candidate=2
MODERN_ALLOCATE_REQUEST bytes=8000000000000000010001000100000001010001300c00000000000000000000000000000000000000000000000000000000000000000000009aab04010000000080ab0401000000000002000000000003000000000000000000000018000000a8f1075d0c000000
AO46_AGX_PRIVATE_WINSYS_RETURN capture_id=23 name=resource-create storage=0x0000000c5cc48b10 x0=0x0000000c5cc08970 x1=0x000000016fdfda48
AO46_AGX_PRIVATE_WINSYS_CALL name=resource-gpu-address capture_id=24 return_hook=1 x0=0x0000000c5cc08970 x1=0x0000000c5cc08970 x2=0x0000000000000000 x3=0x0000000c5cc089e8 x4=0x00000001000a7c3f x5=0x000000016fdfd4e0
AO46_AGX_PRIVATE_WINSYS_RETURN capture_id=24 name=resource-gpu-address storage=0x0000000c5cc08970 x0=0x0000010000019a00 x1=0x0000000c5cc08970
AO46_AGX_PRIVATE_WINSYS_RESOURCE_CREATE_RECORD address=0x000000016fdfdc48 bytes=8000000000000000010001000100000001010001300c00000000000000000000000000000000000000000000000000000000000000000000009bab04010000000080ab0401000000000002000000000003000000000000000000000018000000b0f4075d0c000000
AO46_AGX_PRIVATE_WINSYS_CALL name=resource-create capture_id=25 return_hook=1 x0=0x0000000c5cc48b10 x1=0x000000016fdfdc48 x2=0x0000000000000068 x3=0x0000000000000001 x4=0x0000000000000000 x5=0x000000016fdfdc48
Selector 9, 3D03, 3D03
AGX_CALL selector=9 scalar_in=0 struct_in=104 scalar_out_capacity=0 struct_out_capacity=88
3D03: call 9 (out 0x16fdfda50, 88), struct:
000000  80 00 00 00 00 00 00 00 01 00 01 00 01 00 00 00  | €...............
000010  01 01 00 01 30 0C 00 00 00 00 00 00 00 00 00 00  | ....0...........
000020  00 00 00 00 00 00 00 00 00 00 00 00 00 00 00 00  | ................
000030  00 00 00 00 00 00 00 00 00 9B AB 04 01 00 00 00  | ................
000040  00 80 AB 04 01 00 00 00 00 00 02 00 00 00 00 00  | .€..............
000050  03 00 00 00 00 00 00 00 00 00 00 00 18 00 00 00  | ................
000060  B0 F4 07 5D 0C 00 00 00 
AGX_RESULT selector=9 status=0 scalar_out=0 struct_out=88
MODERN_ALLOCATE_MEM handle=13 gpu=10000019b00 cpu=0 size=1e500 attributes=80 storage=0xc30 write_combined=0 private=0 reused=0
MODERN_ALLOCATE_REQUEST size_units_candidate=2
MODERN_ALLOCATE_REQUEST bytes=8000000000000000010001000100000001010001300c00000000000000000000000000000000000000000000000000000000000000000000009bab04010000000080ab0401000000000002000000000003000000000000000000000018000000b0f4075d0c000000
AO46_AGX_PRIVATE_WINSYS_RETURN capture_id=25 name=resource-create storage=0x0000000c5cc48b10 x0=0x0000000c5cc08a10 x1=0x000000016fdfda48
AO46_AGX_PRIVATE_WINSYS_CALL name=resource-gpu-address capture_id=26 return_hook=1 x0=0x0000000c5cc08a10 x1=0x0000000c5cc08a10 x2=0x0000000000000000 x3=0x0000000c5cc08a88 x4=0x00000001000a7c3f x5=0x000000016fdfd4e0
AO46_AGX_PRIVATE_WINSYS_RETURN capture_id=26 name=resource-gpu-address storage=0x0000000c5cc08a10 x0=0x0000010000019b00 x1=0x0000000c5cc08a10
AO46_AGX_PRIVATE_WINSYS_RESOURCE_CREATE_RECORD address=0x000000016fdfdc48 bytes=8000000000000000010001000100000001010001300c00000000000000000000000000000000000000000000000000000000000000000000009cab04010000000080ab0401000000000002000000000003000000000000000000000018000000b8f7075d0c000000
AO46_AGX_PRIVATE_WINSYS_CALL name=resource-create capture_id=27 return_hook=1 x0=0x0000000c5cc48b10 x1=0x000000016fdfdc48 x2=0x0000000000000068 x3=0x0000000000000001 x4=0x0000000000000000 x5=0x000000016fdfdc48
Selector 9, 3D03, 3D03
AGX_CALL selector=9 scalar_in=0 struct_in=104 scalar_out_capacity=0 struct_out_capacity=88
3D03: call 9 (out 0x16fdfda50, 88), struct:
000000  80 00 00 00 00 00 00 00 01 00 01 00 01 00 00 00  | €...............
000010  01 01 00 01 30 0C 00 00 00 00 00 00 00 00 00 00  | ....0...........
000020  00 00 00 00 00 00 00 00 00 00 00 00 00 00 00 00  | ................
000030  00 00 00 00 00 00 00 00 00 9C AB 04 01 00 00 00  | ................
000040  00 80 AB 04 01 00 00 00 00 00 02 00 00 00 00 00  | .€..............
000050  03 00 00 00 00 00 00 00 00 00 00 00 18 00 00 00  | ................
000060  B8 F7 07 5D 0C 00 00 00 
AGX_RESULT selector=9 status=0 scalar_out=0 struct_out=88
MODERN_ALLOCATE_MEM handle=14 gpu=10000019c00 cpu=0 size=1e400 attributes=80 storage=0xc30 write_combined=0 private=0 reused=0
MODERN_ALLOCATE_REQUEST size_units_candidate=2
MODERN_ALLOCATE_REQUEST bytes=8000000000000000010001000100000001010001300c00000000000000000000000000000000000000000000000000000000000000000000009cab04010000000080ab0401000000000002000000000003000000000000000000000018000000b8f7075d0c000000
AO46_AGX_PRIVATE_WINSYS_RETURN capture_id=27 name=resource-create storage=0x0000000c5cc48b10 x0=0x0000000c5cc08ab0 x1=0x000000016fdfda48
AO46_AGX_PRIVATE_WINSYS_CALL name=resource-gpu-address capture_id=28 return_hook=1 x0=0x0000000c5cc08ab0 x1=0x0000000c5cc08ab0 x2=0x0000000000000000 x3=0x0000000c5cc08b28 x4=0x00000001000a7c3f x5=0x000000016fdfd4e0
AO46_AGX_PRIVATE_WINSYS_RETURN capture_id=28 name=resource-gpu-address storage=0x0000000c5cc08ab0 x0=0x0000010000019c00 x1=0x0000000c5cc08ab0
AO46_AGX_PRIVATE_WINSYS_RESOURCE_CREATE_RECORD address=0x000000016fdfdc48 bytes=8000000000000000010001000100000001010001300c0000000000000000000000000000000000000000000000000000000000000000000000a4ab04010000000080ab0401000000000002000000000003000000000000000000000018000000c0fa075d0c000000
AO46_AGX_PRIVATE_WINSYS_CALL name=resource-create capture_id=29 return_hook=1 x0=0x0000000c5cc48b10 x1=0x000000016fdfdc48 x2=0x0000000000000068 x3=0x0000000000000001 x4=0x0000000000000000 x5=0x000000016fdfdc48
Selector 9, 3D03, 3D03
AGX_CALL selector=9 scalar_in=0 struct_in=104 scalar_out_capacity=0 struct_out_capacity=88
3D03: call 9 (out 0x16fdfda50, 88), struct:
000000  80 00 00 00 00 00 00 00 01 00 01 00 01 00 00 00  | €...............
000010  01 01 00 01 30 0C 00 00 00 00 00 00 00 00 00 00  | ....0...........
000020  00 00 00 00 00 00 00 00 00 00 00 00 00 00 00 00  | ................
000030  00 00 00 00 00 00 00 00 00 A4 AB 04 01 00 00 00  | ................
000040  00 80 AB 04 01 00 00 00 00 00 02 00 00 00 00 00  | .€..............
000050  03 00 00 00 00 00 00 00 00 00 00 00 18 00 00 00  | ................
000060  C0 FA 07 5D 0C 00 00 00 
AGX_RESULT selector=9 status=0 scalar_out=0 struct_out=88
MODERN_ALLOCATE_MEM handle=15 gpu=1000001a400 cpu=0 size=1dc00 attributes=80 storage=0xc30 write_combined=0 private=0 reused=0
MODERN_ALLOCATE_REQUEST size_units_candidate=2
MODERN_ALLOCATE_REQUEST bytes=8000000000000000010001000100000001010001300c0000000000000000000000000000000000000000000000000000000000000000000000a4ab04010000000080ab0401000000000002000000000003000000000000000000000018000000c0fa075d0c000000
AO46_AGX_PRIVATE_WINSYS_RETURN capture_id=29 name=resource-create storage=0x0000000c5cc48b10 x0=0x0000000c5cc08b50 x1=0x000000016fdfda48
AO46_AGX_PRIVATE_WINSYS_CALL name=resource-gpu-address capture_id=30 return_hook=1 x0=0x0000000c5cc08b50 x1=0x0000000c5cc08b50 x2=0x0000000000000000 x3=0x0000000c5cc08bc8 x4=0x00000001000a7c3f x5=0x000000016fdfd4e0
AO46_AGX_PRIVATE_WINSYS_RETURN capture_id=30 name=resource-gpu-address storage=0x0000000c5cc08b50 x0=0x000001000001a400 x1=0x0000000c5cc08b50
AO46_AGX_PRIVATE_WINSYS_RESOURCE_CREATE_RECORD address=0x0000000c5d07d930 bytes=0000000000000000010001000100000001010001300400000000000000000000000000000000000000000000000000000000000000000000000000000000000000000000000000000000010000000000000000000000000000000008180000000000000000000000
AO46_AGX_PRIVATE_WINSYS_CALL name=resource-create capture_id=31 return_hook=1 x0=0x0000000c5cc48b10 x1=0x0000000c5d07d930 x2=0x0000000000000068 x3=0x0000000000000001 x4=0x0000000000000000 x5=0x0000000c5d07d930
Selector 9, 3D03, 3D03
AGX_CALL selector=9 scalar_in=0 struct_in=104 scalar_out_capacity=0 struct_out_capacity=88
3D03: call 9 (out 0x16fdfc660, 88), struct:
000000  00 00 00 00 00 00 00 00 01 00 01 00 01 00 00 00  | ................
000010  01 01 00 01 30 04 00 00 00 00 00 00 00 00 00 00  | ....0...........
000020  00 00 00 00 00 00 00 00 00 00 00 00 00 00 00 00  | ................
*
000040  00 00 00 00 00 00 00 00 00 00 01 00 00 00 00 00  | ................
000050  00 00 00 00 00 00 00 00 00 00 00 08 18 00 00 00  | ................
000060  00 00 00 00 00 00 00 00 
AGX_RESULT selector=9 status=0 scalar_out=0 struct_out=88
MODERN_ALLOCATE_MEM handle=16 gpu=10000040000 cpu=104ad8000 size=10000 attributes=0 storage=0x430 write_combined=0 private=0 reused=0
MODERN_ALLOCATE_REQUEST size_units_candidate=1
MODERN_ALLOCATE_REQUEST bytes=0000000000000000010001000100000001010001300400000000000000000000000000000000000000000000000000000000000000000000000000000000000000000000000000000000010000000000000000000000000000000008180000000000000000000000
AO46_AGX_PRIVATE_WINSYS_RETURN capture_id=31 name=resource-create storage=0x0000000c5cc48b10 x0=0x0000000c5cc08bf0 x1=0x000000016fdfc658
AO46_AGX_PRIVATE_WINSYS_CALL name=resource-gpu-address capture_id=32 return_hook=1 x0=0x0000000c5cc08bf0 x1=0x0000000c5cc08bf0 x2=0x0000000000000000 x3=0x0000000c5cc08c68 x4=0x00000001000a7c3f x5=0x000000016fdfc0f0
AO46_AGX_PRIVATE_WINSYS_RETURN capture_id=32 name=resource-gpu-address storage=0x0000000c5cc08bf0 x0=0x0000010000040000 x1=0x0000000c5cc08bf0
AO46_AGX_PRIVATE_WINSYS_RESOURCE_CREATE_RECORD address=0x0000000c5d07db28 bytes=0000000000000000010001000100000001010001308400000000000000000000000000000000000000000000000000000000000000000000000000000000000000000000000000000000010000000000000000000000000000000038180000000000000000000000
AO46_AGX_PRIVATE_WINSYS_CALL name=resource-create capture_id=33 return_hook=1 x0=0x0000000c5cc48b10 x1=0x0000000c5d07db28 x2=0x0000000000000068 x3=0x0000000000000001 x4=0x0000000000000000 x5=0x0000000c5d07db28
Selector 9, 3D03, 3D03
AGX_CALL selector=9 scalar_in=0 struct_in=104 scalar_out_capacity=0 struct_out_capacity=88
3D03: call 9 (out 0x16fdfcb60, 88), struct:
000000  00 00 00 00 00 00 00 00 01 00 01 00 01 00 00 00  | ................
000010  01 01 00 01 30 84 00 00 00 00 00 00 00 00 00 00  | ....0...........
000020  00 00 00 00 00 00 00 00 00 00 00 00 00 00 00 00  | ................
*
000040  00 00 00 00 00 00 00 00 00 00 01 00 00 00 00 00  | ................
000050  00 00 00 00 00 00 00 00 00 00 00 38 18 00 00 00  | ...........8....
000060  00 00 00 00 00 00 00 00 
AGX_RESULT selector=9 status=0 scalar_out=0 struct_out=88
MODERN_ALLOCATE_MEM handle=17 gpu=0 cpu=104ae8000 size=10000 attributes=0 storage=0x8430 write_combined=0 private=0 reused=0
MODERN_ALLOCATE_REQUEST size_units_candidate=1
MODERN_ALLOCATE_REQUEST bytes=0000000000000000010001000100000001010001308400000000000000000000000000000000000000000000000000000000000000000000000000000000000000000000000000000000010000000000000000000000000000000038180000000000000000000000
AO46_AGX_PRIVATE_WINSYS_RETURN capture_id=33 name=resource-create storage=0x0000000c5cc48b10 x0=0x0000000c5cc08c90 x1=0x000000016fdfcb58
AO46_AGX_PRIVATE_WINSYS_CALL name=resource-gpu-address capture_id=34 return_hook=1 x0=0x0000000c5cc08c90 x1=0x0000000c5cc08c90 x2=0x0000000000000000 x3=0x0000000c5cc08d08 x4=0x00000001000a7c3f x5=0x000000016fdfc5f0
AO46_AGX_PRIVATE_WINSYS_RETURN capture_id=34 name=resource-gpu-address storage=0x0000000c5cc08c90 x0=0x0000000000000000 x1=0x0000000c5cc08c90
AO46_AGX_PRIVATE_WINSYS_RESOURCE_CREATE_RECORD address=0x000000016fdfda08 bytes=8000000000000000010001000100000001010001300c0000000000000000000000000000000000000000000000000000000000000000000000a5ab04010000000080ab0401000000000002000000000003000000000000000000000018000000c80a0b0e01000000
AO46_AGX_PRIVATE_WINSYS_CALL name=resource-create capture_id=35 return_hook=1 x0=0x0000000c5cc48b10 x1=0x000000016fdfda08 x2=0x0000000000000068 x3=0x0000000000000001 x4=0x0000000000000000 x5=0x000000016fdfda08
Selector 9, 3D03, 3D03
AGX_CALL selector=9 scalar_in=0 struct_in=104 scalar_out_capacity=0 struct_out_capacity=88
3D03: call 9 (out 0x16fdfd810, 88), struct:
000000  80 00 00 00 00 00 00 00 01 00 01 00 01 00 00 00  | €...............
000010  01 01 00 01 30 0C 00 00 00 00 00 00 00 00 00 00  | ....0...........
000020  00 00 00 00 00 00 00 00 00 00 00 00 00 00 00 00  | ................
000030  00 00 00 00 00 00 00 00 00 A5 AB 04 01 00 00 00  | ................
000040  00 80 AB 04 01 00 00 00 00 00 02 00 00 00 00 00  | .€..............
000050  03 00 00 00 00 00 00 00 00 00 00 00 18 00 00 00  | ................
000060  C8 0A 0B 0E 01 00 00 00 
AGX_RESULT selector=9 status=0 scalar_out=0 struct_out=88
MODERN_ALLOCATE_MEM handle=18 gpu=1000001a500 cpu=0 size=1db00 attributes=80 storage=0xc30 write_combined=0 private=0 reused=0
MODERN_ALLOCATE_REQUEST size_units_candidate=2
MODERN_ALLOCATE_REQUEST bytes=8000000000000000010001000100000001010001300c0000000000000000000000000000000000000000000000000000000000000000000000a5ab04010000000080ab0401000000000002000000000003000000000000000000000018000000c80a0b0e01000000
AO46_AGX_PRIVATE_WINSYS_RETURN capture_id=35 name=resource-create storage=0x0000000c5cc48b10 x0=0x0000000c5cc08d30 x1=0x000000016fdfd808
AO46_AGX_PRIVATE_WINSYS_CALL name=resource-gpu-address capture_id=36 return_hook=1 x0=0x0000000c5cc08d30 x1=0x0000000c5cc08d30 x2=0x0000000000000000 x3=0x0000000c5cc08da8 x4=0x00000001000a7c3f x5=0x000000016fdfd2a0
AO46_AGX_PRIVATE_WINSYS_RETURN capture_id=36 name=resource-gpu-address storage=0x0000000c5cc08d30 x0=0x000001000001a500 x1=0x0000000c5cc08d30
AO46_AGX_PRIVATE_WINSYS_RESOURCE_CREATE_RECORD address=0x000000016fdfd9a8 bytes=000000000000000001000100010000000101000170040000000000000000000000000000000000000000000000000000010000000000000000000000000000000000000000000000000002000000000000000000000000000000000000000000c80a0b0e01000000
AO46_AGX_PRIVATE_WINSYS_CALL name=resource-create capture_id=37 return_hook=1 x0=0x0000000c5cc48b10 x1=0x000000016fdfd9a8 x2=0x0000000000000068 x3=0x0000000000000001 x4=0x0000000000020020 x5=0x000000016fdfd9a8
Selector 9, 3D03, 3D03
AGX_CALL selector=9 scalar_in=0 struct_in=104 scalar_out_capacity=0 struct_out_capacity=88
3D03: call 9 (out 0x16fdfd770, 88), struct:
000000  00 00 00 00 00 00 00 00 01 00 01 00 01 00 00 00  | ................
000010  01 01 00 01 70 04 00 00 00 00 00 00 00 00 00 00  | ....p...........
000020  00 00 00 00 00 00 00 00 00 00 00 00 00 00 00 00  | ................
000030  01 00 00 00 00 00 00 00 00 00 00 00 00 00 00 00  | ................
000040  00 00 00 00 00 00 00 00 00 00 02 00 00 00 00 00  | ................
000050  00 00 00 00 00 00 00 00 00 00 00 00 00 00 00 00  | ................
000060  C8 0A 0B 0E 01 00 00 00 
AGX_RESULT selector=9 status=0 scalar_out=0 struct_out=88
MODERN_ALLOCATE_MEM handle=19 gpu=10000058000 cpu=104af8000 size=20000 attributes=0 storage=0x470 write_combined=0 private=0 reused=0
MODERN_ALLOCATE_REQUEST size_units_candidate=2
MODERN_ALLOCATE_REQUEST bytes=000000000000000001000100010000000101000170040000000000000000000000000000000000000000000000000000010000000000000000000000000000000000000000000000000002000000000000000000000000000000000000000000c80a0b0e01000000
AO46_AGX_PRIVATE_WINSYS_RETURN capture_id=37 name=resource-create storage=0x0000000c5cc48b10 x0=0x0000000c5cc08dd0 x1=0x000000016fdfd768
AO46_AGX_PRIVATE_WINSYS_CALL name=resource-gpu-address capture_id=38 return_hook=1 x0=0x0000000c5cc08dd0 x1=0x0000000c5cc08dd0 x2=0x0000000000000000 x3=0x0000000c5cc08e48 x4=0x00000001000a7c3f x5=0x000000016fdfd200
AO46_AGX_PRIVATE_WINSYS_RETURN capture_id=38 name=resource-gpu-address storage=0x0000000c5cc08dd0 x0=0x0000010000058000 x1=0x0000000c5cc08dd0
AO46_AGX_PRIVATE_WINSYS_RESOURCE_CREATE_RECORD address=0x000000016fdfdc98 bytes=8000000000000000010001000100000001010001300c000000000000000000000000000000000000000000000000000000000000000000000080af04010000000080af0401000000000002000000000013000000000000000000000018000000c80a0b0e01000000
AO46_AGX_PRIVATE_WINSYS_CALL name=resource-create capture_id=39 return_hook=1 x0=0x0000000c5cc48b10 x1=0x000000016fdfdc98 x2=0x0000000000000068 x3=0x0000000000000001 x4=0x0000000000020020 x5=0x000000016fdfdc98
Selector 9, 3D03, 3D03
AGX_CALL selector=9 scalar_in=0 struct_in=104 scalar_out_capacity=0 struct_out_capacity=88
3D03: call 9 (out 0x16fdfdaa0, 88), struct:
000000  80 00 00 00 00 00 00 00 01 00 01 00 01 00 00 00  | €...............
000010  01 01 00 01 30 0C 00 00 00 00 00 00 00 00 00 00  | ....0...........
000020  00 00 00 00 00 00 00 00 00 00 00 00 00 00 00 00  | ................
000030  00 00 00 00 00 00 00 00 00 80 AF 04 01 00 00 00  | .........€......
000040  00 80 AF 04 01 00 00 00 00 00 02 00 00 00 00 00  | .€..............
000050  13 00 00 00 00 00 00 00 00 00 00 00 18 00 00 00  | ................
000060  C8 0A 0B 0E 01 00 00 00 
AGX_RESULT selector=9 status=0 scalar_out=0 struct_out=88
MODERN_ALLOCATE_MEM handle=20 gpu=10000058000 cpu=0 size=20000 attributes=80 storage=0xc30 write_combined=0 private=0 reused=0
MODERN_ALLOCATE_REQUEST size_units_candidate=2
MODERN_ALLOCATE_REQUEST bytes=8000000000000000010001000100000001010001300c000000000000000000000000000000000000000000000000000000000000000000000080af04010000000080af0401000000000002000000000013000000000000000000000018000000c80a0b0e01000000
AO46_AGX_PRIVATE_WINSYS_RETURN capture_id=39 name=resource-create storage=0x0000000c5cc48b10 x0=0x0000000c5cc08e70 x1=0x000000016fdfda98
AO46_AGX_PRIVATE_WINSYS_CALL name=resource-gpu-address capture_id=40 return_hook=1 x0=0x0000000c5cc08e70 x1=0x0000000c5cc08e70 x2=0x0000000000000000 x3=0x0000000c5cc08ee8 x4=0x00000001000a7c3f x5=0x000000016fdfd530
AO46_AGX_PRIVATE_WINSYS_RETURN capture_id=40 name=resource-gpu-address storage=0x0000000c5cc08e70 x0=0x0000010000058000 x1=0x0000000c5cc08e70
AO46_AGX_PRIVATE_WINSYS_RESOURCE_CREATE_RECORD address=0x000000016fdfe148 bytes=8000000000000000010001000100000001010001300c0000000000000000000000000000000000000000000000000000000000000000000000c5ab04010000000080ab0401000000000002000000000003000000000000000000000000000000c80a0b0e01000000
AO46_AGX_PRIVATE_WINSYS_CALL name=resource-create capture_id=41 return_hook=1 x0=0x0000000c5cc48b10 x1=0x000000016fdfe148 x2=0x0000000000000068 x3=0x0000000000000001 x4=0x0000000000000000 x5=0x000000016fdfe148
Selector 9, 3D03, 3D03
AGX_CALL selector=9 scalar_in=0 struct_in=104 scalar_out_capacity=0 struct_out_capacity=88
3D03: call 9 (out 0x16fdfdf70, 88), struct:
000000  80 00 00 00 00 00 00 00 01 00 01 00 01 00 00 00  | €...............
000010  01 01 00 01 30 0C 00 00 00 00 00 00 00 00 00 00  | ....0...........
000020  00 00 00 00 00 00 00 00 00 00 00 00 00 00 00 00  | ................
000030  00 00 00 00 00 00 00 00 00 C5 AB 04 01 00 00 00  | ................
000040  00 80 AB 04 01 00 00 00 00 00 02 00 00 00 00 00  | .€..............
000050  03 00 00 00 00 00 00 00 00 00 00 00 00 00 00 00  | ................
000060  C8 0A 0B 0E 01 00 00 00 
AGX_RESULT selector=9 status=0 scalar_out=0 struct_out=88
MODERN_ALLOCATE_MEM handle=21 gpu=1000001c500 cpu=0 size=1bb00 attributes=80 storage=0xc30 write_combined=0 private=0 reused=0
MODERN_ALLOCATE_REQUEST size_units_candidate=2
MODERN_ALLOCATE_REQUEST bytes=8000000000000000010001000100000001010001300c0000000000000000000000000000000000000000000000000000000000000000000000c5ab04010000000080ab0401000000000002000000000003000000000000000000000000000000c80a0b0e01000000
AO46_AGX_PRIVATE_WINSYS_RETURN capture_id=41 name=resource-create storage=0x0000000c5cc48b10 x0=0x0000000c5cc08f10 x1=0x000000016fdfdf68
AO46_AGX_PRIVATE_WINSYS_CALL name=resource-gpu-address capture_id=42 return_hook=1 x0=0x0000000c5cc08f10 x1=0x0000000c5cc08f10 x2=0x0000000000000000 x3=0x0000000c5cc08f88 x4=0x00000001000a7c3f x5=0x000000016fdfda00
AO46_AGX_PRIVATE_WINSYS_RETURN capture_id=42 name=resource-gpu-address storage=0x0000000c5cc08f10 x0=0x000001000001c500 x1=0x0000000c5cc08f10
AO46_AGX_PRIVATE_WINSYS_RESOURCE_CREATE_RECORD address=0x000000016fdfe148 bytes=8000000000000000010001000100000001010001300c0000000000000000000000000000000000000000000000000000000000000000000000d5ab04010000000080ab040100000000000200000000000300000000000000000000000000000058807bef01000000
AO46_AGX_PRIVATE_WINSYS_CALL name=resource-create capture_id=43 return_hook=1 x0=0x0000000c5cc48b10 x1=0x000000016fdfe148 x2=0x0000000000000068 x3=0x0000000000000001 x4=0x0000000000000000 x5=0x000000016fdfe148
Selector 9, 3D03, 3D03
AGX_CALL selector=9 scalar_in=0 struct_in=104 scalar_out_capacity=0 struct_out_capacity=88
3D03: call 9 (out 0x16fdfdf70, 88), struct:
000000  80 00 00 00 00 00 00 00 01 00 01 00 01 00 00 00  | €...............
000010  01 01 00 01 30 0C 00 00 00 00 00 00 00 00 00 00  | ....0...........
000020  00 00 00 00 00 00 00 00 00 00 00 00 00 00 00 00  | ................
000030  00 00 00 00 00 00 00 00 00 D5 AB 04 01 00 00 00  | ................
000040  00 80 AB 04 01 00 00 00 00 00 02 00 00 00 00 00  | .€..............
000050  03 00 00 00 00 00 00 00 00 00 00 00 00 00 00 00  | ................
000060  58 80 7B EF 01 00 00 00 
AGX_RESULT selector=9 status=0 scalar_out=0 struct_out=88
MODERN_ALLOCATE_MEM handle=22 gpu=1000001d500 cpu=0 size=1ab00 attributes=80 storage=0xc30 write_combined=0 private=0 reused=0
MODERN_ALLOCATE_REQUEST size_units_candidate=2
MODERN_ALLOCATE_REQUEST bytes=8000000000000000010001000100000001010001300c0000000000000000000000000000000000000000000000000000000000000000000000d5ab04010000000080ab040100000000000200000000000300000000000000000000000000000058807bef01000000
AO46_AGX_PRIVATE_WINSYS_RETURN capture_id=43 name=resource-create storage=0x0000000c5cc48b10 x0=0x0000000c5cc08fb0 x1=0x000000016fdfdf68
AO46_AGX_PRIVATE_WINSYS_CALL name=resource-gpu-address capture_id=44 return_hook=1 x0=0x0000000c5cc08fb0 x1=0x0000000c5cc08fb0 x2=0x0000000000000000 x3=0x0000000c5cc09028 x4=0x00000001000a7c3f x5=0x000000016fdfda00
AO46_AGX_PRIVATE_WINSYS_RETURN capture_id=44 name=resource-gpu-address storage=0x0000000c5cc08fb0 x0=0x000001000001d500 x1=0x0000000c5cc08fb0
AO46_AGX_BUFFER_BINDING public-resource name=source object=0xc5cd28e00 resource_ref=0xc5cc08f10 resource_ref_plus_0x40=0xc5cc08f50 buffer_plus_0x40=0xc5cd28e40 gpu_va=0x1000001c500 bytes=4096
AO46_AGX_BUFFER_BINDING public-resource name=destination object=0xc5cd28fc0 resource_ref=0xc5cc08fb0 resource_ref_plus_0x40=0xc5cc08ff0 buffer_plus_0x40=0xc5cd29000 gpu_va=0x1000001d500 bytes=4096
AO46_AGX_PRIVATE_WINSYS_CALL name=command-buffer-init capture_id=45 return_hook=1 x0=0x0000000100623bf0 x1=0x00000001fe1359a8 x2=0x000000010061a8b0 x3=0x0000000000000001 x4=0x0000000000000000 x5=0x0000000040000001
Selector 6, 3D03, 3D03
AGX_CALL selector=6 scalar_in=0 struct_in=0 scalar_out_capacity=0 struct_out_capacity=16
3D03: call 6 (out 0x16fdfe068, 16)
AGX_RESULT selector=6 status=0 scalar_out=0 struct_out=16
AO46_AGX_PRIVATE_WINSYS_CALL name=storage-pool-create capture_id=46 return_hook=1 x0=0x0000000c5ccac0c0 x1=0x00000007dfd09965 x2=0x0000000000000001 x3=0x0000000000000103 x4=0x000000018376f757 x5=0x000000016fdfdb40
AO46_AGX_PRIVATE_WINSYS_STORAGE_CREATE_PARAMS address=0x0000000100615f60 bytes=c002025d0c0000008002025d0c0000000003025d0c0000000049ca5c0c0000002c000000000000002084c85c0c0000000080c85c0c0000004003025d0c000000
AO46_AGX_PRIVATE_WINSYS_CALL name=command-storage-create capture_id=47 return_hook=1 x0=0x0000000100615c80 x1=0x0000000100615f60 x2=0x00000007dfd09965 x3=0x0000000000000001 x4=0x000000018376f757 x5=0x000000016fdfdb40
Selector 14, 3D03, 3D03
AGX_CALL selector=14 scalar_in=2 struct_in=0 scalar_out_capacity=0 struct_out_capacity=16
3D03: call E (out 0x16fdfdf30, 16) 4000 0
AGX_RESULT selector=14 status=0 scalar_out=0 struct_out=16
Selector 14, 3D03, 3D03
AGX_CALL selector=14 scalar_in=2 struct_in=0 scalar_out_capacity=0 struct_out_capacity=16
3D03: call E (out 0x16fdfdf30, 16) 4000 1
AGX_RESULT selector=14 status=0 scalar_out=0 struct_out=16
AO46_AGX_PRIVATE_WINSYS_CALL name=begin-kernel-commands capture_id=48 return_hook=1 x0=0x000000010062b8b0 x1=0x0000000104b1c000 x2=0xffffffffffffffec x3=0x0000000104b1c06c x4=0x0000000104b1c080 x5=0x000000016fdfda50
AO46_AGX_PRIVATE_WINSYS_RETURN capture_id=48 name=begin-kernel-commands storage=0x000000010062b8b0 x0=0x000000010062b8b0 x1=0x0000000104b1c000
AO46_AGX_PRIVATE_WINSYS_RETURN capture_id=47 name=command-storage-create storage=0x0000000100615c80 x0=0x000000010062b8b0 x1=0x0000000104b1c000
AO46_AGX_PRIVATE_WINSYS_RETURN capture_id=46 name=storage-pool-create storage=0x0000000c5ccac0c0 x0=0x000000010062b8b0 x1=0x0000000104b1c000
AO46_AGX_PRIVATE_WINSYS_RETURN capture_id=45 name=command-buffer-init storage=0x0000000100623bf0 x0=0x0000000100623bf0 x1=0x0000000104b1c000
AO46_AGX_PRIVATE_WINSYS_SEGMENT_POINTER storage=0x000000010062b8b0 pointer=0x0000000104b1c0ac kernel_base=0x0000000104b1c000 kernel_delta=0xac
AO46_AGX_PRIVATE_WINSYS_CALL name=begin-segment capture_id=49 return_hook=1 x0=0x000000010062b8b0 x1=0x0000000104b1c0ac x2=0x0000000000000000 x3=0x0000000c5cd28e00 x4=0x000001000001c500 x5=0x0000000000001000
AO46_AGX_PRIVATE_WINSYS_CALL name=resource-list-reset capture_id=0 return_hook=0 x0=0x000000010062b940 x1=0x0000000104b18048 x2=0x0000000000003fb8 x3=0x0000000000000001 x4=0x000001000001c500 x5=0x0000000000001000
AO46_AGX_PRIVATE_WINSYS_RETURN capture_id=49 name=begin-segment storage=0x000000010062b8b0 x0=0x0000000478400300 x1=0x0000000000000000
AO46_AGX_PRIVATE_WINSYS_SLOT phase=before storage=0x000000010062b8b0 index=0x0000000000000000 count=44 slots=0x0000000c5cca4900 records=0x0000000c5ccb5800 slot_descriptor=0x000000010061ca60 record=0x0000000c5ccb5800 slot_descriptor_bytes=812cd2ef01000001000000000000000068ca610001000000000000000000000078ca6100010000000000000000000000082cd2ef01000000805c610001000000d0ca610001000000680000000000000000366e010000000000000000000000000000000000000000 record_bytes=00000000000000000000000000000000000000000000000000000000000000000000000000000000000000000000000000000000000000000000000000000000
AO46_AGX_PRIVATE_WINSYS_CALL name=alloc-resource-at-index capture_id=50 return_hook=1 x0=0x000000010062b8b0 x1=0x0000000000000000 x2=0x0000000000000001 x3=0x00000004784003c0 x4=0x0000000478400380 x5=0x0000000000001000
AO46_AGX_PRIVATE_WINSYS_CALL name=resource-pool-create-pooled-resource capture_id=51 return_hook=1 x0=0x000000010061ca60 x1=0x000000016fdfdd6f x2=0x0000000000000001 x3=0x00000004784003c0 x4=0x0000000478400380 x5=0x0000000000001000
AO46_AGX_PRIVATE_WINSYS_RESOURCE_CREATE_RECORD address=0x000000010061cad0 bytes=000000000000000000800100010000000101000130c400000000000000000000000000000000000000000000000000000000000000000000000000000000000000000000000000000080000000000000000000000000000000000038000000000000000000000000
AO46_AGX_PRIVATE_WINSYS_CALL name=resource-create capture_id=52 return_hook=1 x0=0x0000000c5cc48b10 x1=0x000000010061cad0 x2=0x0000000000000068 x3=0x0000000000000001 x4=0x0000000000000000 x5=0x000000010061cad0
Selector 9, 3D03, 3D03
AGX_CALL selector=9 scalar_in=0 struct_in=104 scalar_out_capacity=0 struct_out_capacity=88
3D03: call 9 (out 0x16fdfdc70, 88), struct:
000000  00 00 00 00 00 00 00 00 00 80 01 00 01 00 00 00  | .........€......
000010  01 01 00 01 30 C4 00 00 00 00 00 00 00 00 00 00  | ....0...........
000020  00 00 00 00 00 00 00 00 00 00 00 00 00 00 00 00  | ................
*
000040  00 00 00 00 00 00 00 00 00 80 00 00 00 00 00 00  | .........€......
000050  00 00 00 00 00 00 00 00 00 00 00 38 00 00 00 00  | ...........8....
000060  00 00 00 00 00 00 00 00 
AGX_RESULT selector=9 status=0 scalar_out=0 struct_out=88
MODERN_ALLOCATE_MEM handle=23 gpu=18000 cpu=104b20000 size=8000 attributes=0 storage=0xc430 write_combined=0 private=0 reused=0
MODERN_ALLOCATE_REQUEST size_units_candidate=0
MODERN_ALLOCATE_REQUEST bytes=000000000000000000800100010000000101000130c400000000000000000000000000000000000000000000000000000000000000000000000000000000000000000000000000000080000000000000000000000000000000000038000000000000000000000000
AO46_AGX_PRIVATE_WINSYS_RETURN capture_id=52 name=resource-create storage=0x0000000c5cc48b10 x0=0x0000000c5cc09050 x1=0x000000016fdfdc68
AO46_AGX_PRIVATE_WINSYS_CALL name=resource-gpu-address capture_id=53 return_hook=1 x0=0x0000000c5cc09050 x1=0x0000000c5cc09050 x2=0x0000000000000000 x3=0x0000000c5cc090c8 x4=0x00000001000a7c3f x5=0x000000016fdfd700
AO46_AGX_PRIVATE_WINSYS_RETURN capture_id=53 name=resource-gpu-address storage=0x0000000c5cc09050 x0=0x0000000000018000 x1=0x0000000c5cc09050
AO46_AGX_PRIVATE_WINSYS_RETURN capture_id=51 name=resource-pool-create-pooled-resource storage=0x000000010061ca60 x0=0x0000000c5d114000 x1=0x0000000000000103
AO46_AGX_PRIVATE_WINSYS_RETURN capture_id=50 name=alloc-resource-at-index storage=0x000000010062b8b0 x0=0x0000000000000000 x1=0x0000000000000103
AO46_AGX_PRIVATE_WINSYS_SLOT phase=after storage=0x000000010062b8b0 index=0x0000000000000000 count=44 records=0x0000000c5ccb5800 record=0x0000000c5ccb5800 record_resource=0x0000000c5d114000 record_bytes=00800100000000000000b204010000000080b204010000000000b204010000000040115d0c000000000000000000000000800000000000001700000000000000
AO46_AGX_PRIVATE_WINSYS_RESOURCE_LIST_BINDING list=0x000000010062b940 binding=0x0000000c5d114040
AO46_AGX_PRIVATE_WINSYS_CALL name=resource-list-add-resource capture_id=0 return_hook=0 x0=0x000000010062b940 x1=0x0000000c5d114040 x2=0x0000000000000001 x3=0x0000000000000103 x4=0x0000000c5cd25480 x5=0x0000000000000400
AO46_AGX_PRIVATE_WINSYS_SLOT phase=before storage=0x000000010062b8b0 index=0x0000000000000003 count=44 slots=0x0000000c5cca4900 records=0x0000000c5ccb5800 slot_descriptor=0x000000010060fc00 record=0x0000000c5ccb58c0 slot_descriptor_bytes=812cd2ef01000001000000000000000008fc600001000000000000000000000018fc6000010000000000000000000000082cd2ef01000000805c61000100000070fc600001000000680000000000000000366e010000000000000000000000000000000000000000 record_bytes=00000000000000000000000000000000000000000000000000000000000000000000000000000000000000000000000000000000000000000000000000000000
AO46_AGX_PRIVATE_WINSYS_CALL name=alloc-resource-at-index capture_id=54 return_hook=1 x0=0x000000010062b8b0 x1=0x0000000000000003 x2=0x0000000000000001 x3=0x0000000000000000 x4=0x0000000c5cd25480 x5=0x0000000000000400
AO46_AGX_PRIVATE_WINSYS_CALL name=resource-pool-create-pooled-resource capture_id=55 return_hook=1 x0=0x000000010060fc00 x1=0x000000016fdfdd6f x2=0x0000000000000001 x3=0x0000000000000000 x4=0x0000000c5cd25480 x5=0x0000000000000400
AO46_AGX_PRIVATE_WINSYS_RESOURCE_CREATE_RECORD address=0x000000010060fc70 bytes=0000000000000000008001000100000001010001304400000000000000000000000000000000000000000000000000000000000000000000000000000000000000000000000000000080000000000000000000000000000000000008480000000000000000000000
AO46_AGX_PRIVATE_WINSYS_CALL name=resource-create capture_id=56 return_hook=1 x0=0x0000000c5cc48b10 x1=0x000000010060fc70 x2=0x0000000000000068 x3=0xfffff0007fc00000 x4=0x0000000c5cc90180 x5=0x0000000000000001
Selector 9, 3D03, 3D03
AGX_CALL selector=9 scalar_in=0 struct_in=104 scalar_out_capacity=0 struct_out_capacity=88
3D03: call 9 (out 0x16fdfdc70, 88), struct:
000000  00 00 00 00 00 00 00 00 00 80 01 00 01 00 00 00  | .........€......
000010  01 01 00 01 30 44 00 00 00 00 00 00 00 00 00 00  | ....0D..........
000020  00 00 00 00 00 00 00 00 00 00 00 00 00 00 00 00  | ................
*
000040  00 00 00 00 00 00 00 00 00 80 00 00 00 00 00 00  | .........€......
000050  00 00 00 00 00 00 00 00 00 00 00 08 48 00 00 00  | ............H...
000060  00 00 00 00 00 00 00 00 
AGX_RESULT selector=9 status=0 scalar_out=0 struct_out=88
MODERN_ALLOCATE_MEM handle=24 gpu=10000080000 cpu=104b28000 size=8000 attributes=0 storage=0x4430 write_combined=0 private=0 reused=0
MODERN_ALLOCATE_REQUEST size_units_candidate=0
MODERN_ALLOCATE_REQUEST bytes=0000000000000000008001000100000001010001304400000000000000000000000000000000000000000000000000000000000000000000000000000000000000000000000000000080000000000000000000000000000000000008480000000000000000000000
AO46_AGX_PRIVATE_WINSYS_RETURN capture_id=56 name=resource-create storage=0x0000000c5cc48b10 x0=0x0000000c5cc090f0 x1=0x000000016fdfdc68
AO46_AGX_PRIVATE_WINSYS_CALL name=resource-gpu-address capture_id=57 return_hook=1 x0=0x0000000c5cc090f0 x1=0x0000000c5cc090f0 x2=0x0000000000000000 x3=0x0000000c5cc09168 x4=0x00000001000a7c3f x5=0x000000016fdfd700
AO46_AGX_PRIVATE_WINSYS_RETURN capture_id=57 name=resource-gpu-address storage=0x0000000c5cc090f0 x0=0x0000010000080000 x1=0x0000000c5cc090f0
AO46_AGX_PRIVATE_WINSYS_RETURN capture_id=55 name=resource-pool-create-pooled-resource storage=0x000000010060fc00 x0=0x0000000c5d114180 x1=0x0000000000000103
AO46_AGX_PRIVATE_WINSYS_RETURN capture_id=54 name=alloc-resource-at-index storage=0x000000010062b8b0 x0=0x0000000000000000 x1=0x0000000000000103
AO46_AGX_PRIVATE_WINSYS_SLOT phase=after storage=0x000000010062b8b0 index=0x0000000000000003 count=44 records=0x0000000c5ccb5800 record=0x0000000c5ccb58c0 record_resource=0x0000000c5d114180 record_bytes=00000800000100000080b204010000000000b304010000000080b204010000008041115d0c000000000000000000000000800000000000001800000000000000
AO46_AGX_PRIVATE_WINSYS_RESOURCE_LIST_BINDING list=0x000000010062b940 binding=0x0000000c5d1141c0
AO46_AGX_PRIVATE_WINSYS_CALL name=resource-list-add-resource capture_id=0 return_hook=0 x0=0x000000010062b940 x1=0x0000000c5d1141c0 x2=0x0000000000000001 x3=0x0000000000000103 x4=0x00000001000a7c3f x5=0x000000016fdfd700
AO46_AGX_PRIVATE_WINSYS_SLOT phase=before storage=0x000000010062b8b0 index=0x0000000000000004 count=44 slots=0x0000000c5cca4900 records=0x0000000c5ccb5800 slot_descriptor=0x000000010060fce0 record=0x0000000c5ccb5900 slot_descriptor_bytes=812cd2ef010000010000000000000000e8fc6000010000000000000000000000f8fc6000010000000000000000000000082cd2ef01000000805c61000100000050fd600001000000680000000000000000366e010000000000000000000000000000000000000000 record_bytes=00000000000000000000000000000000000000000000000000000000000000000000000000000000000000000000000000000000000000000000000000000000
AO46_AGX_PRIVATE_WINSYS_CALL name=alloc-resource-at-index capture_id=58 return_hook=1 x0=0x000000010062b8b0 x1=0x0000000000000004 x2=0x0000000000000004 x3=0x0000000000000000 x4=0x00000001000a7c3f x5=0x000000016fdfd700
AO46_AGX_PRIVATE_WINSYS_CALL name=resource-pool-create-pooled-resource capture_id=59 return_hook=1 x0=0x000000010060fce0 x1=0x000000016fdfdd6f x2=0x0000000000000004 x3=0x0000000000000000 x4=0x00000001000a7c3f x5=0x000000016fdfd700
AO46_AGX_PRIVATE_WINSYS_RESOURCE_CREATE_RECORD address=0x000000010060fd50 bytes=0000000000000000008001000100000001010001304400000000000000000000000000000000000000000000000000000000000000000000000000000000000000000000000000000080000000000000000000000000000000000008000000000000000000000000
AO46_AGX_PRIVATE_WINSYS_CALL name=resource-create capture_id=60 return_hook=1 x0=0x0000000c5cc48b10 x1=0x000000010060fd50 x2=0x0000000000000068 x3=0x0000000000000001 x4=0x0000000000000000 x5=0x000000010060fd50
Selector 9, 3D03, 3D03
AGX_CALL selector=9 scalar_in=0 struct_in=104 scalar_out_capacity=0 struct_out_capacity=88
3D03: call 9 (out 0x16fdfdc70, 88), struct:
000000  00 00 00 00 00 00 00 00 00 80 01 00 01 00 00 00  | .........€......
000010  01 01 00 01 30 44 00 00 00 00 00 00 00 00 00 00  | ....0D..........
000020  00 00 00 00 00 00 00 00 00 00 00 00 00 00 00 00  | ................
*
000040  00 00 00 00 00 00 00 00 00 80 00 00 00 00 00 00  | .........€......
000050  00 00 00 00 00 00 00 00 00 00 00 08 00 00 00 00  | ................
000060  00 00 00 00 00 00 00 00 
AGX_RESULT selector=9 status=0 scalar_out=0 struct_out=88
MODERN_ALLOCATE_MEM handle=25 gpu=10000090000 cpu=104b30000 size=8000 attributes=0 storage=0x4430 write_combined=0 private=0 reused=0
MODERN_ALLOCATE_REQUEST size_units_candidate=0
MODERN_ALLOCATE_REQUEST bytes=0000000000000000008001000100000001010001304400000000000000000000000000000000000000000000000000000000000000000000000000000000000000000000000000000080000000000000000000000000000000000008000000000000000000000000
AO46_AGX_PRIVATE_WINSYS_RETURN capture_id=60 name=resource-create storage=0x0000000c5cc48b10 x0=0x0000000c5cc09190 x1=0x000000016fdfdc68
AO46_AGX_PRIVATE_WINSYS_CALL name=resource-gpu-address capture_id=61 return_hook=1 x0=0x0000000c5cc09190 x1=0x0000000c5cc09190 x2=0x0000000000000000 x3=0x0000000c5cc09208 x4=0x00000001000a7c3f x5=0x000000016fdfd700
AO46_AGX_PRIVATE_WINSYS_RETURN capture_id=61 name=resource-gpu-address storage=0x0000000c5cc09190 x0=0x0000010000090000 x1=0x0000000c5cc09190
AO46_AGX_PRIVATE_WINSYS_RETURN capture_id=59 name=resource-pool-create-pooled-resource storage=0x000000010060fce0 x0=0x0000000c5d114300 x1=0x0000000000000103
AO46_AGX_PRIVATE_WINSYS_RETURN capture_id=58 name=alloc-resource-at-index storage=0x000000010062b8b0 x0=0x0000000000000000 x1=0x0000000000000103
AO46_AGX_PRIVATE_WINSYS_SLOT phase=after storage=0x000000010062b8b0 index=0x0000000000000004 count=44 records=0x0000000c5ccb5800 record=0x0000000c5ccb5900 record_resource=0x0000000c5d114300 record_bytes=00000900000100000000b304010000000080b304010000000000b304010000000043115d0c000000000000000000000000800000000000001900000000000000
AO46_AGX_PRIVATE_WINSYS_RESOURCE_LIST_BINDING list=0x000000010062b940 binding=0x0000000c5d114340
AO46_AGX_PRIVATE_WINSYS_CALL name=resource-list-add-resource capture_id=0 return_hook=0 x0=0x000000010062b940 x1=0x0000000c5d114340 x2=0x0000000000000004 x3=0x0000000000000103 x4=0x00000001000a7c3f x5=0x000000016fdfd700
AO46_AGX_PRIVATE_WINSYS_SLOT phase=before storage=0x000000010062b8b0 index=0x0000000000000005 count=44 slots=0x0000000c5cca4900 records=0x0000000c5ccb5800 slot_descriptor=0x000000010060fdc0 record=0x0000000c5ccb5940 slot_descriptor_bytes=812cd2ef010000010000000000000000c8fd6000010000000000000000000000d8fd6000010000000000000000000000082cd2ef01000000805c610001000000b0ad610001000000680000000000000000366e010000000000000000000000000000000000000000 record_bytes=00000000000000000000000000000000000000000000000000000000000000000000000000000000000000000000000000000000000000000000000000000000
AO46_AGX_PRIVATE_WINSYS_CALL name=alloc-resource-at-index capture_id=62 return_hook=1 x0=0x000000010062b8b0 x1=0x0000000000000005 x2=0x0000000000000001 x3=0x0000000000000000 x4=0x00000001000a7c3f x5=0x000000016fdfd700
AO46_AGX_PRIVATE_WINSYS_CALL name=resource-pool-create-pooled-resource capture_id=63 return_hook=1 x0=0x000000010060fdc0 x1=0x000000016fdfdd6f x2=0x0000000000000001 x3=0x0000000000000000 x4=0x00000001000a7c3f x5=0x000000016fdfd700
AO46_AGX_PRIVATE_WINSYS_RESOURCE_CREATE_RECORD address=0x000000010061adb0 bytes=0000000000000000008001000100000001010001304400000000000000000000000000000000000000000000000000000000000000000000000000000000000000000000000000000080000000000000000000000000000000000018000000000000000000000000
AO46_AGX_PRIVATE_WINSYS_CALL name=resource-create capture_id=64 return_hook=1 x0=0x0000000c5cc48b10 x1=0x000000010061adb0 x2=0x0000000000000068 x3=0x0000000000000001 x4=0x0000000000000000 x5=0x000000010061adb0
Selector 9, 3D03, 3D03
AGX_CALL selector=9 scalar_in=0 struct_in=104 scalar_out_capacity=0 struct_out_capacity=88
3D03: call 9 (out 0x16fdfdc70, 88), struct:
000000  00 00 00 00 00 00 00 00 00 80 01 00 01 00 00 00  | .........€......
000010  01 01 00 01 30 44 00 00 00 00 00 00 00 00 00 00  | ....0D..........
000020  00 00 00 00 00 00 00 00 00 00 00 00 00 00 00 00  | ................
*
000040  00 00 00 00 00 00 00 00 00 80 00 00 00 00 00 00  | .........€......
000050  00 00 00 00 00 00 00 00 00 00 00 18 00 00 00 00  | ................
000060  00 00 00 00 00 00 00 00 
AGX_RESULT selector=9 status=0 scalar_out=0 struct_out=88
MODERN_ALLOCATE_MEM handle=26 gpu=100000a0000 cpu=104b38000 size=8000 attributes=0 storage=0x4430 write_combined=0 private=0 reused=0
MODERN_ALLOCATE_REQUEST size_units_candidate=0
MODERN_ALLOCATE_REQUEST bytes=0000000000000000008001000100000001010001304400000000000000000000000000000000000000000000000000000000000000000000000000000000000000000000000000000080000000000000000000000000000000000018000000000000000000000000
AO46_AGX_PRIVATE_WINSYS_RETURN capture_id=64 name=resource-create storage=0x0000000c5cc48b10 x0=0x0000000c5cc09230 x1=0x000000016fdfdc68
AO46_AGX_PRIVATE_WINSYS_CALL name=resource-gpu-address capture_id=65 return_hook=1 x0=0x0000000c5cc09230 x1=0x0000000c5cc09230 x2=0x0000000000000000 x3=0x0000000c5cc092a8 x4=0x00000001000a7c3f x5=0x000000016fdfd700
AO46_AGX_PRIVATE_WINSYS_RETURN capture_id=65 name=resource-gpu-address storage=0x0000000c5cc09230 x0=0x00000100000a0000 x1=0x0000000c5cc09230
AO46_AGX_PRIVATE_WINSYS_RETURN capture_id=63 name=resource-pool-create-pooled-resource storage=0x000000010060fdc0 x0=0x0000000c5d114480 x1=0x0000000000000103
AO46_AGX_PRIVATE_WINSYS_RETURN capture_id=62 name=alloc-resource-at-index storage=0x000000010062b8b0 x0=0x0000000000000000 x1=0x0000000000000103
AO46_AGX_PRIVATE_WINSYS_SLOT phase=after storage=0x000000010062b8b0 index=0x0000000000000005 count=44 records=0x0000000c5ccb5800 record=0x0000000c5ccb5940 record_resource=0x0000000c5d114480 record_bytes=00000a00000100000080b304010000000000b404010000000080b304010000008044115d0c000000000000000000000000800000000000001a00000000000000
AO46_AGX_PRIVATE_WINSYS_RESOURCE_LIST_BINDING list=0x000000010062b940 binding=0x0000000c5d1144c0
AO46_AGX_PRIVATE_WINSYS_CALL name=resource-list-add-resource capture_id=0 return_hook=0 x0=0x000000010062b940 x1=0x0000000c5d1144c0 x2=0x0000000000000001 x3=0x0000000000000103 x4=0x0000000c5cd9c080 x5=0x0000000000000001
AO46_AGX_PRIVATE_WINSYS_SLOT phase=before storage=0x000000010062b8b0 index=0x0000000000000006 count=44 slots=0x0000000c5cca4900 records=0x0000000c5ccb5800 slot_descriptor=0x000000010061ae20 record=0x0000000c5ccb5980 slot_descriptor_bytes=812cd2ef01000001000000000000000028ae610001000000000000000000000038ae6100010000000000000000000000082cd2ef01000000805c61000100000090ae610001000000680000000000000000366e010000000000000000000000000000000000000000 record_bytes=00000000000000000000000000000000000000000000000000000000000000000000000000000000000000000000000000000000000000000000000000000000
AO46_AGX_PRIVATE_WINSYS_CALL name=alloc-resource-at-index capture_id=66 return_hook=1 x0=0x000000010062b8b0 x1=0x0000000000000006 x2=0x0000000000000004 x3=0x0000000000000000 x4=0x0000000c5cd9c080 x5=0x0000000000000001
AO46_AGX_PRIVATE_WINSYS_CALL name=resource-pool-create-pooled-resource capture_id=67 return_hook=1 x0=0x000000010061ae20 x1=0x000000016fdfdd6f x2=0x0000000000000004 x3=0x0000000000000000 x4=0x0000000c5cd9c080 x5=0x0000000000000001
AO46_AGX_PRIVATE_WINSYS_RESOURCE_CREATE_RECORD address=0x000000010061ae90 bytes=0000000000000000008001000100000001010001304400000000000000000000000000000000000000000000000000000000000000000000000000000000000000000000000000000080000000000000000000000000000000000018000000000000000000000000
AO46_AGX_PRIVATE_WINSYS_CALL name=resource-create capture_id=68 return_hook=1 x0=0x0000000c5cc48b10 x1=0x000000010061ae90 x2=0x0000000000000068 x3=0x0000000000000001 x4=0x0000000000000000 x5=0x000000010061ae90
Selector 9, 3D03, 3D03
AGX_CALL selector=9 scalar_in=0 struct_in=104 scalar_out_capacity=0 struct_out_capacity=88
3D03: call 9 (out 0x16fdfdc70, 88), struct:
000000  00 00 00 00 00 00 00 00 00 80 01 00 01 00 00 00  | .........€......
000010  01 01 00 01 30 44 00 00 00 00 00 00 00 00 00 00  | ....0D..........
000020  00 00 00 00 00 00 00 00 00 00 00 00 00 00 00 00  | ................
*
000040  00 00 00 00 00 00 00 00 00 80 00 00 00 00 00 00  | .........€......
000050  00 00 00 00 00 00 00 00 00 00 00 18 00 00 00 00  | ................
000060  00 00 00 00 00 00 00 00 
AGX_RESULT selector=9 status=0 scalar_out=0 struct_out=88
MODERN_ALLOCATE_MEM handle=27 gpu=100000b0000 cpu=104b40000 size=8000 attributes=0 storage=0x4430 write_combined=0 private=0 reused=0
MODERN_ALLOCATE_REQUEST size_units_candidate=0
MODERN_ALLOCATE_REQUEST bytes=0000000000000000008001000100000001010001304400000000000000000000000000000000000000000000000000000000000000000000000000000000000000000000000000000080000000000000000000000000000000000018000000000000000000000000
AO46_AGX_PRIVATE_WINSYS_RETURN capture_id=68 name=resource-create storage=0x0000000c5cc48b10 x0=0x0000000c5cc092d0 x1=0x000000016fdfdc68
AO46_AGX_PRIVATE_WINSYS_CALL name=resource-gpu-address capture_id=69 return_hook=1 x0=0x0000000c5cc092d0 x1=0x0000000c5cc092d0 x2=0x0000000000000000 x3=0x0000000c5cc09348 x4=0x00000001000a7c3f x5=0x000000016fdfd700
AO46_AGX_PRIVATE_WINSYS_RETURN capture_id=69 name=resource-gpu-address storage=0x0000000c5cc092d0 x0=0x00000100000b0000 x1=0x0000000c5cc092d0
AO46_AGX_PRIVATE_WINSYS_RETURN capture_id=67 name=resource-pool-create-pooled-resource storage=0x000000010061ae20 x0=0x0000000c5d114600 x1=0x0000000000000103
AO46_AGX_PRIVATE_WINSYS_RETURN capture_id=66 name=alloc-resource-at-index storage=0x000000010062b8b0 x0=0x0000000000000000 x1=0x0000000000000103
AO46_AGX_PRIVATE_WINSYS_SLOT phase=after storage=0x000000010062b8b0 index=0x0000000000000006 count=44 records=0x0000000c5ccb5800 record=0x0000000c5ccb5980 record_resource=0x0000000c5d114600 record_bytes=00000b00000100000000b404010000000080b404010000000000b404010000000046115d0c000000000000000000000000800000000000001b00000000000000
AO46_AGX_PRIVATE_WINSYS_RESOURCE_LIST_BINDING list=0x000000010062b940 binding=0x0000000c5d114640
AO46_AGX_PRIVATE_WINSYS_CALL name=resource-list-add-resource capture_id=0 return_hook=0 x0=0x000000010062b940 x1=0x0000000c5d114640 x2=0x0000000000000004 x3=0x0000000000000103 x4=0x0000000c5cd9ca80 x5=0x0000000000000001
AO46_AGX_PRIVATE_WINSYS_SLOT phase=before storage=0x000000010062b8b0 index=0x000000000000000b count=44 slots=0x0000000c5cca4900 records=0x0000000c5ccb5800 slot_descriptor=0x0000000c5cd00070 record=0x0000000c5ccb5ac0 slot_descriptor_bytes=812cd2ef0100000100000000000000007800d05c0c00000000000000000000008800d05c0c0000000000000000000000082cd2ef01000000805c6100010000008005620001000000680000000000000000366e010000000000000000000000000000000000000000 record_bytes=00000000000000000000000000000000000000000000000000000000000000000000000000000000000000000000000000000000000000000000000000000000
AO46_AGX_PRIVATE_WINSYS_CALL name=alloc-resource-at-index capture_id=70 return_hook=1 x0=0x000000010062b8b0 x1=0x000000000000000b x2=0x0000000000000004 x3=0x0000000000000000 x4=0x0000000c5cd9ca80 x5=0x0000000000000001
AO46_AGX_PRIVATE_WINSYS_CALL name=resource-pool-create-pooled-resource capture_id=71 return_hook=1 x0=0x0000000c5cd00070 x1=0x000000016fdfdd6f x2=0x0000000000000004 x3=0x0000000000000000 x4=0x0000000c5cd9ca80 x5=0x0000000000000001
AO46_AGX_PRIVATE_WINSYS_RESOURCE_CREATE_RECORD address=0x0000000100620580 bytes=0000000000000000008001000100000001010001304400000000000000000000000000000000000000000000000000000000000000000000000000000000000000000000000000000080000000000000000000000000000000000018000000000000000000000000
AO46_AGX_PRIVATE_WINSYS_CALL name=resource-create capture_id=72 return_hook=1 x0=0x0000000c5cc48b10 x1=0x0000000100620580 x2=0x0000000000000068 x3=0x0000000000000001 x4=0x0000000000000000 x5=0x0000000100620580
Selector 9, 3D03, 3D03
AGX_CALL selector=9 scalar_in=0 struct_in=104 scalar_out_capacity=0 struct_out_capacity=88
3D03: call 9 (out 0x16fdfdc70, 88), struct:
000000  00 00 00 00 00 00 00 00 00 80 01 00 01 00 00 00  | .........€......
000010  01 01 00 01 30 44 00 00 00 00 00 00 00 00 00 00  | ....0D..........
000020  00 00 00 00 00 00 00 00 00 00 00 00 00 00 00 00  | ................
*
000040  00 00 00 00 00 00 00 00 00 80 00 00 00 00 00 00  | .........€......
000050  00 00 00 00 00 00 00 00 00 00 00 18 00 00 00 00  | ................
000060  00 00 00 00 00 00 00 00 
AGX_RESULT selector=9 status=0 scalar_out=0 struct_out=88
MODERN_ALLOCATE_MEM handle=28 gpu=100000c0000 cpu=104b48000 size=8000 attributes=0 storage=0x4430 write_combined=0 private=0 reused=0
MODERN_ALLOCATE_REQUEST size_units_candidate=0
MODERN_ALLOCATE_REQUEST bytes=0000000000000000008001000100000001010001304400000000000000000000000000000000000000000000000000000000000000000000000000000000000000000000000000000080000000000000000000000000000000000018000000000000000000000000
AO46_AGX_PRIVATE_WINSYS_RETURN capture_id=72 name=resource-create storage=0x0000000c5cc48b10 x0=0x0000000c5cc09370 x1=0x000000016fdfdc68
AO46_AGX_PRIVATE_WINSYS_CALL name=resource-gpu-address capture_id=73 return_hook=1 x0=0x0000000c5cc09370 x1=0x0000000c5cc09370 x2=0x0000000000000000 x3=0x0000000c5cc093e8 x4=0x00000001000a7c3f x5=0x000000016fdfd700
AO46_AGX_PRIVATE_WINSYS_RETURN capture_id=73 name=resource-gpu-address storage=0x0000000c5cc09370 x0=0x00000100000c0000 x1=0x0000000c5cc09370
AO46_AGX_PRIVATE_WINSYS_RETURN capture_id=71 name=resource-pool-create-pooled-resource storage=0x0000000c5cd00070 x0=0x0000000c5d114780 x1=0x0000000000000103
AO46_AGX_PRIVATE_WINSYS_RETURN capture_id=70 name=alloc-resource-at-index storage=0x000000010062b8b0 x0=0x0000000000000000 x1=0x0000000000000103
AO46_AGX_PRIVATE_WINSYS_SLOT phase=after storage=0x000000010062b8b0 index=0x000000000000000b count=44 records=0x0000000c5ccb5800 record=0x0000000c5ccb5ac0 record_resource=0x0000000c5d114780 record_bytes=00000c00000100000080b404010000000000b504010000000080b404010000008047115d0c000000000000000000000000800000000000001c00000000000000
AO46_AGX_PRIVATE_WINSYS_RESOURCE_LIST_BINDING list=0x000000010062b940 binding=0x0000000c5d1147c0
AO46_AGX_PRIVATE_WINSYS_CALL name=resource-list-add-resource capture_id=0 return_hook=0 x0=0x000000010062b940 x1=0x0000000c5d1147c0 x2=0x0000000000000004 x3=0x0000000000000103 x4=0x0000000c5cd9d480 x5=0x0000000000000001
AO46_AGX_PRIVATE_WINSYS_SLOT phase=before storage=0x000000010062b8b0 index=0x000000000000000d count=44 slots=0x0000000c5cca4900 records=0x0000000c5ccb5800 slot_descriptor=0x0000000c5cd00150 record=0x0000000c5ccb5b40 slot_descriptor_bytes=812cd2ef0100000100000000000000005801d05c0c00000000000000000000006801d05c0c0000000000000000000000082cd2ef01000000805c6100010000006006620001000000680000000000000000366e010000000000000000000000000000000000000000 record_bytes=00000000000000000000000000000000000000000000000000000000000000000000000000000000000000000000000000000000000000000000000000000000
AO46_AGX_PRIVATE_WINSYS_CALL name=alloc-resource-at-index capture_id=74 return_hook=1 x0=0x000000010062b8b0 x1=0x000000000000000d x2=0x0000000000000001 x3=0x0000000000000000 x4=0x0000000c5cd9d480 x5=0x0000000000000001
AO46_AGX_PRIVATE_WINSYS_CALL name=resource-pool-create-pooled-resource capture_id=75 return_hook=1 x0=0x0000000c5cd00150 x1=0x000000016fdfdd6f x2=0x0000000000000001 x3=0x0000000000000000 x4=0x0000000c5cd9d480 x5=0x0000000000000001
AO46_AGX_PRIVATE_WINSYS_RESOURCE_CREATE_RECORD address=0x0000000100620660 bytes=0000000000000000008001000100000001010001304400000000000000000000000000000000000000000000000000000000000000000000000000000000000000000000000000000080000000000000000000000000000000000008000000000000000000000000
AO46_AGX_PRIVATE_WINSYS_CALL name=resource-create capture_id=76 return_hook=1 x0=0x0000000c5cc48b10 x1=0x0000000100620660 x2=0x0000000000000068 x3=0x0000000000000001 x4=0x0000000000000000 x5=0x0000000100620660
Selector 9, 3D03, 3D03
AGX_CALL selector=9 scalar_in=0 struct_in=104 scalar_out_capacity=0 struct_out_capacity=88
3D03: call 9 (out 0x16fdfdc70, 88), struct:
000000  00 00 00 00 00 00 00 00 00 80 01 00 01 00 00 00  | .........€......
000010  01 01 00 01 30 44 00 00 00 00 00 00 00 00 00 00  | ....0D..........
000020  00 00 00 00 00 00 00 00 00 00 00 00 00 00 00 00  | ................
*
000040  00 00 00 00 00 00 00 00 00 80 00 00 00 00 00 00  | .........€......
000050  00 00 00 00 00 00 00 00 00 00 00 08 00 00 00 00  | ................
000060  00 00 00 00 00 00 00 00 
AGX_RESULT selector=9 status=0 scalar_out=0 struct_out=88
MODERN_ALLOCATE_MEM handle=29 gpu=100000d0000 cpu=104b50000 size=8000 attributes=0 storage=0x4430 write_combined=0 private=0 reused=0
MODERN_ALLOCATE_REQUEST size_units_candidate=0
MODERN_ALLOCATE_REQUEST bytes=0000000000000000008001000100000001010001304400000000000000000000000000000000000000000000000000000000000000000000000000000000000000000000000000000080000000000000000000000000000000000008000000000000000000000000
AO46_AGX_PRIVATE_WINSYS_RETURN capture_id=76 name=resource-create storage=0x0000000c5cc48b10 x0=0x0000000c5cc09410 x1=0x000000016fdfdc68
AO46_AGX_PRIVATE_WINSYS_CALL name=resource-gpu-address capture_id=77 return_hook=1 x0=0x0000000c5cc09410 x1=0x0000000c5cc09410 x2=0x0000000000000000 x3=0x0000000c5cc09488 x4=0x00000001000a7c3f x5=0x000000016fdfd700
AO46_AGX_PRIVATE_WINSYS_RETURN capture_id=77 name=resource-gpu-address storage=0x0000000c5cc09410 x0=0x00000100000d0000 x1=0x0000000c5cc09410
AO46_AGX_PRIVATE_WINSYS_RETURN capture_id=75 name=resource-pool-create-pooled-resource storage=0x0000000c5cd00150 x0=0x0000000c5d114900 x1=0x0000000000000103
AO46_AGX_PRIVATE_WINSYS_RETURN capture_id=74 name=alloc-resource-at-index storage=0x000000010062b8b0 x0=0x0000000000000000 x1=0x0000000000000103
AO46_AGX_PRIVATE_WINSYS_SLOT phase=after storage=0x000000010062b8b0 index=0x000000000000000d count=44 records=0x0000000c5ccb5800 record=0x0000000c5ccb5b40 record_resource=0x0000000c5d114900 record_bytes=00000d00000100000000b504010000000080b504010000000000b504010000000049115d0c000000000000000000000000800000000000001d00000000000000
AO46_AGX_PRIVATE_WINSYS_RESOURCE_LIST_BINDING list=0x000000010062b940 binding=0x0000000c5d114940
AO46_AGX_PRIVATE_WINSYS_CALL name=resource-list-add-resource capture_id=0 return_hook=0 x0=0x000000010062b940 x1=0x0000000c5d114940 x2=0x0000000000000001 x3=0x0000000000000103 x4=0x0000000c5cd9de80 x5=0x0000000000000001
AO46_AGX_PRIVATE_WINSYS_SLOT phase=before storage=0x000000010062b8b0 index=0x000000000000000e count=44 slots=0x0000000c5cca4900 records=0x0000000c5ccb5800 slot_descriptor=0x0000000c5cd001c0 record=0x0000000c5ccb5b80 slot_descriptor_bytes=812cd2ef010000010000000000000000c801d05c0c0000000000000000000000d801d05c0c0000000000000000000000082cd2ef01000000805c610001000000d006620001000000680000000000000000366e010000000000000000000000000000000000000000 record_bytes=00000000000000000000000000000000000000000000000000000000000000000000000000000000000000000000000000000000000000000000000000000000
AO46_AGX_PRIVATE_WINSYS_CALL name=alloc-resource-at-index capture_id=78 return_hook=1 x0=0x000000010062b8b0 x1=0x000000000000000e x2=0x0000000000000004 x3=0x0000000000000000 x4=0x0000000c5cd9de80 x5=0x0000000000000001
AO46_AGX_PRIVATE_WINSYS_CALL name=resource-pool-create-pooled-resource capture_id=79 return_hook=1 x0=0x0000000c5cd001c0 x1=0x000000016fdfdd6f x2=0x0000000000000004 x3=0x0000000000000000 x4=0x0000000c5cd9de80 x5=0x0000000000000001
AO46_AGX_PRIVATE_WINSYS_RESOURCE_CREATE_RECORD address=0x00000001006206d0 bytes=000000000000000000800100010000000101000130c400000000000000000000000000000000000000000000000000000000000000000000000000000000000000000000000000000080000000000000000000000000000000000038000000000000000000000000
AO46_AGX_PRIVATE_WINSYS_CALL name=resource-create capture_id=80 return_hook=1 x0=0x0000000c5cc48b10 x1=0x00000001006206d0 x2=0x0000000000000068 x3=0x0000000000000001 x4=0x0000000000000000 x5=0x00000001006206d0
Selector 9, 3D03, 3D03
AGX_CALL selector=9 scalar_in=0 struct_in=104 scalar_out_capacity=0 struct_out_capacity=88
3D03: call 9 (out 0x16fdfdc70, 88), struct:
000000  00 00 00 00 00 00 00 00 00 80 01 00 01 00 00 00  | .........€......
000010  01 01 00 01 30 C4 00 00 00 00 00 00 00 00 00 00  | ....0...........
000020  00 00 00 00 00 00 00 00 00 00 00 00 00 00 00 00  | ................
*
000040  00 00 00 00 00 00 00 00 00 80 00 00 00 00 00 00  | .........€......
000050  00 00 00 00 00 00 00 00 00 00 00 38 00 00 00 00  | ...........8....
000060  00 00 00 00 00 00 00 00 
AGX_RESULT selector=9 status=0 scalar_out=0 struct_out=88
MODERN_ALLOCATE_MEM handle=30 gpu=28000 cpu=104b58000 size=8000 attributes=0 storage=0xc430 write_combined=0 private=0 reused=0
MODERN_ALLOCATE_REQUEST size_units_candidate=0
MODERN_ALLOCATE_REQUEST bytes=000000000000000000800100010000000101000130c400000000000000000000000000000000000000000000000000000000000000000000000000000000000000000000000000000080000000000000000000000000000000000038000000000000000000000000
AO46_AGX_PRIVATE_WINSYS_RETURN capture_id=80 name=resource-create storage=0x0000000c5cc48b10 x0=0x0000000c5cc094b0 x1=0x000000016fdfdc68
AO46_AGX_PRIVATE_WINSYS_CALL name=resource-gpu-address capture_id=81 return_hook=1 x0=0x0000000c5cc094b0 x1=0x0000000c5cc094b0 x2=0x0000000000000000 x3=0x0000000c5cc09528 x4=0x00000001000a7c3f x5=0x000000016fdfd700
AO46_AGX_PRIVATE_WINSYS_RETURN capture_id=81 name=resource-gpu-address storage=0x0000000c5cc094b0 x0=0x0000000000028000 x1=0x0000000c5cc094b0
AO46_AGX_PRIVATE_WINSYS_RETURN capture_id=79 name=resource-pool-create-pooled-resource storage=0x0000000c5cd001c0 x0=0x0000000c5d114a80 x1=0x0000000000000103
AO46_AGX_PRIVATE_WINSYS_RETURN capture_id=78 name=alloc-resource-at-index storage=0x000000010062b8b0 x0=0x0000000000000000 x1=0x0000000000000103
AO46_AGX_PRIVATE_WINSYS_SLOT phase=after storage=0x000000010062b8b0 index=0x000000000000000e count=44 records=0x0000000c5ccb5800 record=0x0000000c5ccb5b80 record_resource=0x0000000c5d114a80 record_bytes=00800200000000000080b504010000000000b604010000000080b50401000000804a115d0c000000000000000000000000800000000000001e00000000000000
AO46_AGX_PRIVATE_WINSYS_RESOURCE_LIST_BINDING list=0x000000010062b940 binding=0x0000000c5d114ac0
AO46_AGX_PRIVATE_WINSYS_CALL name=resource-list-add-resource capture_id=0 return_hook=0 x0=0x000000010062b940 x1=0x0000000c5d114ac0 x2=0x0000000000000004 x3=0x0000000000000103 x4=0x0000000c5cd9e880 x5=0x0000000000000001
AO46_AGX_PRIVATE_WINSYS_SLOT phase=before storage=0x000000010062b8b0 index=0x0000000000000016 count=44 slots=0x0000000c5cca4900 records=0x0000000c5ccb5800 slot_descriptor=0x0000000c5cd00540 record=0x0000000c5ccb5d80 slot_descriptor_bytes=812cd2ef0100000100000000000000004805d05c0c00000000000000000000005805d05c0c0000000000000000000000082cd2ef01000000805c610001000000a002427804000000680000000000000000366e010000000000000000000000000000000000000000 record_bytes=00000000000000000000000000000000000000000000000000000000000000000000000000000000000000000000000000000000000000000000000000000000
AO46_AGX_PRIVATE_WINSYS_CALL name=alloc-resource-at-index capture_id=82 return_hook=1 x0=0x000000010062b8b0 x1=0x0000000000000016 x2=0x0000000000000001 x3=0x0000000000000000 x4=0x0000000c5cd9e880 x5=0x0000000000000001
AO46_AGX_PRIVATE_WINSYS_CALL name=resource-pool-create-pooled-resource capture_id=83 return_hook=1 x0=0x0000000c5cd00540 x1=0x000000016fdfdd6f x2=0x0000000000000001 x3=0x0000000000000000 x4=0x0000000c5cd9e880 x5=0x0000000000000001
AO46_AGX_PRIVATE_WINSYS_RESOURCE_CREATE_RECORD address=0x00000004784202a0 bytes=0000000000000000008001000100000001010001304400000000000000000000000000000000000000000000000000000000000000000000000000000000000000000000000000000080000000000000000000000000000000000008400000000000000000000000
AO46_AGX_PRIVATE_WINSYS_CALL name=resource-create capture_id=84 return_hook=1 x0=0x0000000c5cc48b10 x1=0x00000004784202a0 x2=0x0000000000000068 x3=0x0000000000000001 x4=0x0000000000000000 x5=0x00000004784202a0
Selector 9, 3D03, 3D03
AGX_CALL selector=9 scalar_in=0 struct_in=104 scalar_out_capacity=0 struct_out_capacity=88
3D03: call 9 (out 0x16fdfdc70, 88), struct:
000000  00 00 00 00 00 00 00 00 00 80 01 00 01 00 00 00  | .........€......
000010  01 01 00 01 30 44 00 00 00 00 00 00 00 00 00 00  | ....0D..........
000020  00 00 00 00 00 00 00 00 00 00 00 00 00 00 00 00  | ................
*
000040  00 00 00 00 00 00 00 00 00 80 00 00 00 00 00 00  | .........€......
000050  00 00 00 00 00 00 00 00 00 00 00 08 40 00 00 00  | ............@...
000060  00 00 00 00 00 00 00 00 
AGX_RESULT selector=9 status=0 scalar_out=0 struct_out=88
MODERN_ALLOCATE_MEM handle=31 gpu=100000e0000 cpu=104b60000 size=8000 attributes=0 storage=0x4430 write_combined=0 private=0 reused=0
MODERN_ALLOCATE_REQUEST size_units_candidate=0
MODERN_ALLOCATE_REQUEST bytes=0000000000000000008001000100000001010001304400000000000000000000000000000000000000000000000000000000000000000000000000000000000000000000000000000080000000000000000000000000000000000008400000000000000000000000
AO46_AGX_PRIVATE_WINSYS_RETURN capture_id=84 name=resource-create storage=0x0000000c5cc48b10 x0=0x0000000c5cc09550 x1=0x000000016fdfdc68
AO46_AGX_PRIVATE_WINSYS_CALL name=resource-gpu-address capture_id=85 return_hook=1 x0=0x0000000c5cc09550 x1=0x0000000c5cc09550 x2=0x0000000000000000 x3=0x0000000c5cc095c8 x4=0x00000001000a7c3f x5=0x000000016fdfd700
AO46_AGX_PRIVATE_WINSYS_RETURN capture_id=85 name=resource-gpu-address storage=0x0000000c5cc09550 x0=0x00000100000e0000 x1=0x0000000c5cc09550
AO46_AGX_PRIVATE_WINSYS_RETURN capture_id=83 name=resource-pool-create-pooled-resource storage=0x0000000c5cd00540 x0=0x0000000c5d114c00 x1=0x0000000000000103
AO46_AGX_PRIVATE_WINSYS_RETURN capture_id=82 name=alloc-resource-at-index storage=0x000000010062b8b0 x0=0x0000000000000000 x1=0x0000000000000103
AO46_AGX_PRIVATE_WINSYS_SLOT phase=after storage=0x000000010062b8b0 index=0x0000000000000016 count=44 records=0x0000000c5ccb5800 record=0x0000000c5ccb5d80 record_resource=0x0000000c5d114c00 record_bytes=00000e00000100000000b604010000000080b604010000000000b60401000000004c115d0c000000000000000000000000800000000000001f00000000000000
AO46_AGX_PRIVATE_WINSYS_RESOURCE_LIST_BINDING list=0x000000010062b940 binding=0x0000000c5d114c40
AO46_AGX_PRIVATE_WINSYS_CALL name=resource-list-add-resource capture_id=0 return_hook=0 x0=0x000000010062b940 x1=0x0000000c5d114c40 x2=0x0000000000000001 x3=0x0000000000000103 x4=0x00000001000a7c3f x5=0x000000016fdfd700
AO46_AGX_PRIVATE_WINSYS_SLOT phase=before storage=0x000000010062b8b0 index=0x000000000000001e count=44 slots=0x0000000c5cca4900 records=0x0000000c5ccb5800 slot_descriptor=0x0000000c5cd008c0 record=0x0000000c5ccb5f80 slot_descriptor_bytes=812cd2ef010000010000000000000000c808d05c0c0000000000000000000000d808d05c0c0000000000000000000000082cd2ef01000000805c6100010000002006427804000000680000000000000000366e010000000000000000000000000000000000000000 record_bytes=00000000000000000000000000000000000000000000000000000000000000000000000000000000000000000000000000000000000000000000000000000000
AO46_AGX_PRIVATE_WINSYS_CALL name=alloc-resource-at-index capture_id=86 return_hook=1 x0=0x000000010062b8b0 x1=0x000000000000001e x2=0x0000000000000001 x3=0x0000000000000000 x4=0x00000001000a7c3f x5=0x000000016fdfd700
AO46_AGX_PRIVATE_WINSYS_CALL name=resource-pool-create-pooled-resource capture_id=87 return_hook=1 x0=0x0000000c5cd008c0 x1=0x000000016fdfdd6f x2=0x0000000000000001 x3=0x0000000000000000 x4=0x00000001000a7c3f x5=0x000000016fdfd700
AO46_AGX_PRIVATE_WINSYS_RESOURCE_CREATE_RECORD address=0x0000000478420620 bytes=000000000000000000800100010000000101000130c400000000000000000000000000000000000000000000000000000000000000000000000000000000000000000000000000000080000000000000000000000000000000000048000000000000000000000000
AO46_AGX_PRIVATE_WINSYS_CALL name=resource-create capture_id=88 return_hook=1 x0=0x0000000c5cc48b10 x1=0x0000000478420620 x2=0x0000000000000068 x3=0x0000000000000001 x4=0x0000000000000000 x5=0x0000000478420620
Selector 9, 3D03, 3D03
AGX_CALL selector=9 scalar_in=0 struct_in=104 scalar_out_capacity=0 struct_out_capacity=88
3D03: call 9 (out 0x16fdfdc70, 88), struct:
000000  00 00 00 00 00 00 00 00 00 80 01 00 01 00 00 00  | .........€......
000010  01 01 00 01 30 C4 00 00 00 00 00 00 00 00 00 00  | ....0...........
000020  00 00 00 00 00 00 00 00 00 00 00 00 00 00 00 00  | ................
*
000040  00 00 00 00 00 00 00 00 00 80 00 00 00 00 00 00  | .........€......
000050  00 00 00 00 00 00 00 00 00 00 00 48 00 00 00 00  | ...........H....
000060  00 00 00 00 00 00 00 00 
AGX_RESULT selector=9 status=0 scalar_out=0 struct_out=88
MODERN_ALLOCATE_MEM handle=32 gpu=38000 cpu=104b68000 size=8000 attributes=0 storage=0xc430 write_combined=0 private=0 reused=0
MODERN_ALLOCATE_REQUEST size_units_candidate=0
MODERN_ALLOCATE_REQUEST bytes=000000000000000000800100010000000101000130c400000000000000000000000000000000000000000000000000000000000000000000000000000000000000000000000000000080000000000000000000000000000000000048000000000000000000000000
AO46_AGX_PRIVATE_WINSYS_RETURN capture_id=88 name=resource-create storage=0x0000000c5cc48b10 x0=0x0000000c5cc095f0 x1=0x000000016fdfdc68
AO46_AGX_PRIVATE_WINSYS_CALL name=resource-gpu-address capture_id=89 return_hook=1 x0=0x0000000c5cc095f0 x1=0x0000000c5cc095f0 x2=0x0000000000000000 x3=0x0000000c5cc09668 x4=0x00000001000a7c3f x5=0x000000016fdfd700
AO46_AGX_PRIVATE_WINSYS_RETURN capture_id=89 name=resource-gpu-address storage=0x0000000c5cc095f0 x0=0x0000000000038000 x1=0x0000000c5cc095f0
AO46_AGX_PRIVATE_WINSYS_RETURN capture_id=87 name=resource-pool-create-pooled-resource storage=0x0000000c5cd008c0 x0=0x0000000c5d114d80 x1=0x0000000000000103
AO46_AGX_PRIVATE_WINSYS_RETURN capture_id=86 name=alloc-resource-at-index storage=0x000000010062b8b0 x0=0x0000000000000000 x1=0x0000000000000103
AO46_AGX_PRIVATE_WINSYS_SLOT phase=after storage=0x000000010062b8b0 index=0x000000000000001e count=44 records=0x0000000c5ccb5800 record=0x0000000c5ccb5f80 record_resource=0x0000000c5d114d80 record_bytes=00800300000000000080b604010000000000b704010000000080b60401000000804d115d0c000000000000000000000000800000000000002000000000000000
AO46_AGX_PRIVATE_WINSYS_RESOURCE_LIST_BINDING list=0x000000010062b940 binding=0x0000000c5d114dc0
AO46_AGX_PRIVATE_WINSYS_CALL name=resource-list-add-resource capture_id=0 return_hook=0 x0=0x000000010062b940 x1=0x0000000c5d114dc0 x2=0x0000000000000001 x3=0x0000000000000103 x4=0x0000000c5cd9f280 x5=0x0000000000000001
AO46_AGX_PRIVATE_WINSYS_SLOT phase=before storage=0x000000010062b8b0 index=0x000000000000001f count=44 slots=0x0000000c5cca4900 records=0x0000000c5ccb5800 slot_descriptor=0x0000000c5cd00930 record=0x0000000c5ccb5fc0 slot_descriptor_bytes=812cd2ef0100000100000000000000003809d05c0c00000000000000000000004809d05c0c0000000000000000000000082cd2ef01000000805c6100010000009006427804000000680000000000000000366e010000000000000000000000000000000000000000 record_bytes=00000000000000000000000000000000000000000000000000000000000000000000000000000000000000000000000000000000000000000000000000000000
AO46_AGX_PRIVATE_WINSYS_CALL name=alloc-resource-at-index capture_id=90 return_hook=1 x0=0x000000010062b8b0 x1=0x000000000000001f x2=0x0000000000000001 x3=0x0000000000000000 x4=0x0000000c5cd9f280 x5=0x0000000000000001
AO46_AGX_PRIVATE_WINSYS_CALL name=resource-pool-create-pooled-resource capture_id=91 return_hook=1 x0=0x0000000c5cd00930 x1=0x000000016fdfdd6f x2=0x0000000000000001 x3=0x0000000000000000 x4=0x0000000c5cd9f280 x5=0x0000000000000001
AO46_AGX_PRIVATE_WINSYS_RESOURCE_CREATE_RECORD address=0x0000000478420690 bytes=0000000000000000209c0100010000000101000130c40000000000000000000000000000000000000000000000000000000000000000000000000000000000000000000000000000209c000000000000000000000000000000000048000000000000000000000000
AO46_AGX_PRIVATE_WINSYS_CALL name=resource-create capture_id=92 return_hook=1 x0=0x0000000c5cc48b10 x1=0x0000000478420690 x2=0x0000000000000068 x3=0x0000000000000001 x4=0x0000000000000000 x5=0x0000000478420690
Selector 9, 3D03, 3D03
AGX_CALL selector=9 scalar_in=0 struct_in=104 scalar_out_capacity=0 struct_out_capacity=88
3D03: call 9 (out 0x16fdfdc70, 88), struct:
000000  00 00 00 00 00 00 00 00 20 9C 01 00 01 00 00 00  | ........ .......
000010  01 01 00 01 30 C4 00 00 00 00 00 00 00 00 00 00  | ....0...........
000020  00 00 00 00 00 00 00 00 00 00 00 00 00 00 00 00  | ................
*
000040  00 00 00 00 00 00 00 00 20 9C 00 00 00 00 00 00  | ........ .......
000050  00 00 00 00 00 00 00 00 00 00 00 48 00 00 00 00  | ...........H....
000060  00 00 00 00 00 00 00 00 
AGX_RESULT selector=9 status=0 scalar_out=0 struct_out=88
MODERN_ALLOCATE_MEM handle=33 gpu=48000 cpu=104b70000 size=c000 attributes=0 storage=0xc430 write_combined=0 private=0 reused=0
MODERN_ALLOCATE_REQUEST size_units_candidate=0
MODERN_ALLOCATE_REQUEST bytes=0000000000000000209c0100010000000101000130c40000000000000000000000000000000000000000000000000000000000000000000000000000000000000000000000000000209c000000000000000000000000000000000048000000000000000000000000
AO46_AGX_PRIVATE_WINSYS_RETURN capture_id=92 name=resource-create storage=0x0000000c5cc48b10 x0=0x0000000c5cc09690 x1=0x000000016fdfdc68
AO46_AGX_PRIVATE_WINSYS_CALL name=resource-gpu-address capture_id=93 return_hook=1 x0=0x0000000c5cc09690 x1=0x0000000c5cc09690 x2=0x0000000000000000 x3=0x0000000c5cc09708 x4=0x00000001000a7c3f x5=0x000000016fdfd700
AO46_AGX_PRIVATE_WINSYS_RETURN capture_id=93 name=resource-gpu-address storage=0x0000000c5cc09690 x0=0x0000000000048000 x1=0x0000000c5cc09690
AO46_AGX_PRIVATE_WINSYS_RETURN capture_id=91 name=resource-pool-create-pooled-resource storage=0x0000000c5cd00930 x0=0x0000000c5d114f00 x1=0x0000000000000103
AO46_AGX_PRIVATE_WINSYS_RETURN capture_id=90 name=alloc-resource-at-index storage=0x000000010062b8b0 x0=0x0000000000000000 x1=0x0000000000000103
AO46_AGX_PRIVATE_WINSYS_SLOT phase=after storage=0x000000010062b8b0 index=0x000000000000001f count=44 records=0x0000000c5ccb5800 record=0x0000000c5ccb5fc0 record_resource=0x0000000c5d114f00 record_bytes=00800400000000000000b7040100000000c0b704010000000000b70401000000004f115d0c000000000000000000000000c00000000000002100000000000000
AO46_AGX_PRIVATE_WINSYS_RESOURCE_LIST_BINDING list=0x000000010062b940 binding=0x0000000c5d114f40
AO46_AGX_PRIVATE_WINSYS_CALL name=resource-list-add-resource capture_id=0 return_hook=0 x0=0x000000010062b940 x1=0x0000000c5d114f40 x2=0x0000000000000001 x3=0x0000000000000103 x4=0x0000000c5cda0080 x5=0x0000000000000001
AO46_AGX_PRIVATE_WINSYS_RESOURCE_LIST_BINDING list=0x000000010062b940 binding=0x0000000c5ccb0040
AO46_AGX_PRIVATE_WINSYS_CALL name=resource-list-add-resource capture_id=0 return_hook=0 x0=0x000000010062b940 x1=0x0000000c5ccb0040 x2=0x0000000000000080 x3=0x0000000000000000 x4=0x0000000c5cda0080 x5=0x0000000000000001
AO46_AGX_PRIVATE_WINSYS_SLOT phase=before storage=0x000000010062b8b0 index=0x000000000000000a count=44 slots=0x0000000c5cca4900 records=0x0000000c5ccb5800 slot_descriptor=0x0000000c5cd00000 record=0x0000000c5ccb5a80 slot_descriptor_bytes=812cd2ef0100000100000000000000000800d05c0c00000000000000000000001800d05c0c0000000000000000000000082cd2ef01000000805c610001000000a0b1610001000000680000000000000000366e010000000000000000000000000000000000000000 record_bytes=00000000000000000000000000000000000000000000000000000000000000000000000000000000000000000000000000000000000000000000000000000000
AO46_AGX_PRIVATE_WINSYS_CALL name=alloc-resource-at-index capture_id=94 return_hook=1 x0=0x000000010062b8b0 x1=0x000000000000000a x2=0x0000000000000000 x3=0x0000000104b1c39c x4=0x0000000104b1c1c0 x5=0x0000000000000001
AO46_AGX_PRIVATE_WINSYS_CALL name=resource-pool-create-pooled-resource capture_id=95 return_hook=1 x0=0x0000000c5cd00000 x1=0x000000016fdfdd4f x2=0x0000000000000000 x3=0x0000000104b1c39c x4=0x0000000104b1c1c0 x5=0x0000000000000001
AO46_AGX_PRIVATE_WINSYS_RESOURCE_CREATE_RECORD address=0x000000010061b1a0 bytes=0000000000000000809b0100010000000101000130440000000000000000000000000000000000000000000000000000000000000000000000000000000000000000000000000000809b000000000000000000000000000000000018000000000000000000000000
AO46_AGX_PRIVATE_WINSYS_CALL name=resource-create capture_id=96 return_hook=1 x0=0x0000000c5cc48b10 x1=0x000000010061b1a0 x2=0x0000000000000068 x3=0x0000000000000001 x4=0x0000000000000000 x5=0x000000010061b1a0
Selector 9, 3D03, 3D03
AGX_CALL selector=9 scalar_in=0 struct_in=104 scalar_out_capacity=0 struct_out_capacity=88
3D03: call 9 (out 0x16fdfdc50, 88), struct:
000000  00 00 00 00 00 00 00 00 80 9B 01 00 01 00 00 00  | ........€.......
000010  01 01 00 01 30 44 00 00 00 00 00 00 00 00 00 00  | ....0D..........
000020  00 00 00 00 00 00 00 00 00 00 00 00 00 00 00 00  | ................
*
000040  00 00 00 00 00 00 00 00 80 9B 00 00 00 00 00 00  | ........€.......
000050  00 00 00 00 00 00 00 00 00 00 00 18 00 00 00 00  | ................
000060  00 00 00 00 00 00 00 00 
AGX_RESULT selector=9 status=0 scalar_out=0 struct_out=88
MODERN_ALLOCATE_MEM handle=34 gpu=100000f0000 cpu=104b7c000 size=c000 attributes=0 storage=0x4430 write_combined=0 private=0 reused=0
MODERN_ALLOCATE_REQUEST size_units_candidate=0
MODERN_ALLOCATE_REQUEST bytes=0000000000000000809b0100010000000101000130440000000000000000000000000000000000000000000000000000000000000000000000000000000000000000000000000000809b000000000000000000000000000000000018000000000000000000000000
AO46_AGX_PRIVATE_WINSYS_RETURN capture_id=96 name=resource-create storage=0x0000000c5cc48b10 x0=0x0000000c5cc09730 x1=0x000000016fdfdc48
AO46_AGX_PRIVATE_WINSYS_CALL name=resource-gpu-address capture_id=97 return_hook=1 x0=0x0000000c5cc09730 x1=0x0000000c5cc09730 x2=0x0000000000000000 x3=0x0000000c5cc097a8 x4=0x00000001000a7c3f x5=0x000000016fdfd6e0
AO46_AGX_PRIVATE_WINSYS_RETURN capture_id=97 name=resource-gpu-address storage=0x0000000c5cc09730 x0=0x00000100000f0000 x1=0x0000000c5cc09730
AO46_AGX_PRIVATE_WINSYS_RETURN capture_id=95 name=resource-pool-create-pooled-resource storage=0x0000000c5cd00000 x0=0x0000000c5d115080 x1=0x0000000000000103
AO46_AGX_PRIVATE_WINSYS_RETURN capture_id=94 name=alloc-resource-at-index storage=0x000000010062b8b0 x0=0x0000000000000000 x1=0x0000000000000103
AO46_AGX_PRIVATE_WINSYS_SLOT phase=after storage=0x000000010062b8b0 index=0x000000000000000a count=44 records=0x0000000c5ccb5800 record=0x0000000c5ccb5a80 record_resource=0x0000000c5d115080 record_bytes=00000f000001000000c0b704010000000080b8040100000000c0b704010000008050115d0c000000000000000000000000c00000000000002200000000000000
AO46_AGX_PRIVATE_WINSYS_RESOURCE_LIST_BINDING list=0x000000010062b940 binding=0x0000000c5d1150c0
AO46_AGX_PRIVATE_WINSYS_CALL name=resource-list-add-resource capture_id=0 return_hook=0 x0=0x000000010062b940 x1=0x0000000c5d1150c0 x2=0x0000000000000001 x3=0x0000000000000103 x4=0x00000001000a7c3f x5=0x000000016fdfd6e0
AO46_AGX_PRIVATE_WINSYS_RESOURCE_LIST_BINDING list=0x000000010062b940 binding=0x0000000c5cd28e40
AO46_AGX_PRIVATE_WINSYS_CALL name=resource-list-add-resource capture_id=0 return_hook=0 x0=0x000000010062b940 x1=0x0000000c5cd28e40 x2=0x0000000000000001 x3=0x0000000000000000 x4=0x0000000000000001 x5=0x000000016fdfd6e0
AO46_AGX_PRIVATE_WINSYS_RESOURCE_LIST_BINDING list=0x000000010062b940 binding=0x0000000c5cd29000
AO46_AGX_PRIVATE_WINSYS_CALL name=resource-list-add-resource capture_id=0 return_hook=0 x0=0x000000010062b940 x1=0x0000000c5cd29000 x2=0x0000000000000003 x3=0x0000000100169ee0 x4=0x0000000c5d008900 x5=0x0000000000000000
AO46_AGX_PRIVATE_WINSYS_SLOT phase=before storage=0x000000010062b8b0 index=0x0000000000000013 count=44 slots=0x0000000c5cca4900 records=0x0000000c5ccb5800 slot_descriptor=0x0000000c5cd003f0 record=0x0000000c5ccb5cc0 slot_descriptor_bytes=812cd2ef010000010000000000000000f803d05c0c00000000000000000000000804d05c0c0000000000000000000000082cd2ef01000000805c6100010000005001427804000000680000000000000000366e010000000000000000000000000000000000000000 record_bytes=00000000000000000000000000000000000000000000000000000000000000000000000000000000000000000000000000000000000000000000000000000000
AO46_AGX_PRIVATE_WINSYS_CALL name=alloc-resource-at-index capture_id=98 return_hook=1 x0=0x000000010062b8b0 x1=0x0000000000000013 x2=0x0000000000000000 x3=0x0000000000000000 x4=0x0000000c5d008900 x5=0x0000000000000000
AO46_AGX_PRIVATE_WINSYS_CALL name=resource-pool-create-pooled-resource capture_id=99 return_hook=1 x0=0x0000000c5cd003f0 x1=0x000000016fdfdd9f x2=0x0000000000000000 x3=0x0000000000000000 x4=0x0000000c5d008900 x5=0x0000000000000000
AO46_AGX_PRIVATE_WINSYS_RESOURCE_CREATE_RECORD address=0x0000000478420150 bytes=0000000000000000000401000100000001010001304400000000000000000000000000000000000000000000000000000000000000000000000000000000000000000000000000000004000000000000000000000000000000000008480000000000000000000000
AO46_AGX_PRIVATE_WINSYS_CALL name=resource-create capture_id=100 return_hook=1 x0=0x0000000c5cc48b10 x1=0x0000000478420150 x2=0x0000000000000068 x3=0x0000000000000001 x4=0x0000000000000000 x5=0x0000000478420150
Selector 9, 3D03, 3D03
AGX_CALL selector=9 scalar_in=0 struct_in=104 scalar_out_capacity=0 struct_out_capacity=88
3D03: call 9 (out 0x16fdfdca0, 88), struct:
000000  00 00 00 00 00 00 00 00 00 04 01 00 01 00 00 00  | ................
000010  01 01 00 01 30 44 00 00 00 00 00 00 00 00 00 00  | ....0D..........
000020  00 00 00 00 00 00 00 00 00 00 00 00 00 00 00 00  | ................
*
000040  00 00 00 00 00 00 00 00 00 04 00 00 00 00 00 00  | ................
000050  00 00 00 00 00 00 00 00 00 00 00 08 48 00 00 00  | ............H...
000060  00 00 00 00 00 00 00 00 
AGX_RESULT selector=9 status=0 scalar_out=0 struct_out=88
MODERN_ALLOCATE_MEM handle=35 gpu=10000100000 cpu=104b88000 size=4000 attributes=0 storage=0x4430 write_combined=0 private=0 reused=0
MODERN_ALLOCATE_REQUEST size_units_candidate=0
MODERN_ALLOCATE_REQUEST bytes=0000000000000000000401000100000001010001304400000000000000000000000000000000000000000000000000000000000000000000000000000000000000000000000000000004000000000000000000000000000000000008480000000000000000000000
AO46_AGX_PRIVATE_WINSYS_RETURN capture_id=100 name=resource-create storage=0x0000000c5cc48b10 x0=0x0000000c5cc097d0 x1=0x000000016fdfdc98
AO46_AGX_PRIVATE_WINSYS_CALL name=resource-gpu-address capture_id=101 return_hook=1 x0=0x0000000c5cc097d0 x1=0x0000000c5cc097d0 x2=0x0000000000000000 x3=0x0000000c5cc09848 x4=0x00000001000a7c3f x5=0x000000016fdfd730
AO46_AGX_PRIVATE_WINSYS_RETURN capture_id=101 name=resource-gpu-address storage=0x0000000c5cc097d0 x0=0x0000010000100000 x1=0x0000000c5cc097d0
AO46_AGX_PRIVATE_WINSYS_RETURN capture_id=99 name=resource-pool-create-pooled-resource storage=0x0000000c5cd003f0 x0=0x0000000c5d115200 x1=0x0000000000000103
AO46_AGX_PRIVATE_WINSYS_RETURN capture_id=98 name=alloc-resource-at-index storage=0x000000010062b8b0 x0=0x0000000000000000 x1=0x0000000000000103
AO46_AGX_PRIVATE_WINSYS_SLOT phase=after storage=0x000000010062b8b0 index=0x0000000000000013 count=44 records=0x0000000c5ccb5800 record=0x0000000c5ccb5cc0 record_resource=0x0000000c5d115200 record_bytes=00001000000100000080b8040100000000c0b804010000000080b804010000000052115d0c000000000000000000000000400000000000002300000000000000
AO46_AGX_PRIVATE_WINSYS_RESOURCE_LIST_BINDING list=0x000000010062b940 binding=0x0000000c5d115240
AO46_AGX_PRIVATE_WINSYS_CALL name=resource-list-add-resource capture_id=0 return_hook=0 x0=0x000000010062b940 x1=0x0000000c5d115240 x2=0x0000000000000001 x3=0x0000000000000103 x4=0x0000000c5cda0a80 x5=0x0000000000000001
AO46_AGX_PRIVATE_WINSYS_RESOURCE_LIST_BINDING list=0x000000010062b940 binding=0x0000000c5d115240
AO46_AGX_PRIVATE_WINSYS_CALL name=resource-list-add-resource capture_id=0 return_hook=0 x0=0x000000010062b940 x1=0x0000000c5d115240 x2=0x0000000000000003 x3=0x0000000000000000 x4=0x0000000c5cda0a80 x5=0x0000000000000001
AO46_AGX_PRIVATE_WINSYS_RESOURCE_LIST_BINDING list=0x000000010062b940 binding=0x0000000c5ccb0040
AO46_AGX_PRIVATE_WINSYS_CALL name=resource-list-add-resource capture_id=0 return_hook=0 x0=0x000000010062b940 x1=0x0000000c5ccb0040 x2=0x0000000000000080 x3=0xfffff0007fc00000 x4=0x0000000478420cc0 x5=0x0000000000001120
AO46_AGX_PRIVATE_WINSYS_CALL name=end-segment capture_id=0 return_hook=0 x0=0x000000010062b8b0 x1=0x0000000000000103 x2=0x0000000000000103 x3=0x0000000000000103 x4=0x000000016fdfdd28 x5=0x000000016fdfdd24
AO46_AGX_PRIVATE_WINSYS_CALL name=command-buffer-fill capture_id=0 return_hook=0 x0=0x0000000100623bf0 x1=0x00000001fd6d92a8 x2=0x000000016fe86190 x3=0x000000010061a8b0 x4=0x000000016fe86200 x5=0x0000000000000001
AO46_AGX_PRIVATE_WINSYS_CALL name=queue-submit capture_id=0 return_hook=0 x0=0x0000000c5ccf4010 x1=0x0000000000000000 x2=0x0000000000000001 x3=0x000000016fe86190 x4=0x0000000000000040 x5=0x000000016fe86214
MODERN_TRAP4_TRANSPORT queue=1 index=0 descriptor_bytes=64 carrier_offset=132 carrier_prefix=256 valid=1
MODERN_SUBMIT queue=1 header=2/1 completion0=c5ccac570 completion1=c5ccac5a0
MODERN_RESOURCE_REFERENCE source_handle=24 source_offset=0 target_handle=21 gpu_delta=0
MODERN_RESOURCE_REFERENCE source_handle=24 source_offset=0x8 target_handle=22 gpu_delta=0
MODERN_RESOURCE_SCAN mapped=17 changed=17 references=2 bytes_per_resource=65536
MODERN_SUBMIT_AUX pointer=0x16fe86214 descriptor_offset=132 readable_prefix=256
MODERN_SUBMIT_CARRIER queue=1 offset=132 prefix=256 fingerprint=38f0281ca764a95c
000000  00 00 00 00 D6 00 FC AB 4F DF 08 18 00 00 00 00  | ........O.......
000010  00 00 00 00 00 00 00 00 00 00 00 00 20 00 00 00  | ............ ...
000020  00 00 00 00 70 00 00 00 00 00 00 00 30 00 00 00  | ....p.......0...
000030  00 00 00 00 00 63 E8 6F 01 00 00 00 E1 FF FF FF  | .....c.o........
000040  FF FF FF FF 20 00 00 00 00 00 00 00 00 00 00 00  | .... ...........
000050  00 00 00 00 B0 A8 61 00 01 00 00 00 00 63 E8 6F  | ......a......c.o
000060  01 00 00 00 01 00 00 00 00 00 00 00 C0 62 E8 6F  | .............b.o
000070  01 00 00 00 E8 49 A2 A8 01 00 00 00 01 00 00 00  | .....I..........
000080  00 00 00 00 00 00 00 00 00 00 00 00 A8 0C 24 ED  | ..............$.
000090  01 00 00 00 01 00 00 00 00 00 00 00 B0 A8 61 00  | ..............a.
0000A0  01 00 00 00 28 00 00 00 00 00 00 00 60 67 E8 6F  | ....(.......`g.o
0000B0  01 00 00 00 18 27 EF 8F 01 00 00 00 00 00 00 00  | .....'..........
0000C0  00 00 00 00 B0 A8 61 00 01 00 00 00 01 00 00 00  | ......a.........
0000D0  00 00 00 00 01 00 00 00 00 00 00 00 30 00 00 00  | ............0...
0000E0  00 00 00 00 00 00 00 00 00 00 00 00 F0 3B 62 00  | .............;b.
0000F0  01 00 00 00 00 00 00 00 00 00 00 00 00 00 00 00  | ................

MODERN_SUBMIT_AUX_DIFF queue=1 baseline=256
MODERN_SUBMIT_AUX_EXTENDED bytes=4096
MODERN_SUBMIT_CARRIER_EXTENDED queue=1 prefix=4096 opaque_slot=0x1ff800000
AO46_AGX_PRIVATE_WINSYS_CALL name=trap4 capture_id=0 return_hook=0 x0=0x0000000000003d03 x1=0x0000000000000000 x2=0x0000000000000001 x3=0x0000000000000040 x4=0x000000016fe86190 x5=0x000000016fe86214
Trap4 connect=3D03, index=0, p1=1, p2=40, p3=16fe86190, p4=16fe86214, result=0
Dequeueing (dataQueue=0x100260000, data=0x16ff12510, buffer 40)
Return "(os/kern) successful", got 40 bytes
MODERN_COMPLETION queue=1 token=c5ccac570 bytes=40
70 C5 CA 5C 0C 00 00 00 85 61 49 5E 3E 59 02 00 23 21 71 5E 3E 59 02 00 00 00 00 00 00 00 00 00 00 00 00 00 00 00 00 00 
Dequeueing (dataQueue=0x100260000, data=0x16ff12510, buffer 40)
Return "(iokit/common) data underrun", got 40 bytes
Dequeueing (dataQueue=0x100260000, data=0x16ff12510, buffer 40)
Return "(os/kern) successful", got 40 bytes
MODERN_COMPLETION queue=1 token=c5ccac5a0 bytes=40
A0 C5 CA 5C 0C 00 00 00 84 55 77 5E 3E 59 02 00 41 7C 77 5E 3E 59 02 00 00 00 00 00 00 00 00 00 00 00 00 00 00 00 00 00 
Dequeueing (dataQueue=0x100260000, data=0x16ff12510, buffer 40)
Return "(iokit/common) data underrun", got 40 bytes
AO46_AGX_PRIVATE_WINSYS_CALL name=resource-release capture_id=0 return_hook=0 x0=0x0000000c5cc08fb0 x1=0x00000001fd95aea8 x2=0x0000000c5cd28fc0 x3=0x0000000000000001 x4=0x0000000c5ccac1b0 x5=0x0000000000000002
Trap1 connect=3D03, index=1, p1=16, result=0
AO46_AGX_PRIVATE_WINSYS_CALL name=resource-release capture_id=0 return_hook=0 x0=0x0000000c5cc08f10 x1=0x00000001fd95aea8 x2=0x0000000c5cd28e00 x3=0x0000000000000001 x4=0x0000000c5ccac1b0 x5=0x0000000000000002
Trap1 connect=3D03, index=1, p1=15, result=0
Selector 8, 3D03, 3D03
AGX_CALL selector=8 scalar_in=1 struct_in=0 scalar_out_capacity=0 struct_out_capacity=0
3D03: call 8 (out 0x0, 0) 1
MODERN_NOTIFICATION_PORT_STATE phase=before selector=8 connect=3D03 id=1 port=300F right=1 refs=1 result=0
MODERN_NOTIFICATION_PORT_STATE phase=before selector=8 connect=3D03 id=1 port=300F right=0 refs=0 result=0
MODERN_NOTIFICATION_PORT_STATE phase=before selector=8 connect=3D03 id=1 port=300F right=2 refs=0 result=0
Selector 17, 3D03, 3D03
AGX_CALL selector=17 scalar_in=1 struct_in=0 scalar_out_capacity=0 struct_out_capacity=0
3D03: call 11 (out 0x0, 0) 1
MODERN_NOTIFICATION_PORT_STATE phase=before selector=17 connect=3D03 id=1 port=300F right=1 refs=0 result=0xf
MODERN_NOTIFICATION_PORT_STATE phase=before selector=17 connect=3D03 id=1 port=300F right=0 refs=0 result=0xf
MODERN_NOTIFICATION_PORT_STATE phase=before selector=17 connect=3D03 id=1 port=300F right=2 refs=0 result=0xf
MODERN_NOTIFICATION_PORT_STATE phase=after selector=17 connect=3D03 id=1 port=300F right=1 refs=0 result=0xf
MODERN_NOTIFICATION_PORT_STATE phase=after selector=17 connect=3D03 id=1 port=300F right=0 refs=0 result=0xf
MODERN_NOTIFICATION_PORT_STATE phase=after selector=17 connect=3D03 id=1 port=300F right=2 refs=0 result=0xf
AGX_RESULT selector=17 status=0 scalar_out=0 struct_out=0
MODERN_QUEUE_LIFECYCLE selector=17 id=1
MODERN_NOTIFICATION_PORT_STATE phase=after selector=8 connect=3D03 id=1 port=300F right=1 refs=0 result=0xf
MODERN_NOTIFICATION_PORT_STATE phase=after selector=8 connect=3D03 id=1 port=300F right=0 refs=0 result=0xf
MODERN_NOTIFICATION_PORT_STATE phase=after selector=8 connect=3D03 id=1 port=300F right=2 refs=0 result=0xf
AGX_RESULT selector=8 status=0 scalar_out=0 struct_out=0
MODERN_QUEUE_LIFECYCLE selector=8 id=1
Selector 15, 3D03, 3D03
AGX_CALL selector=15 scalar_in=1 struct_in=0 scalar_out_capacity=0 struct_out_capacity=0
3D03: call F (out 0x0, 0) 2
AGX_RESULT selector=15 status=0 scalar_out=0 struct_out=0
MODERN_OPAQUE_LIFECYCLE selector=15 value=2
Selector 15, 3D03, 3D03
AGX_CALL selector=15 scalar_in=1 struct_in=0 scalar_out_capacity=0 struct_out_capacity=0
3D03: call F (out 0x0, 0) 1
AGX_RESULT selector=15 status=0 scalar_out=0 struct_out=0
MODERN_OPAQUE_LIFECYCLE selector=15 value=1
AO46_AGX_PRIVATE_WINSYS_CALL name=resource-release capture_id=0 return_hook=0 x0=0x0000000c5cc09050 x1=0x00000001fd95aea8 x2=0x0000000c5d114000 x3=0x0000000000000001 x4=0x000000016fdfddc0 x5=0x000000016fdfde1f
Trap1 connect=3D03, index=1, p1=17, result=0
AO46_AGX_PRIVATE_WINSYS_CALL name=resource-release capture_id=0 return_hook=0 x0=0x0000000c5cc090f0 x1=0x00000001fd95aea8 x2=0x0000000c5d114180 x3=0x0000000000000001 x4=0x0000000c5d114080 x5=0x000000016fdfdcd0
Trap1 connect=3D03, index=1, p1=18, result=0
AO46_AGX_PRIVATE_WINSYS_CALL name=resource-release capture_id=0 return_hook=0 x0=0x0000000c5cc09190 x1=0x00000001fd95aea8 x2=0x0000000c5d114300 x3=0x0000000000000001 x4=0x0000000c5d114200 x5=0x000000016fdfdcd0
Trap1 connect=3D03, index=1, p1=19, result=0
AO46_AGX_PRIVATE_WINSYS_CALL name=resource-release capture_id=0 return_hook=0 x0=0x0000000c5cc09230 x1=0x00000001fd95aea8 x2=0x0000000c5d114480 x3=0x0000000000000001 x4=0x0000000c5d114380 x5=0x000000016fdfdcd0
Trap1 connect=3D03, index=1, p1=1a, result=0
AO46_AGX_PRIVATE_WINSYS_CALL name=resource-release capture_id=0 return_hook=0 x0=0x0000000c5cc092d0 x1=0x00000001fd95aea8 x2=0x0000000c5d114600 x3=0x0000000000000001 x4=0x0000000c5d114500 x5=0x000000016fdfdcd0
Trap1 connect=3D03, index=1, p1=1b, result=0
AO46_AGX_PRIVATE_WINSYS_CALL name=resource-release capture_id=0 return_hook=0 x0=0x0000000c5cc09730 x1=0x00000001fd95aea8 x2=0x0000000c5d115080 x3=0x0000000000000001 x4=0x0000000c5d114680 x5=0x000000016fdfdcd0
Trap1 connect=3D03, index=1, p1=22, result=0
AO46_AGX_PRIVATE_WINSYS_CALL name=resource-release capture_id=0 return_hook=0 x0=0x0000000c5cc09370 x1=0x00000001fd95aea8 x2=0x0000000c5d114780 x3=0x0000000000000001 x4=0x0000000c5d115100 x5=0x000000016fdfdcd0
Trap1 connect=3D03, index=1, p1=1c, result=0
AO46_AGX_PRIVATE_WINSYS_CALL name=resource-release capture_id=0 return_hook=0 x0=0x0000000c5cc09410 x1=0x00000001fd95aea8 x2=0x0000000c5d114900 x3=0x0000000000000001 x4=0x0000000c5d114800 x5=0x000000016fdfdcd0
Trap1 connect=3D03, index=1, p1=1d, result=0
AO46_AGX_PRIVATE_WINSYS_CALL name=resource-release capture_id=0 return_hook=0 x0=0x0000000c5cc094b0 x1=0x00000001fd95aea8 x2=0x0000000c5d114a80 x3=0x0000000000000001 x4=0x0000000c5d114980 x5=0x000000016fdfdcd0
Trap1 connect=3D03, index=1, p1=1e, result=0
AO46_AGX_PRIVATE_WINSYS_CALL name=resource-release capture_id=0 return_hook=0 x0=0x0000000c5cc097d0 x1=0x00000001fd95aea8 x2=0x0000000c5d115200 x3=0x0000000000000001 x4=0x0000000c5d114b00 x5=0x000000016fdfdcd0
Trap1 connect=3D03, index=1, p1=23, result=0
AO46_AGX_PRIVATE_WINSYS_CALL name=resource-release capture_id=0 return_hook=0 x0=0x0000000c5cc09550 x1=0x00000001fd95aea8 x2=0x0000000c5d114c00 x3=0x0000000000000001 x4=0x0000000c5d115280 x5=0x000000016fdfdcd0
Trap1 connect=3D03, index=1, p1=1f, result=0
AO46_AGX_PRIVATE_WINSYS_CALL name=resource-release capture_id=0 return_hook=0 x0=0x0000000c5cc095f0 x1=0x00000001fd95aea8 x2=0x0000000c5d114d80 x3=0x0000000000000001 x4=0x0000000c5d114c80 x5=0x000000016fdfdcd0
Trap1 connect=3D03, index=1, p1=20, result=0
AO46_AGX_PRIVATE_WINSYS_CALL name=resource-release capture_id=0 return_hook=0 x0=0x0000000c5cc09690 x1=0x00000001fd95aea8 x2=0x0000000c5d114f00 x3=0x0000000000000001 x4=0x0000000c5d114e00 x5=0x000000016fdfdcd0
Trap1 connect=3D03, index=1, p1=21, result=0
AO46_AGX_BUFFER_BINDING complete
Process 13304 launched: '/Users/gitanshchakravarty/MGL/Khronos_AppleICDs/OpenGL_4.6(Core Profile)/mesa/build-ao46-asahi-arm64/src/asahi/lib/asahi_macos_public_buffer_binding_trace' (arm64)
Process 13304 exited with status = 0 (0x00000000)
