(lldb) target create "<USER_HOME>/MGL/Khronos_AppleICDs/OpenGL_4.6(Core Profile)/Apple_ICD/../mesa/build-ao46-asahi-arm64/src/asahi/lib/asahi_macos_render_resource_record_trace"
Current executable set to '<USER_HOME>/MGL/Khronos_AppleICDs/OpenGL_4.6(Core Profile)/mesa/build-ao46-asahi-arm64/src/asahi/lib/asahi_macos_render_resource_record_trace' (arm64).
(lldb) settings set target.env-vars 'DYLD_INSERT_LIBRARIES=<USER_HOME>/MGL/Khronos_AppleICDs/OpenGL_4.6(Core Profile)/Apple_ICD/../mesa/build-ao46-asahi-arm64/src/asahi/lib/libwrap.dylib' 'AGX_TRACE_UNBUFFERED=1' 'AGX_TRACE_CALL_SHAPES=1' 'AGX_TRACE_NOTIFICATION_PORTS=1' 'AGX_TRACE_ALLOCATION_REQUESTS=1' 'AGX_TRACE_SUBMISSION_DETAILS=1' 'AGX_TRACE_RESOURCE_REFS=1' 'AGX_TRACE_TRAP_AUX=1' 'AGX_TRACE_AUX_ANALYSIS=1' 'AGX_TRACE_AUX_EXTENDED=1'
(lldb) breakpoint set --name IOGPUMetalCommandBufferStorageBeginKernelCommands
Breakpoint 1: no locations (pending).
WARNING:  Unable to resolve breakpoint to any actual locations.
(lldb) breakpoint set --name IOGPUMetalCommandBufferStorageBeginSegment
Breakpoint 2: no locations (pending).
WARNING:  Unable to resolve breakpoint to any actual locations.
(lldb) breakpoint set --name IOGPUMetalCommandBufferStorageGrowKernelCommandBuffer
Breakpoint 3: no locations (pending).
WARNING:  Unable to resolve breakpoint to any actual locations.
(lldb) breakpoint set --name IOGPUMetalCommandBufferStorageEndKernelCommands
Breakpoint 4: no locations (pending).
WARNING:  Unable to resolve breakpoint to any actual locations.
(lldb) breakpoint set --name IOGPUMetalCommandBufferStorageEndSegment
Breakpoint 5: no locations (pending).
WARNING:  Unable to resolve breakpoint to any actual locations.
(lldb) breakpoint set --name IOGPUMetalCommandBufferStorageAllocResourceAtIndex
Breakpoint 6: no locations (pending).
WARNING:  Unable to resolve breakpoint to any actual locations.
(lldb) breakpoint set --name IOGPUMetalCommandBufferStorageAllocSidebandBuffer
Breakpoint 7: no locations (pending).
WARNING:  Unable to resolve breakpoint to any actual locations.
(lldb) breakpoint set --name IOGPUMetalCommandBufferStorageGrowSidebandBuffer
Breakpoint 8: no locations (pending).
WARNING:  Unable to resolve breakpoint to any actual locations.
(lldb) breakpoint set --name IOGPUMetalCommandBufferStorageMergeResidencySetList
Breakpoint 9: no locations (pending).
WARNING:  Unable to resolve breakpoint to any actual locations.
(lldb) breakpoint set --name IOGPUMetalCommandBufferStorageFinalizeResidencySetList
Breakpoint 10: no locations (pending).
WARNING:  Unable to resolve breakpoint to any actual locations.
(lldb) breakpoint set --name IOGPUMetalResidencySetListCreate
Breakpoint 11: no locations (pending).
WARNING:  Unable to resolve breakpoint to any actual locations.
(lldb) breakpoint set --name IOGPUMetalResidencySetListDestroy
Breakpoint 12: no locations (pending).
WARNING:  Unable to resolve breakpoint to any actual locations.
(lldb) breakpoint set --name IOGPUResourceListAddResource
Breakpoint 13: no locations (pending).
WARNING:  Unable to resolve breakpoint to any actual locations.
(lldb) breakpoint set --name IOGPUResourceListMerge
Breakpoint 14: no locations (pending).
WARNING:  Unable to resolve breakpoint to any actual locations.
(lldb) breakpoint set --name IOGPUResourceListMergeLists
Breakpoint 15: no locations (pending).
WARNING:  Unable to resolve breakpoint to any actual locations.
(lldb) breakpoint set --name IOGPUResourceListReset
Breakpoint 16: no locations (pending).
WARNING:  Unable to resolve breakpoint to any actual locations.
(lldb) breakpoint set --name IOGPUResourceGroupUpdateResources
Breakpoint 17: no locations (pending).
WARNING:  Unable to resolve breakpoint to any actual locations.
(lldb) breakpoint set --name IOGPUMetalCommandBufferStorageCreateExt
Breakpoint 18: no locations (pending).
WARNING:  Unable to resolve breakpoint to any actual locations.
(lldb) breakpoint set --name IOGPUCommandQueueSubmitCommandBuffers
Breakpoint 19: no locations (pending).
WARNING:  Unable to resolve breakpoint to any actual locations.
(lldb) breakpoint set --name IOConnectTrap4
Breakpoint 20: where = IOKit`IOConnectTrap4, address = 0x0000000184871d5c
(lldb) breakpoint set --name IOGPUResourceCreate
Breakpoint 21: no locations (pending).
WARNING:  Unable to resolve breakpoint to any actual locations.
(lldb) breakpoint set --name IOGPUResourceGetGPUVirtualAddress
Breakpoint 22: no locations (pending).
WARNING:  Unable to resolve breakpoint to any actual locations.
(lldb) breakpoint set --name IOGPUResourceRelease
Breakpoint 23: no locations (pending).
WARNING:  Unable to resolve breakpoint to any actual locations.
(lldb) breakpoint set --name "-[IOGPUMetalCommandBuffer fillCommandBufferArgs:commandQueue:]"
Breakpoint 24: no locations (pending).
WARNING:  Unable to resolve breakpoint to any actual locations.
(lldb) command script import '<USER_HOME>/MGL/Khronos_AppleICDs/OpenGL_4.6(Core Profile)/Apple_ICD/scripts/agx_private_winsys_capture.py'
(lldb) breakpoint command add -F agx_private_winsys_capture.capture_begin_kernel_commands 1
(lldb) breakpoint command add -F agx_private_winsys_capture.capture_begin_segment 2
(lldb) breakpoint command add -F agx_private_winsys_capture.capture_grow_kernel_command_buffer 3
(lldb) breakpoint command add -F agx_private_winsys_capture.capture_end_kernel_commands 4
(lldb) breakpoint command add -F agx_private_winsys_capture.capture_end_segment 5
(lldb) breakpoint command add -F agx_private_winsys_capture.capture_alloc_resource_at_index 6
(lldb) breakpoint command add -F agx_private_winsys_capture.capture_alloc_sideband_buffer 7
(lldb) breakpoint command add -F agx_private_winsys_capture.capture_grow_sideband_buffer 8
(lldb) breakpoint command add -F agx_private_winsys_capture.capture_merge_residency_set_list 9
(lldb) breakpoint command add -F agx_private_winsys_capture.capture_finalize_residency_set_list 10
(lldb) breakpoint command add -F agx_private_winsys_capture.capture_residency_set_list_create 11
(lldb) breakpoint command add -F agx_private_winsys_capture.capture_residency_set_list_destroy 12
(lldb) breakpoint command add -F agx_private_winsys_capture.capture_resource_list_add_resource 13
(lldb) breakpoint command add -F agx_private_winsys_capture.capture_resource_list_merge 14
(lldb) breakpoint command add -F agx_private_winsys_capture.capture_resource_list_merge_lists 15
(lldb) breakpoint command add -F agx_private_winsys_capture.capture_resource_list_reset 16
(lldb) breakpoint command add -F agx_private_winsys_capture.capture_resource_group_update 17
(lldb) breakpoint command add -F agx_private_winsys_capture.capture_command_storage_create 18
(lldb) breakpoint command add -F agx_private_winsys_capture.capture_queue_submit 19
(lldb) breakpoint command add -F agx_private_winsys_capture.capture_trap4 20
(lldb) breakpoint command add -F agx_private_winsys_capture.capture_resource_create 21
(lldb) breakpoint command add -F agx_private_winsys_capture.capture_resource_gpu_address 22
(lldb) breakpoint command add -F agx_private_winsys_capture.capture_resource_release 23
(lldb) breakpoint command add -F agx_private_winsys_capture.capture_command_buffer_fill 24
(lldb) run
1 location added to breakpoint 1
1 location added to breakpoint 2
1 location added to breakpoint 3
1 location added to breakpoint 4
1 location added to breakpoint 5
1 location added to breakpoint 6
1 location added to breakpoint 7
1 location added to breakpoint 8
1 location added to breakpoint 9
1 location added to breakpoint 10
1 location added to breakpoint 11
1 location added to breakpoint 12
1 location added to breakpoint 13
1 location added to breakpoint 14
1 location added to breakpoint 15
1 location added to breakpoint 16
1 location added to breakpoint 17
1 location added to breakpoint 18
1 location added to breakpoint 19
1 location added to breakpoint 21
1 location added to breakpoint 22
1 location added to breakpoint 23
1 location added to breakpoint 24
AO46_AGX_PRIVATE_WINSYS_CALL name=resource-create capture_id=1 return_hook=1 x0=0x0000000100604220 x1=0x0000000b56c859d8 x2=0x0000000000000068 x3=0x0000000b57037bc0 x4=0x0000000b57037280 x5=0x0000000000000001
AO46_AGX_PRIVATE_WINSYS_RETURN capture_id=1 name=resource-create storage=0x0000000100604220 x0=0x0000000b5700c1f0 x1=0x000000016fdf9b88
AO46_AGX_PRIVATE_WINSYS_CALL name=resource-gpu-address capture_id=2 return_hook=1 x0=0x0000000b5700c1f0 x1=0x00000001f3f76da8 x2=0x00000001a8a3c758 x3=0x0000000b5700c268 x4=0xffffffffffffe988 x5=0x0000000000000010
AO46_AGX_PRIVATE_WINSYS_RETURN capture_id=2 name=resource-gpu-address storage=0x0000000b5700c1f0 x0=0x0000010000000000 x1=0x00000001f3f76da8
3B03: call 107, wake port 2C07 (out 0x0, 0)
, references:  0 10dae43c4 b56c84000
return 0
AO46_AGX_PRIVATE_WINSYS_CALL name=resource-create capture_id=3 return_hook=1 x0=0x0000000100604220 x1=0x000000016fdf9fc0 x2=0x0000000000000068 x3=0x0000000000000001 x4=0x0000000000000000 x5=0x000000016fdf9fc0
AO46_AGX_PRIVATE_WINSYS_RETURN capture_id=3 name=resource-create storage=0x0000000100604220 x0=0x0000000b5700c330 x1=0x000000016fdf9cb8
AO46_AGX_PRIVATE_WINSYS_CALL name=resource-gpu-address capture_id=4 return_hook=1 x0=0x0000000b5700c330 x1=0x0000000b5700c330 x2=0x0000000000000000 x3=0x0000000b5700c3a8 x4=0xffffffffffffe988 x5=0x0000000000000020
AO46_AGX_PRIVATE_WINSYS_RETURN capture_id=4 name=resource-gpu-address storage=0x0000000b5700c330 x0=0x0000006f00000000 x1=0x0000000b5700c330
AO46_AGX_PRIVATE_WINSYS_CALL name=resource-create capture_id=5 return_hook=1 x0=0x0000000100604220 x1=0x000000016fe852b8 x2=0x0000000000000068 x3=0x0000000000000001 x4=0x0000000000000000 x5=0x000000016fe852b8
AO46_AGX_PRIVATE_WINSYS_RETURN capture_id=5 name=resource-create storage=0x0000000100604220 x0=0x0000000b5700c510 x1=0x000000016fe85078
AO46_AGX_PRIVATE_WINSYS_CALL name=resource-gpu-address capture_id=6 return_hook=1 x0=0x0000000b5700c510 x1=0x0000000b5700c510 x2=0x0000000000000000 x3=0x0000000b5700c588 x4=0xffffffffffffe988 x5=0x0000000000000020
AO46_AGX_PRIVATE_WINSYS_RETURN capture_id=6 name=resource-gpu-address storage=0x0000000b5700c510 x0=0x0000010000018000 x1=0x0000000b5700c510
AO46_AGX_PRIVATE_WINSYS_CALL name=resource-create capture_id=7 return_hook=1 x0=0x0000000100604220 x1=0x000000016fe855a8 x2=0x0000000000000068 x3=0xfffff0007fc00000 x4=0x0000000b56c1d900 x5=0x0000000000000001
AO46_AGX_PRIVATE_WINSYS_RETURN capture_id=7 name=resource-create storage=0x0000000100604220 x0=0x0000000b5700c5b0 x1=0x000000016fe853a8
AO46_AGX_PRIVATE_WINSYS_CALL name=resource-gpu-address capture_id=8 return_hook=1 x0=0x0000000b5700c5b0 x1=0x0000000b5700c5b0 x2=0x0000000000000000 x3=0x0000000b5700c628 x4=0xffffffffffffe988 x5=0x0000000000000010
AO46_AGX_PRIVATE_WINSYS_RETURN capture_id=8 name=resource-gpu-address storage=0x0000000b5700c5b0 x0=0x0000010000018000 x1=0x0000000b5700c5b0
AO46_AGX_PRIVATE_WINSYS_CALL name=resource-create capture_id=9 return_hook=1 x0=0x0000000100604220 x1=0x0000000b56c85930 x2=0x0000000000000068 x3=0x0000000000000001 x4=0x0000000000000000 x5=0x0000000b56c85930
AO46_AGX_PRIVATE_WINSYS_RETURN capture_id=9 name=resource-create storage=0x0000000100604220 x0=0x0000000b5700c650 x1=0x000000016fe84af8
AO46_AGX_PRIVATE_WINSYS_CALL name=resource-gpu-address capture_id=10 return_hook=1 x0=0x0000000b5700c650 x1=0x0000000b5700c650 x2=0x0000000000000000 x3=0x0000000b5700c6c8 x4=0xffffffffffffe988 x5=0x0000000000000020
AO46_AGX_PRIVATE_WINSYS_RETURN capture_id=10 name=resource-gpu-address storage=0x0000000b5700c650 x0=0x0000010000040000 x1=0x0000000b5700c650
AO46_AGX_PRIVATE_WINSYS_CALL name=resource-create capture_id=11 return_hook=1 x0=0x0000000100604220 x1=0x0000000b56c85b28 x2=0x0000000000000068 x3=0xfffff0007fc00000 x4=0x0000000b56c1d980 x5=0x0000000000000001
AO46_AGX_PRIVATE_WINSYS_RETURN capture_id=11 name=resource-create storage=0x0000000100604220 x0=0x0000000b5700c6f0 x1=0x000000016fe853c8
AO46_AGX_PRIVATE_WINSYS_CALL name=resource-gpu-address capture_id=12 return_hook=1 x0=0x0000000b5700c6f0 x1=0x0000000b5700c6f0 x2=0x0000000000000000 x3=0x0000000b5700c768 x4=0xffffffffffffe988 x5=0x0000000000000010
AO46_AGX_PRIVATE_WINSYS_RETURN capture_id=12 name=resource-gpu-address storage=0x0000000b5700c6f0 x0=0x0000000000000000 x1=0x0000000b5700c6f0
Selector 7, 3B03, 3B03
AGX_CALL selector=7 scalar_in=0 struct_in=1040 scalar_out_capacity=0 struct_out_capacity=16
3B03: SET_API(<USER_HOME>/MGL/Khronos_AppleICDs/OpenGL_4.6(Core Profile)/mesa/build-ao46-asahi-arm64/src/asahi/lib/asahi_macos_render_resource_record_trace)
AGX_RESULT selector=7 status=0 scalar_out=0 struct_out=16
 struct
000000  01 00 00 00 00 00 00 00 83 47 72 73 07 00 00 00  | .........Grs....


Selector 16, 3B03, 3B03
AGX_CALL selector=16 scalar_in=2 struct_in=0 scalar_out_capacity=0 struct_out_capacity=16
3B03: call 10 (out 0x16fdf9e50, 16) 100 28
AGX_RESULT selector=16 status=0 scalar_out=0 struct_out=16
MODERN_NOTIFICATION_QUEUE data_queue=104b60000 id=1 config=100/28
Allocated notif port 4B03
Set noficiation port connect=3B03, type=0, port=4B03, reference=1
Selector 28, 3B03, 3B03
AGX_CALL selector=28 scalar_in=2 struct_in=0 scalar_out_capacity=0 struct_out_capacity=0
3B03: call 1C (out 0x0, 0) 1 1
AGX_RESULT selector=28 status=0 scalar_out=0 struct_out=0

AO46_AGX_PRIVATE_WINSYS_CALL name=resource-create capture_id=13 return_hook=1 x0=0x0000000100604220 x1=0x000000016fdf9f18 x2=0x0000000000000068 x3=0x0000000000000001 x4=0x0000000000000000 x5=0x000000016fdf9f18
Selector 9, 3B03, 3B03
AGX_CALL selector=9 scalar_in=0 struct_in=104 scalar_out_capacity=0 struct_out_capacity=88
3B03: call 9 (out 0x16fdf9d20, 88), struct:
000000  80 00 00 00 00 00 00 00 01 00 01 00 01 00 00 00  | €...............
000010  01 01 00 01 30 0C 00 00 00 00 00 00 00 00 00 00  | ....0...........
000020  00 00 00 00 00 00 00 00 00 00 00 00 00 00 00 00  | ................
000030  00 00 00 00 00 00 00 00 00 02 B2 04 01 00 00 00  | ................
000040  00 00 B2 04 01 00 00 00 00 00 02 00 00 00 00 00  | ................
000050  03 00 00 00 00 00 00 00 00 00 00 00 18 00 00 00  | ................
000060  90 15 0B 0E 01 00 00 00
AGX_RESULT selector=9 status=0 scalar_out=0 struct_out=88
MODERN_ALLOCATE_MEM handle=7 gpu=10000018200 cpu=0 size=1fe00 attributes=80 storage=0xc30 write_combined=0 private=0 reused=0
MODERN_ALLOCATE_REQUEST size_units_candidate=2
MODERN_ALLOCATE_REQUEST bytes=8000000000000000010001000100000001010001300c000000000000000000000000000000000000000000000000000000000000000000000002b204010000000000b2040100000000000200000000000300000000000000000000001800000090150b0e01000000
AO46_AGX_PRIVATE_WINSYS_RETURN capture_id=13 name=resource-create storage=0x0000000100604220 x0=0x0000000b5700c790 x1=0x000000016fdf9d18
AO46_AGX_PRIVATE_WINSYS_CALL name=resource-gpu-address capture_id=14 return_hook=1 x0=0x0000000b5700c790 x1=0x0000000b5700c790 x2=0x0000000000000000 x3=0x0000000b5700c808 x4=0x00000001000abc3f x5=0x000000016fdf97b0
AO46_AGX_PRIVATE_WINSYS_RETURN capture_id=14 name=resource-gpu-address storage=0x0000000b5700c790 x0=0x0000010000018200 x1=0x0000000b5700c790
AO46_AGX_PRIVATE_WINSYS_CALL name=resource-create capture_id=15 return_hook=1 x0=0x0000000100604220 x1=0x000000016fdf9f18 x2=0x0000000000000068 x3=0x0000000000000001 x4=0x0000000000000000 x5=0x000000016fdf9f18
Selector 9, 3B03, 3B03
AGX_CALL selector=9 scalar_in=0 struct_in=104 scalar_out_capacity=0 struct_out_capacity=88
3B03: call 9 (out 0x16fdf9d20, 88), struct:
000000  80 00 00 00 00 00 00 00 01 00 01 00 01 00 00 00  | €...............
000010  01 01 00 01 30 0C 00 00 00 00 00 00 00 00 00 00  | ....0...........
000020  00 00 00 00 00 00 00 00 00 00 00 00 00 00 00 00  | ................
000030  00 00 00 00 00 00 00 00 00 04 B2 04 01 00 00 00  | ................
000040  00 00 B2 04 01 00 00 00 00 00 02 00 00 00 00 00  | ................
000050  03 00 00 00 00 00 00 00 00 00 00 00 18 00 00 00  | ................
000060  C8 5C C8 56 0B 00 00 00
AGX_RESULT selector=9 status=0 scalar_out=0 struct_out=88
MODERN_ALLOCATE_MEM handle=8 gpu=10000018400 cpu=0 size=1fc00 attributes=80 storage=0xc30 write_combined=0 private=0 reused=0
MODERN_ALLOCATE_REQUEST size_units_candidate=2
MODERN_ALLOCATE_REQUEST bytes=8000000000000000010001000100000001010001300c000000000000000000000000000000000000000000000000000000000000000000000004b204010000000000b20401000000000002000000000003000000000000000000000018000000c85cc8560b000000
AO46_AGX_PRIVATE_WINSYS_RETURN capture_id=15 name=resource-create storage=0x0000000100604220 x0=0x0000000b5700c8d0 x1=0x000000016fdf9d18
AO46_AGX_PRIVATE_WINSYS_CALL name=resource-gpu-address capture_id=16 return_hook=1 x0=0x0000000b5700c8d0 x1=0x0000000b5700c8d0 x2=0x0000000000000000 x3=0x0000000b5700c948 x4=0x00000001000abc3f x5=0x000000016fdf97b0
AO46_AGX_PRIVATE_WINSYS_RETURN capture_id=16 name=resource-gpu-address storage=0x0000000b5700c8d0 x0=0x0000010000018400 x1=0x0000000b5700c8d0
AO46_AGX_PRIVATE_WINSYS_CALL name=resource-create capture_id=17 return_hook=1 x0=0x0000000100604220 x1=0x000000016fdf9f18 x2=0x0000000000000068 x3=0x0000000000000001 x4=0x0000000000000000 x5=0x000000016fdf9f18
Selector 9, 3B03, 3B03
AGX_CALL selector=9 scalar_in=0 struct_in=104 scalar_out_capacity=0 struct_out_capacity=88
3B03: call 9 (out 0x16fdf9d20, 88), struct:
000000  80 00 00 00 00 00 00 00 01 00 01 00 01 00 00 00  | €...............
000010  01 01 00 01 30 0C 00 00 00 00 00 00 00 00 00 00  | ....0...........
000020  00 00 00 00 00 00 00 00 00 00 00 00 00 00 00 00  | ................
000030  00 00 00 00 00 00 00 00 00 06 B2 04 01 00 00 00  | ................
000040  00 00 B2 04 01 00 00 00 00 00 02 00 00 00 00 00  | ................
000050  03 00 00 00 00 00 00 00 00 00 00 00 18 00 00 00  | ................
000060  C8 5C C8 56 0B 00 00 00
AGX_RESULT selector=9 status=0 scalar_out=0 struct_out=88
MODERN_ALLOCATE_MEM handle=9 gpu=10000018600 cpu=0 size=1fa00 attributes=80 storage=0xc30 write_combined=0 private=0 reused=0
MODERN_ALLOCATE_REQUEST size_units_candidate=2
MODERN_ALLOCATE_REQUEST bytes=8000000000000000010001000100000001010001300c000000000000000000000000000000000000000000000000000000000000000000000006b204010000000000b20401000000000002000000000003000000000000000000000018000000c85cc8560b000000
AO46_AGX_PRIVATE_WINSYS_RETURN capture_id=17 name=resource-create storage=0x0000000100604220 x0=0x0000000b5700c830 x1=0x000000016fdf9d18
AO46_AGX_PRIVATE_WINSYS_CALL name=resource-gpu-address capture_id=18 return_hook=1 x0=0x0000000b5700c830 x1=0x0000000b5700c830 x2=0x0000000000000000 x3=0x0000000b5700c8a8 x4=0x00000001000abc3f x5=0x000000016fdf97b0
AO46_AGX_PRIVATE_WINSYS_RETURN capture_id=18 name=resource-gpu-address storage=0x0000000b5700c830 x0=0x0000010000018600 x1=0x0000000b5700c830
AO46_AGX_PRIVATE_WINSYS_CALL name=resource-create capture_id=19 return_hook=1 x0=0x0000000100604220 x1=0x000000016fdf9f28 x2=0x0000000000000068 x3=0x0000000000000001 x4=0x0000000000000000 x5=0x000000016fdf9f28
Selector 9, 3B03, 3B03
AGX_CALL selector=9 scalar_in=0 struct_in=104 scalar_out_capacity=0 struct_out_capacity=88
3B03: call 9 (out 0x16fdf9d30, 88), struct:
000000  80 00 00 00 00 00 00 00 01 00 01 00 01 00 00 00  | €...............
000010  01 01 00 01 30 0C 00 00 00 00 00 00 00 00 00 00  | ....0...........
000020  00 00 00 00 00 00 00 00 00 00 00 00 00 00 00 00  | ................
000030  00 00 00 00 00 00 00 00 00 07 B2 04 01 00 00 00  | ................
000040  00 00 B2 04 01 00 00 00 00 00 02 00 00 00 00 00  | ................
000050  03 00 00 00 00 00 00 00 00 00 00 00 18 00 00 00  | ................
000060  40 65 C8 56 0B 00 00 00
AGX_RESULT selector=9 status=0 scalar_out=0 struct_out=88
MODERN_ALLOCATE_MEM handle=10 gpu=10000018700 cpu=0 size=1f900 attributes=80 storage=0xc30 write_combined=0 private=0 reused=0
MODERN_ALLOCATE_REQUEST size_units_candidate=2
MODERN_ALLOCATE_REQUEST bytes=8000000000000000010001000100000001010001300c000000000000000000000000000000000000000000000000000000000000000000000007b204010000000000b204010000000000020000000000030000000000000000000000180000004065c8560b000000
AO46_AGX_PRIVATE_WINSYS_RETURN capture_id=19 name=resource-create storage=0x0000000100604220 x0=0x0000000b5700c970 x1=0x000000016fdf9d28
AO46_AGX_PRIVATE_WINSYS_CALL name=resource-gpu-address capture_id=20 return_hook=1 x0=0x0000000b5700c970 x1=0x0000000b5700c970 x2=0x0000000000000000 x3=0x0000000b5700c9e8 x4=0x00000001000abc3f x5=0x000000016fdf97c0
AO46_AGX_PRIVATE_WINSYS_RETURN capture_id=20 name=resource-gpu-address storage=0x0000000b5700c970 x0=0x0000010000018700 x1=0x0000000b5700c970
AO46_AGX_PRIVATE_WINSYS_CALL name=resource-create capture_id=21 return_hook=1 x0=0x0000000100604220 x1=0x000000016fdf9f28 x2=0x0000000000000068 x3=0x0000000000000001 x4=0x0000000000000000 x5=0x000000016fdf9f28
Selector 9, 3B03, 3B03
AGX_CALL selector=9 scalar_in=0 struct_in=104 scalar_out_capacity=0 struct_out_capacity=88
3B03: call 9 (out 0x16fdf9d30, 88), struct:
000000  80 00 00 00 00 00 00 00 01 00 01 00 01 00 00 00  | €...............
000010  01 01 00 01 30 0C 00 00 00 00 00 00 00 00 00 00  | ....0...........
000020  00 00 00 00 00 00 00 00 00 00 00 00 00 00 00 00  | ................
000030  00 00 00 00 00 00 00 00 00 08 B2 04 01 00 00 00  | ................
000040  00 00 B2 04 01 00 00 00 00 00 02 00 00 00 00 00  | ................
000050  03 00 00 00 00 00 00 00 00 00 00 00 18 00 00 00  | ................
000060  60 68 C8 56 0B 00 00 00
AGX_RESULT selector=9 status=0 scalar_out=0 struct_out=88
MODERN_ALLOCATE_MEM handle=11 gpu=10000018800 cpu=0 size=1f800 attributes=80 storage=0xc30 write_combined=0 private=0 reused=0
MODERN_ALLOCATE_REQUEST size_units_candidate=2
MODERN_ALLOCATE_REQUEST bytes=8000000000000000010001000100000001010001300c000000000000000000000000000000000000000000000000000000000000000000000008b204010000000000b204010000000000020000000000030000000000000000000000180000006068c8560b000000
AO46_AGX_PRIVATE_WINSYS_RETURN capture_id=21 name=resource-create storage=0x0000000100604220 x0=0x0000000b5700ca10 x1=0x000000016fdf9d28
AO46_AGX_PRIVATE_WINSYS_CALL name=resource-gpu-address capture_id=22 return_hook=1 x0=0x0000000b5700ca10 x1=0x0000000b5700ca10 x2=0x0000000000000000 x3=0x0000000b5700ca88 x4=0x00000001000abc3f x5=0x000000016fdf97c0
AO46_AGX_PRIVATE_WINSYS_RETURN capture_id=22 name=resource-gpu-address storage=0x0000000b5700ca10 x0=0x0000010000018800 x1=0x0000000b5700ca10
AO46_AGX_PRIVATE_WINSYS_CALL name=resource-create capture_id=23 return_hook=1 x0=0x0000000100604220 x1=0x000000016fdf9f38 x2=0x0000000000000068 x3=0xfffff0007fc00000 x4=0x0000000b56ca4200 x5=0x0000000000000001
Selector 9, 3B03, 3B03
AGX_CALL selector=9 scalar_in=0 struct_in=104 scalar_out_capacity=0 struct_out_capacity=88
3B03: call 9 (out 0x16fdf9d40, 88), struct:
000000  80 00 00 00 00 00 00 00 01 00 01 00 01 00 00 00  | €...............
000010  01 01 00 01 30 0C 00 00 00 00 00 00 00 00 00 00  | ....0...........
000020  00 00 00 00 00 00 00 00 00 00 00 00 00 00 00 00  | ................
000030  00 00 00 00 00 00 00 00 00 09 B2 04 01 00 00 00  | ................
000040  00 00 B2 04 01 00 00 00 00 00 02 00 00 00 00 00  | ................
000050  03 00 00 00 00 00 00 00 00 00 00 00 18 00 00 00  | ................
000060  80 6B C8 56 0B 00 00 00
AGX_RESULT selector=9 status=0 scalar_out=0 struct_out=88
MODERN_ALLOCATE_MEM handle=12 gpu=10000018900 cpu=0 size=1f700 attributes=80 storage=0xc30 write_combined=0 private=0 reused=0
MODERN_ALLOCATE_REQUEST size_units_candidate=2
MODERN_ALLOCATE_REQUEST bytes=8000000000000000010001000100000001010001300c000000000000000000000000000000000000000000000000000000000000000000000009b204010000000000b20401000000000002000000000003000000000000000000000018000000806bc8560b000000
AO46_AGX_PRIVATE_WINSYS_RETURN capture_id=23 name=resource-create storage=0x0000000100604220 x0=0x0000000b5700cab0 x1=0x000000016fdf9d38
AO46_AGX_PRIVATE_WINSYS_CALL name=resource-gpu-address capture_id=24 return_hook=1 x0=0x0000000b5700cab0 x1=0x0000000b5700cab0 x2=0x0000000000000000 x3=0x0000000b5700cb28 x4=0x00000001000abc3f x5=0x000000016fdf97d0
AO46_AGX_PRIVATE_WINSYS_RETURN capture_id=24 name=resource-gpu-address storage=0x0000000b5700cab0 x0=0x0000010000018900 x1=0x0000000b5700cab0
AO46_AGX_PRIVATE_WINSYS_CALL name=resource-create capture_id=25 return_hook=1 x0=0x0000000100604220 x1=0x000000016fdf9f28 x2=0x0000000000000068 x3=0x0000000000000001 x4=0x0000000000000000 x5=0x000000016fdf9f28
Selector 9, 3B03, 3B03
AGX_CALL selector=9 scalar_in=0 struct_in=104 scalar_out_capacity=0 struct_out_capacity=88
3B03: call 9 (out 0x16fdf9d30, 88), struct:
000000  80 00 00 00 00 00 00 00 01 00 01 00 01 00 00 00  | €...............
000010  01 01 00 01 30 0C 00 00 00 00 00 00 00 00 00 00  | ....0...........
000020  00 00 00 00 00 00 00 00 00 00 00 00 00 00 00 00  | ................
000030  00 00 00 00 00 00 00 00 00 19 B2 04 01 00 00 00  | ................
000040  00 00 B2 04 01 00 00 00 00 00 02 00 00 00 00 00  | ................
000050  03 00 00 00 00 00 00 00 00 00 00 00 18 00 00 00  | ................
000060  A0 6E C8 56 0B 00 00 00
AGX_RESULT selector=9 status=0 scalar_out=0 struct_out=88
MODERN_ALLOCATE_MEM handle=13 gpu=10000019900 cpu=0 size=1e700 attributes=80 storage=0xc30 write_combined=0 private=0 reused=0
MODERN_ALLOCATE_REQUEST size_units_candidate=2
MODERN_ALLOCATE_REQUEST bytes=8000000000000000010001000100000001010001300c000000000000000000000000000000000000000000000000000000000000000000000019b204010000000000b20401000000000002000000000003000000000000000000000018000000a06ec8560b000000
AO46_AGX_PRIVATE_WINSYS_RETURN capture_id=25 name=resource-create storage=0x0000000100604220 x0=0x0000000b5700cb50 x1=0x000000016fdf9d28
AO46_AGX_PRIVATE_WINSYS_CALL name=resource-gpu-address capture_id=26 return_hook=1 x0=0x0000000b5700cb50 x1=0x0000000b5700cb50 x2=0x0000000000000000 x3=0x0000000b5700cbc8 x4=0x00000001000abc3f x5=0x000000016fdf97c0
AO46_AGX_PRIVATE_WINSYS_RETURN capture_id=26 name=resource-gpu-address storage=0x0000000b5700cb50 x0=0x0000010000019900 x1=0x0000000b5700cb50
AO46_AGX_PRIVATE_WINSYS_CALL name=resource-create capture_id=27 return_hook=1 x0=0x0000000100604220 x1=0x000000016fdf9f28 x2=0x0000000000000068 x3=0x0000000000000001 x4=0x0000000000000000 x5=0x000000016fdf9f28
Selector 9, 3B03, 3B03
AGX_CALL selector=9 scalar_in=0 struct_in=104 scalar_out_capacity=0 struct_out_capacity=88
3B03: call 9 (out 0x16fdf9d30, 88), struct:
000000  80 00 00 00 00 00 00 00 01 00 01 00 01 00 00 00  | €...............
000010  01 01 00 01 30 0C 00 00 00 00 00 00 00 00 00 00  | ....0...........
000020  00 00 00 00 00 00 00 00 00 00 00 00 00 00 00 00  | ................
000030  00 00 00 00 00 00 00 00 00 1A B2 04 01 00 00 00  | ................
000040  00 00 B2 04 01 00 00 00 00 00 02 00 00 00 00 00  | ................
000050  03 00 00 00 00 00 00 00 00 00 00 00 18 00 00 00  | ................
000060  A8 71 C8 56 0B 00 00 00
AGX_RESULT selector=9 status=0 scalar_out=0 struct_out=88
MODERN_ALLOCATE_MEM handle=14 gpu=10000019a00 cpu=0 size=1e600 attributes=80 storage=0xc30 write_combined=0 private=0 reused=0
MODERN_ALLOCATE_REQUEST size_units_candidate=2
MODERN_ALLOCATE_REQUEST bytes=8000000000000000010001000100000001010001300c00000000000000000000000000000000000000000000000000000000000000000000001ab204010000000000b20401000000000002000000000003000000000000000000000018000000a871c8560b000000
AO46_AGX_PRIVATE_WINSYS_RETURN capture_id=27 name=resource-create storage=0x0000000100604220 x0=0x0000000b5700cbf0 x1=0x000000016fdf9d28
AO46_AGX_PRIVATE_WINSYS_CALL name=resource-gpu-address capture_id=28 return_hook=1 x0=0x0000000b5700cbf0 x1=0x0000000b5700cbf0 x2=0x0000000000000000 x3=0x0000000b5700cc68 x4=0x00000001000abc3f x5=0x000000016fdf97c0
AO46_AGX_PRIVATE_WINSYS_RETURN capture_id=28 name=resource-gpu-address storage=0x0000000b5700cbf0 x0=0x0000010000019a00 x1=0x0000000b5700cbf0
AO46_AGX_PRIVATE_WINSYS_CALL name=resource-create capture_id=29 return_hook=1 x0=0x0000000100604220 x1=0x000000016fdf9f28 x2=0x0000000000000068 x3=0x0000000000000001 x4=0x0000000000000000 x5=0x000000016fdf9f28
Selector 9, 3B03, 3B03
AGX_CALL selector=9 scalar_in=0 struct_in=104 scalar_out_capacity=0 struct_out_capacity=88
3B03: call 9 (out 0x16fdf9d30, 88), struct:
000000  80 00 00 00 00 00 00 00 01 00 01 00 01 00 00 00  | €...............
000010  01 01 00 01 30 0C 00 00 00 00 00 00 00 00 00 00  | ....0...........
000020  00 00 00 00 00 00 00 00 00 00 00 00 00 00 00 00  | ................
000030  00 00 00 00 00 00 00 00 00 1B B2 04 01 00 00 00  | ................
000040  00 00 B2 04 01 00 00 00 00 00 02 00 00 00 00 00  | ................
000050  03 00 00 00 00 00 00 00 00 00 00 00 18 00 00 00  | ................
000060  B0 74 C8 56 0B 00 00 00
AGX_RESULT selector=9 status=0 scalar_out=0 struct_out=88
MODERN_ALLOCATE_MEM handle=15 gpu=10000019b00 cpu=0 size=1e500 attributes=80 storage=0xc30 write_combined=0 private=0 reused=0
MODERN_ALLOCATE_REQUEST size_units_candidate=2
MODERN_ALLOCATE_REQUEST bytes=8000000000000000010001000100000001010001300c00000000000000000000000000000000000000000000000000000000000000000000001bb204010000000000b20401000000000002000000000003000000000000000000000018000000b074c8560b000000
AO46_AGX_PRIVATE_WINSYS_RETURN capture_id=29 name=resource-create storage=0x0000000100604220 x0=0x0000000b5700cc90 x1=0x000000016fdf9d28
AO46_AGX_PRIVATE_WINSYS_CALL name=resource-gpu-address capture_id=30 return_hook=1 x0=0x0000000b5700cc90 x1=0x0000000b5700cc90 x2=0x0000000000000000 x3=0x0000000b5700cd08 x4=0x00000001000abc3f x5=0x000000016fdf97c0
AO46_AGX_PRIVATE_WINSYS_RETURN capture_id=30 name=resource-gpu-address storage=0x0000000b5700cc90 x0=0x0000010000019b00 x1=0x0000000b5700cc90
AO46_AGX_PRIVATE_WINSYS_CALL name=resource-create capture_id=31 return_hook=1 x0=0x0000000100604220 x1=0x000000016fdf9f28 x2=0x0000000000000068 x3=0x0000000000000001 x4=0x0000000000000000 x5=0x000000016fdf9f28
Selector 9, 3B03, 3B03
AGX_CALL selector=9 scalar_in=0 struct_in=104 scalar_out_capacity=0 struct_out_capacity=88
3B03: call 9 (out 0x16fdf9d30, 88), struct:
000000  80 00 00 00 00 00 00 00 01 00 01 00 01 00 00 00  | €...............
000010  01 01 00 01 30 0C 00 00 00 00 00 00 00 00 00 00  | ....0...........
000020  00 00 00 00 00 00 00 00 00 00 00 00 00 00 00 00  | ................
000030  00 00 00 00 00 00 00 00 00 1C B2 04 01 00 00 00  | ................
000040  00 00 B2 04 01 00 00 00 00 00 02 00 00 00 00 00  | ................
000050  03 00 00 00 00 00 00 00 00 00 00 00 18 00 00 00  | ................
000060  B8 77 C8 56 0B 00 00 00
AGX_RESULT selector=9 status=0 scalar_out=0 struct_out=88
MODERN_ALLOCATE_MEM handle=16 gpu=10000019c00 cpu=0 size=1e400 attributes=80 storage=0xc30 write_combined=0 private=0 reused=0
MODERN_ALLOCATE_REQUEST size_units_candidate=2
MODERN_ALLOCATE_REQUEST bytes=8000000000000000010001000100000001010001300c00000000000000000000000000000000000000000000000000000000000000000000001cb204010000000000b20401000000000002000000000003000000000000000000000018000000b877c8560b000000
AO46_AGX_PRIVATE_WINSYS_RETURN capture_id=31 name=resource-create storage=0x0000000100604220 x0=0x0000000b5700cd30 x1=0x000000016fdf9d28
AO46_AGX_PRIVATE_WINSYS_CALL name=resource-gpu-address capture_id=32 return_hook=1 x0=0x0000000b5700cd30 x1=0x0000000b5700cd30 x2=0x0000000000000000 x3=0x0000000b5700cda8 x4=0x00000001000abc3f x5=0x000000016fdf97c0
AO46_AGX_PRIVATE_WINSYS_RETURN capture_id=32 name=resource-gpu-address storage=0x0000000b5700cd30 x0=0x0000010000019c00 x1=0x0000000b5700cd30
AO46_AGX_PRIVATE_WINSYS_CALL name=resource-create capture_id=33 return_hook=1 x0=0x0000000100604220 x1=0x000000016fdf9f28 x2=0x0000000000000068 x3=0x0000000000000001 x4=0x0000000000000000 x5=0x000000016fdf9f28
Selector 9, 3B03, 3B03
AGX_CALL selector=9 scalar_in=0 struct_in=104 scalar_out_capacity=0 struct_out_capacity=88
3B03: call 9 (out 0x16fdf9d30, 88), struct:
000000  80 00 00 00 00 00 00 00 01 00 01 00 01 00 00 00  | €...............
000010  01 01 00 01 30 0C 00 00 00 00 00 00 00 00 00 00  | ....0...........
000020  00 00 00 00 00 00 00 00 00 00 00 00 00 00 00 00  | ................
000030  00 00 00 00 00 00 00 00 00 24 B2 04 01 00 00 00  | .........$......
000040  00 00 B2 04 01 00 00 00 00 00 02 00 00 00 00 00  | ................
000050  03 00 00 00 00 00 00 00 00 00 00 00 18 00 00 00  | ................
000060  C0 7A C8 56 0B 00 00 00
AGX_RESULT selector=9 status=0 scalar_out=0 struct_out=88
MODERN_ALLOCATE_MEM handle=17 gpu=1000001a400 cpu=0 size=1dc00 attributes=80 storage=0xc30 write_combined=0 private=0 reused=0
MODERN_ALLOCATE_REQUEST size_units_candidate=2
MODERN_ALLOCATE_REQUEST bytes=8000000000000000010001000100000001010001300c000000000000000000000000000000000000000000000000000000000000000000000024b204010000000000b20401000000000002000000000003000000000000000000000018000000c07ac8560b000000
AO46_AGX_PRIVATE_WINSYS_RETURN capture_id=33 name=resource-create storage=0x0000000100604220 x0=0x0000000b5700cdd0 x1=0x000000016fdf9d28
AO46_AGX_PRIVATE_WINSYS_CALL name=resource-gpu-address capture_id=34 return_hook=1 x0=0x0000000b5700cdd0 x1=0x0000000b5700cdd0 x2=0x0000000000000000 x3=0x0000000b5700ce48 x4=0x00000001000abc3f x5=0x000000016fdf97c0
AO46_AGX_PRIVATE_WINSYS_RETURN capture_id=34 name=resource-gpu-address storage=0x0000000b5700cdd0 x0=0x000001000001a400 x1=0x0000000b5700cdd0
AO46_AGX_PRIVATE_WINSYS_CALL name=resource-create capture_id=35 return_hook=1 x0=0x0000000100604220 x1=0x000000016fdf9ce8 x2=0x0000000000000068 x3=0x0000000000000001 x4=0x0000000000000000 x5=0x000000016fdf9ce8
Selector 9, 3B03, 3B03
AGX_CALL selector=9 scalar_in=0 struct_in=104 scalar_out_capacity=0 struct_out_capacity=88
3B03: call 9 (out 0x16fdf9af0, 88), struct:
000000  80 00 00 00 00 00 00 00 01 00 01 00 01 00 00 00  | €...............
000010  01 01 00 01 30 0C 00 00 00 00 00 00 00 00 00 00  | ....0...........
000020  00 00 00 00 00 00 00 00 00 00 00 00 00 00 00 00  | ................
000030  00 00 00 00 00 00 00 00 00 25 B2 04 01 00 00 00  | .........%......
000040  00 00 B2 04 01 00 00 00 00 00 02 00 00 00 00 00  | ................
000050  03 00 00 00 00 00 00 00 00 00 00 00 18 00 00 00  | ................
000060  C8 0A 0B 0E 01 00 00 00
AGX_RESULT selector=9 status=0 scalar_out=0 struct_out=88
MODERN_ALLOCATE_MEM handle=18 gpu=1000001a500 cpu=0 size=1db00 attributes=80 storage=0xc30 write_combined=0 private=0 reused=0
MODERN_ALLOCATE_REQUEST size_units_candidate=2
MODERN_ALLOCATE_REQUEST bytes=8000000000000000010001000100000001010001300c000000000000000000000000000000000000000000000000000000000000000000000025b204010000000000b20401000000000002000000000003000000000000000000000018000000c80a0b0e01000000
AO46_AGX_PRIVATE_WINSYS_RETURN capture_id=35 name=resource-create storage=0x0000000100604220 x0=0x0000000b5700ce70 x1=0x000000016fdf9ae8
AO46_AGX_PRIVATE_WINSYS_CALL name=resource-gpu-address capture_id=36 return_hook=1 x0=0x0000000b5700ce70 x1=0x0000000b5700ce70 x2=0x0000000000000000 x3=0x0000000b5700cee8 x4=0x00000001000abc3f x5=0x000000016fdf9580
AO46_AGX_PRIVATE_WINSYS_RETURN capture_id=36 name=resource-gpu-address storage=0x0000000b5700ce70 x0=0x000001000001a500 x1=0x0000000b5700ce70
AO46_AGX_PRIVATE_WINSYS_CALL name=resource-create capture_id=37 return_hook=1 x0=0x0000000100604220 x1=0x000000016fdf9c88 x2=0x0000000000000068 x3=0x0000000000000001 x4=0x0000000000020020 x5=0x000000016fdf9c88
Selector 9, 3B03, 3B03
AGX_CALL selector=9 scalar_in=0 struct_in=104 scalar_out_capacity=0 struct_out_capacity=88
3B03: call 9 (out 0x16fdf9a50, 88), struct:
000000  00 00 00 00 00 00 00 00 01 00 01 00 01 00 00 00  | ................
000010  01 01 00 01 70 04 00 00 00 00 00 00 00 00 00 00  | ....p...........
000020  00 00 00 00 00 00 00 00 00 00 00 00 00 00 00 00  | ................
000030  01 00 00 00 00 00 00 00 00 00 00 00 00 00 00 00  | ................
000040  00 00 00 00 00 00 00 00 00 00 02 00 00 00 00 00  | ................
000050  00 00 00 00 00 00 00 00 00 00 00 00 00 00 00 00  | ................
000060  C8 0A 0B 0E 01 00 00 00
AGX_RESULT selector=9 status=0 scalar_out=0 struct_out=88
MODERN_ALLOCATE_MEM handle=19 gpu=10000058000 cpu=104b64000 size=20000 attributes=0 storage=0x470 write_combined=0 private=0 reused=0
MODERN_ALLOCATE_REQUEST size_units_candidate=2
MODERN_ALLOCATE_REQUEST bytes=000000000000000001000100010000000101000170040000000000000000000000000000000000000000000000000000010000000000000000000000000000000000000000000000000002000000000000000000000000000000000000000000c80a0b0e01000000
AO46_AGX_PRIVATE_WINSYS_RETURN capture_id=37 name=resource-create storage=0x0000000100604220 x0=0x0000000b5700cf10 x1=0x000000016fdf9a48
AO46_AGX_PRIVATE_WINSYS_CALL name=resource-gpu-address capture_id=38 return_hook=1 x0=0x0000000b5700cf10 x1=0x0000000b5700cf10 x2=0x0000000000000000 x3=0x0000000b5700cf88 x4=0x00000001000abc3f x5=0x000000016fdf94e0
AO46_AGX_PRIVATE_WINSYS_RETURN capture_id=38 name=resource-gpu-address storage=0x0000000b5700cf10 x0=0x0000010000058000 x1=0x0000000b5700cf10
AO46_AGX_PRIVATE_WINSYS_CALL name=resource-create capture_id=39 return_hook=1 x0=0x0000000100604220 x1=0x000000016fdf9f78 x2=0x0000000000000068 x3=0x0000000000000001 x4=0x0000000000020020 x5=0x000000016fdf9f78
Selector 9, 3B03, 3B03
AGX_CALL selector=9 scalar_in=0 struct_in=104 scalar_out_capacity=0 struct_out_capacity=88
3B03: call 9 (out 0x16fdf9d80, 88), struct:
000000  80 00 00 00 00 00 00 00 01 00 01 00 01 00 00 00  | €...............
000010  01 01 00 01 30 0C 00 00 00 00 00 00 00 00 00 00  | ....0...........
000020  00 00 00 00 00 00 00 00 00 00 00 00 00 00 00 00  | ................
000030  00 00 00 00 00 00 00 00 00 40 B6 04 01 00 00 00  | .........@......
000040  00 40 B6 04 01 00 00 00 00 00 02 00 00 00 00 00  | .@..............
000050  13 00 00 00 00 00 00 00 00 00 00 00 18 00 00 00  | ................
000060  C8 0A 0B 0E 01 00 00 00
AGX_RESULT selector=9 status=0 scalar_out=0 struct_out=88
MODERN_ALLOCATE_MEM handle=20 gpu=10000058000 cpu=0 size=20000 attributes=80 storage=0xc30 write_combined=0 private=0 reused=0
MODERN_ALLOCATE_REQUEST size_units_candidate=2
MODERN_ALLOCATE_REQUEST bytes=8000000000000000010001000100000001010001300c000000000000000000000000000000000000000000000000000000000000000000000040b604010000000040b60401000000000002000000000013000000000000000000000018000000c80a0b0e01000000
AO46_AGX_PRIVATE_WINSYS_RETURN capture_id=39 name=resource-create storage=0x0000000100604220 x0=0x0000000b5700cfb0 x1=0x000000016fdf9d78
AO46_AGX_PRIVATE_WINSYS_CALL name=resource-gpu-address capture_id=40 return_hook=1 x0=0x0000000b5700cfb0 x1=0x0000000b5700cfb0 x2=0x0000000000000000 x3=0x0000000b5700d028 x4=0x00000001000abc3f x5=0x000000016fdf9810
AO46_AGX_PRIVATE_WINSYS_RETURN capture_id=40 name=resource-gpu-address storage=0x0000000b5700cfb0 x0=0x0000010000058000 x1=0x0000000b5700cfb0
AO46_AGX_RENDER_RECORD allocate color-target-rgba8
AO46_AGX_PRIVATE_WINSYS_CALL name=resource-create capture_id=41 return_hook=1 x0=0x0000000100604220 x1=0x000000016fdfa3e0 x2=0x0000000000000068 x3=0x0000000000000001 x4=0x0000000000000000 x5=0x000000016fdfa3e0
Selector 9, 3B03, 3B03
AGX_CALL selector=9 scalar_in=0 struct_in=104 scalar_out_capacity=0 struct_out_capacity=88
3B03: call 9 (out 0x16fdfa250, 88), struct:
000000  00 00 00 00 00 00 00 00 40 00 40 00 01 00 00 00  | ........@.@.....
000010  01 01 00 04 30 04 00 00 00 00 00 00 00 00 00 00  | ....0...........
000020  00 00 00 00 00 00 00 00 00 00 00 00 00 00 00 00  | ................
*
000040  00 00 00 00 00 00 00 00 80 40 00 00 00 00 00 00  | ........€@......
000050  00 00 00 00 00 00 00 00 00 8F 88 80 05 00 00 00  | ...........€....
000060  00 40 00 00 00 00 00 00
AGX_RESULT selector=9 status=0 scalar_out=0 struct_out=88
MODERN_ALLOCATE_MEM handle=21 gpu=10000080000 cpu=104b84000 size=8000 attributes=0 storage=0x430 write_combined=0 private=0 reused=0
MODERN_ALLOCATE_REQUEST size_units_candidate=0
MODERN_ALLOCATE_REQUEST bytes=00000000000000004000400001000000010100043004000000000000000000000000000000000000000000000000000000000000000000000000000000000000000000000000000080400000000000000000000000000000008f8880050000000040000000000000
AO46_AGX_PRIVATE_WINSYS_RETURN capture_id=41 name=resource-create storage=0x0000000100604220 x0=0x0000000b5700d050 x1=0x000000016fdfa248
AO46_AGX_PRIVATE_WINSYS_CALL name=resource-gpu-address capture_id=42 return_hook=1 x0=0x0000000b5700d050 x1=0x0000000b5700d050 x2=0x0000000000000000 x3=0x0000000b5700d0c8 x4=0x00000001000abc3f x5=0x000000016fdf9ce0
AO46_AGX_PRIVATE_WINSYS_RETURN capture_id=42 name=resource-gpu-address storage=0x0000000b5700d050 x0=0x0000010000080000 x1=0x0000000b5700d050
AO46_AGX_RENDER_RECORD render fullscreen-triangle-to-color-target
Selector 6, 3B03, 3B03
AGX_CALL selector=6 scalar_in=0 struct_in=0 scalar_out_capacity=0 struct_out_capacity=16
3B03: call 6 (out 0x16fdfa2d8, 16)
AGX_RESULT selector=6 status=0 scalar_out=0 struct_out=16
AO46_AGX_PRIVATE_WINSYS_CALL name=command-storage-create capture_id=43 return_hook=1 x0=0x000000010060bac0 x1=0x000000010060bda0 x2=0x00000007757247ee x3=0x0000000000000001 x4=0x000000018376f757 x5=0x000000016fdf9db0
Selector 14, 3B03, 3B03
AGX_CALL selector=14 scalar_in=2 struct_in=0 scalar_out_capacity=0 struct_out_capacity=16
3B03: call E (out 0x16fdfa1a0, 16) 4000 0
AGX_RESULT selector=14 status=0 scalar_out=0 struct_out=16
Selector 14, 3B03, 3B03
AGX_CALL selector=14 scalar_in=2 struct_in=0 scalar_out_capacity=0 struct_out_capacity=16
3B03: call E (out 0x16fdfa1a0, 16) 4000 1
AGX_RESULT selector=14 status=0 scalar_out=0 struct_out=16
AO46_AGX_PRIVATE_WINSYS_CALL name=begin-kernel-commands capture_id=44 return_hook=1 x0=0x0000000b56d6c000 x1=0x0000000104b90000 x2=0xffffffffffffffec x3=0x0000000104b9006c x4=0x0000000104b90080 x5=0x000000016fdf9cc0
AO46_AGX_PRIVATE_WINSYS_RETURN capture_id=44 name=begin-kernel-commands storage=0x0000000b56d6c000 x0=0x0000000b56d6c000 x1=0x0000000104b90000
AO46_AGX_PRIVATE_WINSYS_RETURN capture_id=43 name=command-storage-create storage=0x000000010060bac0 x0=0x0000000b56d6c000 x1=0x0000000104b90000
AO46_AGX_PRIVATE_WINSYS_CALL name=resource-create capture_id=45 return_hook=1 x0=0x0000000100604220 x1=0x000000016fdf80e0 x2=0x0000000000000068 x3=0x0000000000000001 x4=0x0000000000000000 x5=0x000000016fdf80e0
Selector 9, 3B03, 3B03
AGX_CALL selector=9 scalar_in=0 struct_in=104 scalar_out_capacity=0 struct_out_capacity=88
3B03: call 9 (out 0x16fdf8020, 88), struct:
000000  00 00 00 00 00 00 00 00 01 00 01 00 01 00 00 00  | ................
000010  01 01 00 01 30 04 00 00 00 00 00 00 00 00 00 00  | ....0...........
000020  00 00 00 00 00 00 00 00 00 00 00 00 00 00 00 00  | ................
*
000040  00 00 00 00 00 00 00 00 00 40 07 00 00 00 00 00  | .........@......
000050  00 00 00 00 00 00 00 00 00 00 00 08 18 00 00 00  | ................
000060  00 00 00 00 00 00 00 00
AGX_RESULT selector=9 status=0 scalar_out=0 struct_out=88
MODERN_ALLOCATE_MEM handle=22 gpu=10000090000 cpu=104b94000 size=74000 attributes=0 storage=0x430 write_combined=0 private=0 reused=0
MODERN_ALLOCATE_REQUEST size_units_candidate=7
MODERN_ALLOCATE_REQUEST bytes=0000000000000000010001000100000001010001300400000000000000000000000000000000000000000000000000000000000000000000000000000000000000000000000000000040070000000000000000000000000000000008180000000000000000000000
AO46_AGX_PRIVATE_WINSYS_RETURN capture_id=45 name=resource-create storage=0x0000000100604220 x0=0x0000000b5700d0f0 x1=0x000000016fdf8018
AO46_AGX_PRIVATE_WINSYS_CALL name=resource-gpu-address capture_id=46 return_hook=1 x0=0x0000000b5700d0f0 x1=0x0000000b5700d0f0 x2=0x0000000000000000 x3=0x0000000b5700d168 x4=0x00000001000abc3f x5=0x000000016fdf7ab0
AO46_AGX_PRIVATE_WINSYS_RETURN capture_id=46 name=resource-gpu-address storage=0x0000000b5700d0f0 x0=0x0000010000090000 x1=0x0000000b5700d0f0
AO46_AGX_PRIVATE_WINSYS_CALL name=begin-segment capture_id=47 return_hook=1 x0=0x0000000b56d6c000 x1=0x0000000104b900ac x2=0x0000000000000000 x3=0x0000000100321ec0 x4=0x0000000b571e03f0 x5=0x0000000000000000
AO46_AGX_PRIVATE_WINSYS_CALL name=resource-list-reset capture_id=0 return_hook=0 x0=0x0000000b56d6c090 x1=0x0000000104b8c048 x2=0x0000000000003fb8 x3=0x0000000000000001 x4=0x0000000b571e03f0 x5=0x0000000000000000
AO46_AGX_PRIVATE_WINSYS_RETURN capture_id=47 name=begin-segment storage=0x0000000b56d6c000 x0=0x0000000610400300 x1=0x0000000000000000
AO46_AGX_PRIVATE_WINSYS_CALL name=alloc-resource-at-index capture_id=48 return_hook=1 x0=0x0000000b56d6c000 x1=0x0000000000000000 x2=0x0000000000000001 x3=0x00000006104003c0 x4=0x0000000610400380 x5=0x0000000000000000
AO46_AGX_PRIVATE_WINSYS_CALL name=resource-create capture_id=49 return_hook=1 x0=0x0000000100604220 x1=0x0000000100615f10 x2=0x0000000000000068 x3=0x0000000000000001 x4=0x0000000000000000 x5=0x0000000100615f10
Selector 9, 3B03, 3B03
AGX_CALL selector=9 scalar_in=0 struct_in=104 scalar_out_capacity=0 struct_out_capacity=88
3B03: call 9 (out 0x16fdf9380, 88), struct:
000000  00 00 00 00 00 00 00 00 00 80 01 00 01 00 00 00  | .........€......
000010  01 01 00 01 30 C4 00 00 00 00 00 00 00 00 00 00  | ....0...........
000020  00 00 00 00 00 00 00 00 00 00 00 00 00 00 00 00  | ................
*
000040  00 00 00 00 00 00 00 00 00 80 00 00 00 00 00 00  | .........€......
000050  00 00 00 00 00 00 00 00 00 00 00 38 00 00 00 00  | ...........8....
000060  00 00 00 00 00 00 00 00
AGX_RESULT selector=9 status=0 scalar_out=0 struct_out=88
MODERN_ALLOCATE_MEM handle=23 gpu=18000 cpu=104c08000 size=8000 attributes=0 storage=0xc430 write_combined=0 private=0 reused=0
MODERN_ALLOCATE_REQUEST size_units_candidate=0
MODERN_ALLOCATE_REQUEST bytes=000000000000000000800100010000000101000130c400000000000000000000000000000000000000000000000000000000000000000000000000000000000000000000000000000080000000000000000000000000000000000038000000000000000000000000
AO46_AGX_PRIVATE_WINSYS_RETURN capture_id=49 name=resource-create storage=0x0000000100604220 x0=0x0000000b5700d190 x1=0x000000016fdf9378
AO46_AGX_PRIVATE_WINSYS_CALL name=resource-gpu-address capture_id=50 return_hook=1 x0=0x0000000b5700d190 x1=0x0000000b5700d190 x2=0x0000000000000000 x3=0x0000000b5700d208 x4=0x00000001000abc3f x5=0x000000016fdf8e10
AO46_AGX_PRIVATE_WINSYS_RETURN capture_id=50 name=resource-gpu-address storage=0x0000000b5700d190 x0=0x0000000000018000 x1=0x0000000b5700d190
AO46_AGX_PRIVATE_WINSYS_RETURN capture_id=48 name=alloc-resource-at-index storage=0x0000000b56d6c000 x0=0x0000000000000000 x1=0x0000000000000103
AO46_AGX_PRIVATE_WINSYS_CALL name=resource-list-add-resource capture_id=0 return_hook=0 x0=0x0000000b56d6c090 x1=0x0000000b56d98040 x2=0x0000000000000001 x3=0x0000000000000103 x4=0x00000001000abc3f x5=0x000000016fdf8e10
AO46_AGX_PRIVATE_WINSYS_CALL name=alloc-resource-at-index capture_id=51 return_hook=1 x0=0x0000000b56d6c000 x1=0x0000000000000001 x2=0x0000000000000001 x3=0x0000000000000000 x4=0x00000001000abc3f x5=0x000000016fdf8e10
AO46_AGX_PRIVATE_WINSYS_CALL name=resource-create capture_id=52 return_hook=1 x0=0x0000000100604220 x1=0x0000000100615ff0 x2=0x0000000000000068 x3=0xfffff0007fc00000 x4=0x0000000b5718c180 x5=0x0000000100615ff0
Selector 9, 3B03, 3B03
AGX_CALL selector=9 scalar_in=0 struct_in=104 scalar_out_capacity=0 struct_out_capacity=88
3B03: call 9 (out 0x16fdf9380, 88), struct:
000000  00 00 00 00 00 00 00 00 00 80 01 00 01 00 00 00  | .........€......
000010  01 01 00 01 30 C4 00 00 00 00 00 00 00 00 00 00  | ....0...........
000020  00 00 00 00 00 00 00 00 00 00 00 00 00 00 00 00  | ................
*
000040  00 00 00 00 00 00 00 00 00 80 00 00 00 00 00 00  | .........€......
000050  00 00 00 00 00 00 00 00 00 00 00 38 00 00 00 00  | ...........8....
000060  00 00 00 00 00 00 00 00
AGX_RESULT selector=9 status=0 scalar_out=0 struct_out=88
MODERN_ALLOCATE_MEM handle=24 gpu=28000 cpu=104c10000 size=8000 attributes=0 storage=0xc430 write_combined=0 private=0 reused=0
MODERN_ALLOCATE_REQUEST size_units_candidate=0
MODERN_ALLOCATE_REQUEST bytes=000000000000000000800100010000000101000130c400000000000000000000000000000000000000000000000000000000000000000000000000000000000000000000000000000080000000000000000000000000000000000038000000000000000000000000
AO46_AGX_PRIVATE_WINSYS_RETURN capture_id=52 name=resource-create storage=0x0000000100604220 x0=0x0000000b5700d230 x1=0x000000016fdf9378
AO46_AGX_PRIVATE_WINSYS_CALL name=resource-gpu-address capture_id=53 return_hook=1 x0=0x0000000b5700d230 x1=0x0000000b5700d230 x2=0x0000000000000000 x3=0x0000000b5700d2a8 x4=0x00000001000abc3f x5=0x000000016fdf8e10
AO46_AGX_PRIVATE_WINSYS_RETURN capture_id=53 name=resource-gpu-address storage=0x0000000b5700d230 x0=0x0000000000028000 x1=0x0000000b5700d230
AO46_AGX_PRIVATE_WINSYS_RETURN capture_id=51 name=alloc-resource-at-index storage=0x0000000b56d6c000 x0=0x0000000000000000 x1=0x0000000000000103
AO46_AGX_PRIVATE_WINSYS_CALL name=resource-list-add-resource capture_id=0 return_hook=0 x0=0x0000000b56d6c090 x1=0x0000000b56d981c0 x2=0x0000000000000001 x3=0x0000000000000103 x4=0x0000000b5722f280 x5=0x0000000000000001
AO46_AGX_PRIVATE_WINSYS_CALL name=alloc-resource-at-index capture_id=54 return_hook=1 x0=0x0000000b56d6c000 x1=0x0000000000000002 x2=0x0000000000000001 x3=0x0000000000000000 x4=0x0000000b5722f280 x5=0x0000000000000001
AO46_AGX_PRIVATE_WINSYS_CALL name=resource-create capture_id=55 return_hook=1 x0=0x0000000100604220 x1=0x0000000100606590 x2=0x0000000000000068 x3=0x0000000000000001 x4=0x0000000000000000 x5=0x0000000100606590
Selector 9, 3B03, 3B03
AGX_CALL selector=9 scalar_in=0 struct_in=104 scalar_out_capacity=0 struct_out_capacity=88
3B03: call 9 (out 0x16fdf9380, 88), struct:
000000  00 00 00 00 00 00 00 00 00 80 01 00 01 00 00 00  | .........€......
000010  01 01 00 01 30 C4 00 00 00 00 00 00 00 00 00 00  | ....0...........
000020  00 00 00 00 00 00 00 00 00 00 00 00 00 00 00 00  | ................
*
000040  00 00 00 00 00 00 00 00 00 80 00 00 00 00 00 00  | .........€......
000050  00 00 00 00 00 00 00 00 00 00 00 38 00 00 00 00  | ...........8....
000060  00 00 00 00 00 00 00 00
AGX_RESULT selector=9 status=0 scalar_out=0 struct_out=88
MODERN_ALLOCATE_MEM handle=25 gpu=38000 cpu=104c18000 size=8000 attributes=0 storage=0xc430 write_combined=0 private=0 reused=0
MODERN_ALLOCATE_REQUEST size_units_candidate=0
MODERN_ALLOCATE_REQUEST bytes=000000000000000000800100010000000101000130c400000000000000000000000000000000000000000000000000000000000000000000000000000000000000000000000000000080000000000000000000000000000000000038000000000000000000000000
AO46_AGX_PRIVATE_WINSYS_RETURN capture_id=55 name=resource-create storage=0x0000000100604220 x0=0x0000000b5700d2d0 x1=0x000000016fdf9378
AO46_AGX_PRIVATE_WINSYS_CALL name=resource-gpu-address capture_id=56 return_hook=1 x0=0x0000000b5700d2d0 x1=0x0000000b5700d2d0 x2=0x0000000000000000 x3=0x0000000b5700d348 x4=0x00000001000abc3f x5=0x000000016fdf8e10
AO46_AGX_PRIVATE_WINSYS_RETURN capture_id=56 name=resource-gpu-address storage=0x0000000b5700d2d0 x0=0x0000000000038000 x1=0x0000000b5700d2d0
AO46_AGX_PRIVATE_WINSYS_RETURN capture_id=54 name=alloc-resource-at-index storage=0x0000000b56d6c000 x0=0x0000000000000000 x1=0x0000000000000103
AO46_AGX_PRIVATE_WINSYS_CALL name=resource-list-add-resource capture_id=0 return_hook=0 x0=0x0000000b56d6c090 x1=0x0000000b56d98340 x2=0x0000000000000001 x3=0x0000000000000103 x4=0x00000001000abc3f x5=0x000000016fdf8e10
AO46_AGX_PRIVATE_WINSYS_CALL name=alloc-resource-at-index capture_id=57 return_hook=1 x0=0x0000000b56d6c000 x1=0x0000000000000003 x2=0x0000000000000001 x3=0x0000000000000000 x4=0x00000001000abc3f x5=0x000000016fdf8e10
AO46_AGX_PRIVATE_WINSYS_CALL name=resource-create capture_id=58 return_hook=1 x0=0x0000000100604220 x1=0x0000000100610700 x2=0x0000000000000068 x3=0x0000000000000001 x4=0x0000000000000000 x5=0x0000000100610700
Selector 9, 3B03, 3B03
AGX_CALL selector=9 scalar_in=0 struct_in=104 scalar_out_capacity=0 struct_out_capacity=88
3B03: call 9 (out 0x16fdf9380, 88), struct:
000000  00 00 00 00 00 00 00 00 00 80 01 00 01 00 00 00  | .........€......
000010  01 01 00 01 30 44 00 00 00 00 00 00 00 00 00 00  | ....0D..........
000020  00 00 00 00 00 00 00 00 00 00 00 00 00 00 00 00  | ................
*
000040  00 00 00 00 00 00 00 00 00 80 00 00 00 00 00 00  | .........€......
000050  00 00 00 00 00 00 00 00 00 00 00 08 48 00 00 00  | ............H...
000060  00 00 00 00 00 00 00 00
AGX_RESULT selector=9 status=0 scalar_out=0 struct_out=88
MODERN_ALLOCATE_MEM handle=26 gpu=10000108000 cpu=104c20000 size=8000 attributes=0 storage=0x4430 write_combined=0 private=0 reused=0
MODERN_ALLOCATE_REQUEST size_units_candidate=0
MODERN_ALLOCATE_REQUEST bytes=0000000000000000008001000100000001010001304400000000000000000000000000000000000000000000000000000000000000000000000000000000000000000000000000000080000000000000000000000000000000000008480000000000000000000000
AO46_AGX_PRIVATE_WINSYS_RETURN capture_id=58 name=resource-create storage=0x0000000100604220 x0=0x0000000b5700d370 x1=0x000000016fdf9378
AO46_AGX_PRIVATE_WINSYS_CALL name=resource-gpu-address capture_id=59 return_hook=1 x0=0x0000000b5700d370 x1=0x0000000b5700d370 x2=0x0000000000000000 x3=0x0000000b5700d3e8 x4=0x00000001000abc3f x5=0x000000016fdf8e10
AO46_AGX_PRIVATE_WINSYS_RETURN capture_id=59 name=resource-gpu-address storage=0x0000000b5700d370 x0=0x0000010000108000 x1=0x0000000b5700d370
AO46_AGX_PRIVATE_WINSYS_RETURN capture_id=57 name=alloc-resource-at-index storage=0x0000000b56d6c000 x0=0x0000000000000000 x1=0x0000000000000103
AO46_AGX_PRIVATE_WINSYS_CALL name=resource-list-add-resource capture_id=0 return_hook=0 x0=0x0000000b56d6c090 x1=0x0000000b56d984c0 x2=0x0000000000000001 x3=0x0000000000000103 x4=0x00000001000abc3f x5=0x000000016fdf8e10
AO46_AGX_PRIVATE_WINSYS_CALL name=alloc-resource-at-index capture_id=60 return_hook=1 x0=0x0000000b56d6c000 x1=0x0000000000000004 x2=0x0000000000000004 x3=0x0000000000000000 x4=0x00000001000abc3f x5=0x000000016fdf8e10
AO46_AGX_PRIVATE_WINSYS_CALL name=resource-create capture_id=61 return_hook=1 x0=0x0000000100604220 x1=0x000000010060f8c0 x2=0x0000000000000068 x3=0x0000000000000001 x4=0x0000000000000000 x5=0x000000010060f8c0
Selector 9, 3B03, 3B03
AGX_CALL selector=9 scalar_in=0 struct_in=104 scalar_out_capacity=0 struct_out_capacity=88
3B03: call 9 (out 0x16fdf9380, 88), struct:
000000  00 00 00 00 00 00 00 00 00 80 01 00 01 00 00 00  | .........€......
000010  01 01 00 01 30 44 00 00 00 00 00 00 00 00 00 00  | ....0D..........
000020  00 00 00 00 00 00 00 00 00 00 00 00 00 00 00 00  | ................
*
000040  00 00 00 00 00 00 00 00 00 80 00 00 00 00 00 00  | .........€......
000050  00 00 00 00 00 00 00 00 00 00 00 08 00 00 00 00  | ................
000060  00 00 00 00 00 00 00 00
AGX_RESULT selector=9 status=0 scalar_out=0 struct_out=88
MODERN_ALLOCATE_MEM handle=27 gpu=10000118000 cpu=104c28000 size=8000 attributes=0 storage=0x4430 write_combined=0 private=0 reused=0
MODERN_ALLOCATE_REQUEST size_units_candidate=0
MODERN_ALLOCATE_REQUEST bytes=0000000000000000008001000100000001010001304400000000000000000000000000000000000000000000000000000000000000000000000000000000000000000000000000000080000000000000000000000000000000000008000000000000000000000000
AO46_AGX_PRIVATE_WINSYS_RETURN capture_id=61 name=resource-create storage=0x0000000100604220 x0=0x0000000b5700d410 x1=0x000000016fdf9378
AO46_AGX_PRIVATE_WINSYS_CALL name=resource-gpu-address capture_id=62 return_hook=1 x0=0x0000000b5700d410 x1=0x0000000b5700d410 x2=0x0000000000000000 x3=0x0000000b5700d488 x4=0x00000001000abc3f x5=0x000000016fdf8e10
AO46_AGX_PRIVATE_WINSYS_RETURN capture_id=62 name=resource-gpu-address storage=0x0000000b5700d410 x0=0x0000010000118000 x1=0x0000000b5700d410
AO46_AGX_PRIVATE_WINSYS_RETURN capture_id=60 name=alloc-resource-at-index storage=0x0000000b56d6c000 x0=0x0000000000000000 x1=0x0000000000000103
AO46_AGX_PRIVATE_WINSYS_CALL name=resource-list-add-resource capture_id=0 return_hook=0 x0=0x0000000b56d6c090 x1=0x0000000b56d98640 x2=0x0000000000000004 x3=0x0000000000000103 x4=0x00000001000abc3f x5=0x000000016fdf8e10
AO46_AGX_PRIVATE_WINSYS_CALL name=alloc-resource-at-index capture_id=63 return_hook=1 x0=0x0000000b56d6c000 x1=0x0000000000000005 x2=0x0000000000000001 x3=0x0000000000000000 x4=0x00000001000abc3f x5=0x000000016fdf8e10
AO46_AGX_PRIVATE_WINSYS_CALL name=resource-create capture_id=64 return_hook=1 x0=0x0000000100604220 x1=0x000000010060f9a0 x2=0x0000000000000068 x3=0x0000000000000001 x4=0x0000000000000000 x5=0x000000010060f9a0
Selector 9, 3B03, 3B03
AGX_CALL selector=9 scalar_in=0 struct_in=104 scalar_out_capacity=0 struct_out_capacity=88
3B03: call 9 (out 0x16fdf9380, 88), struct:
000000  00 00 00 00 00 00 00 00 00 80 01 00 01 00 00 00  | .........€......
000010  01 01 00 01 30 44 00 00 00 00 00 00 00 00 00 00  | ....0D..........
000020  00 00 00 00 00 00 00 00 00 00 00 00 00 00 00 00  | ................
*
000040  00 00 00 00 00 00 00 00 00 80 00 00 00 00 00 00  | .........€......
000050  00 00 00 00 00 00 00 00 00 00 00 18 00 00 00 00  | ................
000060  00 00 00 00 00 00 00 00
AGX_RESULT selector=9 status=0 scalar_out=0 struct_out=88
MODERN_ALLOCATE_MEM handle=28 gpu=10000128000 cpu=104c30000 size=8000 attributes=0 storage=0x4430 write_combined=0 private=0 reused=0
MODERN_ALLOCATE_REQUEST size_units_candidate=0
MODERN_ALLOCATE_REQUEST bytes=0000000000000000008001000100000001010001304400000000000000000000000000000000000000000000000000000000000000000000000000000000000000000000000000000080000000000000000000000000000000000018000000000000000000000000
AO46_AGX_PRIVATE_WINSYS_RETURN capture_id=64 name=resource-create storage=0x0000000100604220 x0=0x0000000b5700d4b0 x1=0x000000016fdf9378
AO46_AGX_PRIVATE_WINSYS_CALL name=resource-gpu-address capture_id=65 return_hook=1 x0=0x0000000b5700d4b0 x1=0x0000000b5700d4b0 x2=0x0000000000000000 x3=0x0000000b5700d528 x4=0x00000001000abc3f x5=0x000000016fdf8e10
AO46_AGX_PRIVATE_WINSYS_RETURN capture_id=65 name=resource-gpu-address storage=0x0000000b5700d4b0 x0=0x0000010000128000 x1=0x0000000b5700d4b0
AO46_AGX_PRIVATE_WINSYS_RETURN capture_id=63 name=alloc-resource-at-index storage=0x0000000b56d6c000 x0=0x0000000000000000 x1=0x0000000000000103
AO46_AGX_PRIVATE_WINSYS_CALL name=resource-list-add-resource capture_id=0 return_hook=0 x0=0x0000000b56d6c090 x1=0x0000000b56d987c0 x2=0x0000000000000001 x3=0x0000000000000103 x4=0x00000001000abc3f x5=0x000000016fdf8e10
AO46_AGX_PRIVATE_WINSYS_CALL name=alloc-resource-at-index capture_id=66 return_hook=1 x0=0x0000000b56d6c000 x1=0x0000000000000006 x2=0x0000000000000004 x3=0x0000000000000000 x4=0x00000001000abc3f x5=0x000000016fdf8e10
AO46_AGX_PRIVATE_WINSYS_CALL name=resource-create capture_id=67 return_hook=1 x0=0x0000000100604220 x1=0x000000010061ba40 x2=0x0000000000000068 x3=0x0000000000000001 x4=0x0000000000000000 x5=0x000000010061ba40
Selector 9, 3B03, 3B03
AGX_CALL selector=9 scalar_in=0 struct_in=104 scalar_out_capacity=0 struct_out_capacity=88
3B03: call 9 (out 0x16fdf9380, 88), struct:
000000  00 00 00 00 00 00 00 00 00 80 01 00 01 00 00 00  | .........€......
000010  01 01 00 01 30 44 00 00 00 00 00 00 00 00 00 00  | ....0D..........
000020  00 00 00 00 00 00 00 00 00 00 00 00 00 00 00 00  | ................
*
000040  00 00 00 00 00 00 00 00 00 80 00 00 00 00 00 00  | .........€......
000050  00 00 00 00 00 00 00 00 00 00 00 18 00 00 00 00  | ................
000060  00 00 00 00 00 00 00 00
AGX_RESULT selector=9 status=0 scalar_out=0 struct_out=88
MODERN_ALLOCATE_MEM handle=29 gpu=10000138000 cpu=104c38000 size=8000 attributes=0 storage=0x4430 write_combined=0 private=0 reused=0
MODERN_ALLOCATE_REQUEST size_units_candidate=0
MODERN_ALLOCATE_REQUEST bytes=0000000000000000008001000100000001010001304400000000000000000000000000000000000000000000000000000000000000000000000000000000000000000000000000000080000000000000000000000000000000000018000000000000000000000000
AO46_AGX_PRIVATE_WINSYS_RETURN capture_id=67 name=resource-create storage=0x0000000100604220 x0=0x0000000b5700d550 x1=0x000000016fdf9378
AO46_AGX_PRIVATE_WINSYS_CALL name=resource-gpu-address capture_id=68 return_hook=1 x0=0x0000000b5700d550 x1=0x0000000b5700d550 x2=0x0000000000000000 x3=0x0000000b5700d5c8 x4=0x00000001000abc3f x5=0x000000016fdf8e10
AO46_AGX_PRIVATE_WINSYS_RETURN capture_id=68 name=resource-gpu-address storage=0x0000000b5700d550 x0=0x0000010000138000 x1=0x0000000b5700d550
AO46_AGX_PRIVATE_WINSYS_RETURN capture_id=66 name=alloc-resource-at-index storage=0x0000000b56d6c000 x0=0x0000000000000000 x1=0x0000000000000103
AO46_AGX_PRIVATE_WINSYS_CALL name=resource-list-add-resource capture_id=0 return_hook=0 x0=0x0000000b56d6c090 x1=0x0000000b56d98940 x2=0x0000000000000004 x3=0x0000000000000103 x4=0x0000000b57250080 x5=0x0000000000000001
AO46_AGX_PRIVATE_WINSYS_CALL name=alloc-resource-at-index capture_id=69 return_hook=1 x0=0x0000000b56d6c000 x1=0x0000000000000008 x2=0x0000000000000004 x3=0x0000000000000000 x4=0x0000000b57250080 x5=0x0000000000000001
AO46_AGX_PRIVATE_WINSYS_CALL name=resource-create capture_id=70 return_hook=1 x0=0x0000000100604220 x1=0x000000010061bc00 x2=0x0000000000000068 x3=0x0000000000000001 x4=0x0000000000000000 x5=0x000000010061bc00
Selector 9, 3B03, 3B03
AGX_CALL selector=9 scalar_in=0 struct_in=104 scalar_out_capacity=0 struct_out_capacity=88
3B03: call 9 (out 0x16fdf9380, 88), struct:
000000  00 00 00 00 00 00 00 00 00 00 01 00 01 00 00 00  | ................
000010  01 01 00 01 30 44 00 00 00 00 00 00 00 00 00 00  | ....0D..........
000020  00 00 00 00 00 00 00 00 00 00 00 00 00 00 00 00  | ................
*
000040  00 00 00 00 00 00 00 00 00 00 10 00 00 00 00 00  | ................
000050  00 00 00 00 00 00 00 00 00 00 00 18 00 00 00 00  | ................
000060  00 00 00 00 00 00 00 00
AGX_RESULT selector=9 status=0 scalar_out=0 struct_out=88
MODERN_ALLOCATE_MEM handle=30 gpu=10000148000 cpu=104c40000 size=100000 attributes=0 storage=0x4430 write_combined=0 private=0 reused=0
MODERN_ALLOCATE_REQUEST size_units_candidate=16
MODERN_ALLOCATE_REQUEST bytes=0000000000000000000001000100000001010001304400000000000000000000000000000000000000000000000000000000000000000000000000000000000000000000000000000000100000000000000000000000000000000018000000000000000000000000
AO46_AGX_PRIVATE_WINSYS_RETURN capture_id=70 name=resource-create storage=0x0000000100604220 x0=0x0000000b5700d5f0 x1=0x000000016fdf9378
AO46_AGX_PRIVATE_WINSYS_CALL name=resource-gpu-address capture_id=71 return_hook=1 x0=0x0000000b5700d5f0 x1=0x0000000b5700d5f0 x2=0x0000000000000000 x3=0x0000000b5700d668 x4=0x00000001000abc3f x5=0x000000016fdf8e10
AO46_AGX_PRIVATE_WINSYS_RETURN capture_id=71 name=resource-gpu-address storage=0x0000000b5700d5f0 x0=0x0000010000148000 x1=0x0000000b5700d5f0
AO46_AGX_PRIVATE_WINSYS_RETURN capture_id=69 name=alloc-resource-at-index storage=0x0000000b56d6c000 x0=0x0000000000000000 x1=0x0000000000000103
AO46_AGX_PRIVATE_WINSYS_CALL name=resource-list-add-resource capture_id=0 return_hook=0 x0=0x0000000b56d6c090 x1=0x0000000b56d98ac0 x2=0x0000000000000004 x3=0x0000000000000103 x4=0x00000001000abc3f x5=0x000000016fdf8e10
AO46_AGX_PRIVATE_WINSYS_CALL name=alloc-resource-at-index capture_id=72 return_hook=1 x0=0x0000000b56d6c000 x1=0x0000000000000009 x2=0x0000000000000001 x3=0x0000000000000000 x4=0x00000001000abc3f x5=0x000000016fdf8e10
AO46_AGX_PRIVATE_WINSYS_CALL name=resource-create capture_id=73 return_hook=1 x0=0x0000000100604220 x1=0x0000000100616cd0 x2=0x0000000000000068 x3=0x0000000000000001 x4=0x0000000000000000 x5=0x0000000100616cd0
Selector 9, 3B03, 3B03
AGX_CALL selector=9 scalar_in=0 struct_in=104 scalar_out_capacity=0 struct_out_capacity=88
3B03: call 9 (out 0x16fdf9380, 88), struct:
000000  00 00 00 00 00 00 00 00 00 80 01 00 01 00 00 00  | .........€......
000010  01 01 00 01 30 C4 00 00 00 00 00 00 00 00 00 00  | ....0...........
000020  00 00 00 00 00 00 00 00 00 00 00 00 00 00 00 00  | ................
*
000040  00 00 00 00 00 00 00 00 00 80 00 00 00 00 00 00  | .........€......
000050  00 00 00 00 00 00 00 00 00 00 00 38 00 00 00 00  | ...........8....
000060  00 00 00 00 00 00 00 00
AGX_RESULT selector=9 status=0 scalar_out=0 struct_out=88
MODERN_ALLOCATE_MEM handle=31 gpu=48000 cpu=104d40000 size=8000 attributes=0 storage=0xc430 write_combined=0 private=0 reused=0
MODERN_ALLOCATE_REQUEST size_units_candidate=0
MODERN_ALLOCATE_REQUEST bytes=000000000000000000800100010000000101000130c400000000000000000000000000000000000000000000000000000000000000000000000000000000000000000000000000000080000000000000000000000000000000000038000000000000000000000000
AO46_AGX_PRIVATE_WINSYS_RETURN capture_id=73 name=resource-create storage=0x0000000100604220 x0=0x0000000b5700d690 x1=0x000000016fdf9378
AO46_AGX_PRIVATE_WINSYS_CALL name=resource-gpu-address capture_id=74 return_hook=1 x0=0x0000000b5700d690 x1=0x0000000b5700d690 x2=0x0000000000000000 x3=0x0000000b5700d708 x4=0x00000001000abc3f x5=0x000000016fdf8e10
AO46_AGX_PRIVATE_WINSYS_RETURN capture_id=74 name=resource-gpu-address storage=0x0000000b5700d690 x0=0x0000000000048000 x1=0x0000000b5700d690
AO46_AGX_PRIVATE_WINSYS_RETURN capture_id=72 name=alloc-resource-at-index storage=0x0000000b56d6c000 x0=0x0000000000000000 x1=0x0000000000000103
AO46_AGX_PRIVATE_WINSYS_CALL name=resource-list-add-resource capture_id=0 return_hook=0 x0=0x0000000b56d6c090 x1=0x0000000b56d98c40 x2=0x0000000000000001 x3=0x0000000000000103 x4=0x0000000b57250a80 x5=0x0000000000000001
AO46_AGX_PRIVATE_WINSYS_CALL name=alloc-resource-at-index capture_id=75 return_hook=1 x0=0x0000000b56d6c000 x1=0x000000000000000b x2=0x0000000000000004 x3=0x0000000000000000 x4=0x0000000b57250a80 x5=0x0000000000000001
AO46_AGX_PRIVATE_WINSYS_CALL name=resource-create capture_id=76 return_hook=1 x0=0x0000000100604220 x1=0x0000000610444070 x2=0x0000000000000068 x3=0x0000000000000001 x4=0x0000000000000000 x5=0x0000000610444070
Selector 9, 3B03, 3B03
AGX_CALL selector=9 scalar_in=0 struct_in=104 scalar_out_capacity=0 struct_out_capacity=88
3B03: call 9 (out 0x16fdf9380, 88), struct:
000000  00 00 00 00 00 00 00 00 00 80 01 00 01 00 00 00  | .........€......
000010  01 01 00 01 30 44 00 00 00 00 00 00 00 00 00 00  | ....0D..........
000020  00 00 00 00 00 00 00 00 00 00 00 00 00 00 00 00  | ................
*
000040  00 00 00 00 00 00 00 00 00 80 00 00 00 00 00 00  | .........€......
000050  00 00 00 00 00 00 00 00 00 00 00 18 00 00 00 00  | ................
000060  00 00 00 00 00 00 00 00
AGX_RESULT selector=9 status=0 scalar_out=0 struct_out=88
MODERN_ALLOCATE_MEM handle=32 gpu=10000250000 cpu=104d48000 size=8000 attributes=0 storage=0x4430 write_combined=0 private=0 reused=0
MODERN_ALLOCATE_REQUEST size_units_candidate=0
MODERN_ALLOCATE_REQUEST bytes=0000000000000000008001000100000001010001304400000000000000000000000000000000000000000000000000000000000000000000000000000000000000000000000000000080000000000000000000000000000000000018000000000000000000000000
AO46_AGX_PRIVATE_WINSYS_RETURN capture_id=76 name=resource-create storage=0x0000000100604220 x0=0x0000000b5700d730 x1=0x000000016fdf9378
AO46_AGX_PRIVATE_WINSYS_CALL name=resource-gpu-address capture_id=77 return_hook=1 x0=0x0000000b5700d730 x1=0x0000000b5700d730 x2=0x0000000000000000 x3=0x0000000b5700d7a8 x4=0x00000001000abc3f x5=0x000000016fdf8e10
AO46_AGX_PRIVATE_WINSYS_RETURN capture_id=77 name=resource-gpu-address storage=0x0000000b5700d730 x0=0x0000010000250000 x1=0x0000000b5700d730
AO46_AGX_PRIVATE_WINSYS_RETURN capture_id=75 name=alloc-resource-at-index storage=0x0000000b56d6c000 x0=0x0000000000000000 x1=0x0000000000000103
AO46_AGX_PRIVATE_WINSYS_CALL name=resource-list-add-resource capture_id=0 return_hook=0 x0=0x0000000b56d6c090 x1=0x0000000b56d98dc0 x2=0x0000000000000004 x3=0x0000000000000103 x4=0x00000001000abc3f x5=0x000000016fdf8e10
AO46_AGX_PRIVATE_WINSYS_CALL name=alloc-resource-at-index capture_id=78 return_hook=1 x0=0x0000000b56d6c000 x1=0x000000000000000c x2=0x0000000000000001 x3=0x0000000000000000 x4=0x00000001000abc3f x5=0x000000016fdf8e10
AO46_AGX_PRIVATE_WINSYS_CALL name=resource-create capture_id=79 return_hook=1 x0=0x0000000100604220 x1=0x00000006104440e0 x2=0x0000000000000068 x3=0x0000000000000001 x4=0x0000000000000000 x5=0x00000006104440e0
Selector 9, 3B03, 3B03
AGX_CALL selector=9 scalar_in=0 struct_in=104 scalar_out_capacity=0 struct_out_capacity=88
3B03: call 9 (out 0x16fdf9380, 88), struct:
000000  00 00 00 00 00 00 00 00 00 80 01 00 01 00 00 00  | .........€......
000010  01 01 00 01 30 44 00 00 00 00 00 00 00 00 00 00  | ....0D..........
000020  00 00 00 00 00 00 00 00 00 00 00 00 00 00 00 00  | ................
*
000040  00 00 00 00 00 00 00 00 00 80 00 00 00 00 00 00  | .........€......
000050  00 00 00 00 00 00 00 00 00 00 00 08 00 00 00 00  | ................
000060  00 00 00 00 00 00 00 00
AGX_RESULT selector=9 status=0 scalar_out=0 struct_out=88
MODERN_ALLOCATE_MEM handle=33 gpu=10000260000 cpu=104d50000 size=8000 attributes=0 storage=0x4430 write_combined=0 private=0 reused=0
MODERN_ALLOCATE_REQUEST size_units_candidate=0
MODERN_ALLOCATE_REQUEST bytes=0000000000000000008001000100000001010001304400000000000000000000000000000000000000000000000000000000000000000000000000000000000000000000000000000080000000000000000000000000000000000008000000000000000000000000
AO46_AGX_PRIVATE_WINSYS_RETURN capture_id=79 name=resource-create storage=0x0000000100604220 x0=0x0000000b5700d7d0 x1=0x000000016fdf9378
AO46_AGX_PRIVATE_WINSYS_CALL name=resource-gpu-address capture_id=80 return_hook=1 x0=0x0000000b5700d7d0 x1=0x0000000b5700d7d0 x2=0x0000000000000000 x3=0x0000000b5700d848 x4=0x00000001000abc3f x5=0x000000016fdf8e10
AO46_AGX_PRIVATE_WINSYS_RETURN capture_id=80 name=resource-gpu-address storage=0x0000000b5700d7d0 x0=0x0000010000260000 x1=0x0000000b5700d7d0
AO46_AGX_PRIVATE_WINSYS_RETURN capture_id=78 name=alloc-resource-at-index storage=0x0000000b56d6c000 x0=0x0000000000000000 x1=0x0000000000000103
AO46_AGX_PRIVATE_WINSYS_CALL name=resource-list-add-resource capture_id=0 return_hook=0 x0=0x0000000b56d6c090 x1=0x0000000b56d98f40 x2=0x0000000000000001 x3=0x0000000000000103 x4=0x0000000b57251480 x5=0x0000000000000001
AO46_AGX_PRIVATE_WINSYS_CALL name=alloc-resource-at-index capture_id=81 return_hook=1 x0=0x0000000b56d6c000 x1=0x000000000000000d x2=0x0000000000000001 x3=0x0000000000000000 x4=0x0000000b57251480 x5=0x0000000000000001
AO46_AGX_PRIVATE_WINSYS_CALL name=resource-create capture_id=82 return_hook=1 x0=0x0000000100604220 x1=0x0000000610444150 x2=0x0000000000000068 x3=0x0000000000000001 x4=0x0000000000000000 x5=0x0000000610444150
Selector 9, 3B03, 3B03
AGX_CALL selector=9 scalar_in=0 struct_in=104 scalar_out_capacity=0 struct_out_capacity=88
3B03: call 9 (out 0x16fdf9380, 88), struct:
000000  00 00 00 00 00 00 00 00 00 80 01 00 01 00 00 00  | .........€......
000010  01 01 00 01 30 44 00 00 00 00 00 00 00 00 00 00  | ....0D..........
000020  00 00 00 00 00 00 00 00 00 00 00 00 00 00 00 00  | ................
*
000040  00 00 00 00 00 00 00 00 00 80 00 00 00 00 00 00  | .........€......
000050  00 00 00 00 00 00 00 00 00 00 00 08 00 00 00 00  | ................
000060  00 00 00 00 00 00 00 00
AGX_RESULT selector=9 status=0 scalar_out=0 struct_out=88
MODERN_ALLOCATE_MEM handle=34 gpu=10000270000 cpu=104d58000 size=8000 attributes=0 storage=0x4430 write_combined=0 private=0 reused=0
MODERN_ALLOCATE_REQUEST size_units_candidate=0
MODERN_ALLOCATE_REQUEST bytes=0000000000000000008001000100000001010001304400000000000000000000000000000000000000000000000000000000000000000000000000000000000000000000000000000080000000000000000000000000000000000008000000000000000000000000
AO46_AGX_PRIVATE_WINSYS_RETURN capture_id=82 name=resource-create storage=0x0000000100604220 x0=0x0000000b5700d870 x1=0x000000016fdf9378
AO46_AGX_PRIVATE_WINSYS_CALL name=resource-gpu-address capture_id=83 return_hook=1 x0=0x0000000b5700d870 x1=0x0000000b5700d870 x2=0x0000000000000000 x3=0x0000000b5700d8e8 x4=0x00000001000abc3f x5=0x000000016fdf8e10
AO46_AGX_PRIVATE_WINSYS_RETURN capture_id=83 name=resource-gpu-address storage=0x0000000b5700d870 x0=0x0000010000270000 x1=0x0000000b5700d870
AO46_AGX_PRIVATE_WINSYS_RETURN capture_id=81 name=alloc-resource-at-index storage=0x0000000b56d6c000 x0=0x0000000000000000 x1=0x0000000000000103
AO46_AGX_PRIVATE_WINSYS_CALL name=resource-list-add-resource capture_id=0 return_hook=0 x0=0x0000000b56d6c090 x1=0x0000000b56d990c0 x2=0x0000000000000001 x3=0x0000000000000103 x4=0x00000001000abc3f x5=0x000000016fdf8e10
AO46_AGX_PRIVATE_WINSYS_CALL name=alloc-resource-at-index capture_id=84 return_hook=1 x0=0x0000000b56d6c000 x1=0x000000000000000f x2=0x0000000000000001 x3=0x0000000000000000 x4=0x00000001000abc3f x5=0x000000016fdf8e10
AO46_AGX_PRIVATE_WINSYS_CALL name=resource-create capture_id=85 return_hook=1 x0=0x0000000100604220 x1=0x0000000610444230 x2=0x0000000000000068 x3=0x0000000000000001 x4=0x0000000000000000 x5=0x0000000610444230
Selector 9, 3B03, 3B03
AGX_CALL selector=9 scalar_in=0 struct_in=104 scalar_out_capacity=0 struct_out_capacity=88
3B03: call 9 (out 0x16fdf9380, 88), struct:
000000  00 00 00 00 00 00 00 00 00 80 01 00 01 00 00 00  | .........€......
000010  01 01 00 01 30 44 00 00 00 00 00 00 00 00 00 00  | ....0D..........
000020  00 00 00 00 00 00 00 00 00 00 00 00 00 00 00 00  | ................
*
000040  00 00 00 00 00 00 00 00 00 80 00 00 00 00 00 00  | .........€......
000050  00 00 00 00 00 00 00 00 00 00 00 08 00 00 00 00  | ................
000060  00 00 00 00 00 00 00 00
AGX_RESULT selector=9 status=0 scalar_out=0 struct_out=88
MODERN_ALLOCATE_MEM handle=35 gpu=10000280000 cpu=104d60000 size=8000 attributes=0 storage=0x4430 write_combined=0 private=0 reused=0
MODERN_ALLOCATE_REQUEST size_units_candidate=0
MODERN_ALLOCATE_REQUEST bytes=0000000000000000008001000100000001010001304400000000000000000000000000000000000000000000000000000000000000000000000000000000000000000000000000000080000000000000000000000000000000000008000000000000000000000000
AO46_AGX_PRIVATE_WINSYS_RETURN capture_id=85 name=resource-create storage=0x0000000100604220 x0=0x0000000b5700d910 x1=0x000000016fdf9378
AO46_AGX_PRIVATE_WINSYS_CALL name=resource-gpu-address capture_id=86 return_hook=1 x0=0x0000000b5700d910 x1=0x0000000b5700d910 x2=0x0000000000000000 x3=0x0000000b5700d988 x4=0x00000001000abc3f x5=0x000000016fdf8e10
AO46_AGX_PRIVATE_WINSYS_RETURN capture_id=86 name=resource-gpu-address storage=0x0000000b5700d910 x0=0x0000010000280000 x1=0x0000000b5700d910
AO46_AGX_PRIVATE_WINSYS_RETURN capture_id=84 name=alloc-resource-at-index storage=0x0000000b56d6c000 x0=0x0000000000000000 x1=0x0000000000000103
AO46_AGX_PRIVATE_WINSYS_CALL name=resource-list-add-resource capture_id=0 return_hook=0 x0=0x0000000b56d6c090 x1=0x0000000b56d99240 x2=0x0000000000000001 x3=0x0000000000000103 x4=0x0000000b57251e80 x5=0x0000000000000001
AO46_AGX_PRIVATE_WINSYS_CALL name=alloc-resource-at-index capture_id=87 return_hook=1 x0=0x0000000b56d6c000 x1=0x0000000000000015 x2=0x0000000000000001 x3=0x0000000000000000 x4=0x0000000b57251e80 x5=0x0000000000000001
AO46_AGX_PRIVATE_WINSYS_CALL name=resource-create capture_id=88 return_hook=1 x0=0x0000000100604220 x1=0x00000006104444d0 x2=0x0000000000000068 x3=0x0000000000000001 x4=0x0000000000000000 x5=0x00000006104444d0
Selector 9, 3B03, 3B03
AGX_CALL selector=9 scalar_in=0 struct_in=104 scalar_out_capacity=0 struct_out_capacity=88
3B03: call 9 (out 0x16fdf9380, 88), struct:
000000  00 00 00 00 00 00 00 00 00 80 01 00 01 00 00 00  | .........€......
000010  01 01 00 01 30 44 00 00 00 00 00 00 00 00 00 00  | ....0D..........
000020  00 00 00 00 00 00 00 00 00 00 00 00 00 00 00 00  | ................
*
000040  00 00 00 00 00 00 00 00 00 80 00 00 00 00 00 00  | .........€......
000050  00 00 00 00 00 00 00 00 00 00 00 08 00 00 00 00  | ................
000060  00 00 00 00 00 00 00 00
AGX_RESULT selector=9 status=0 scalar_out=0 struct_out=88
MODERN_ALLOCATE_MEM handle=36 gpu=10000290000 cpu=104d68000 size=8000 attributes=0 storage=0x4430 write_combined=0 private=0 reused=0
MODERN_ALLOCATE_REQUEST size_units_candidate=0
MODERN_ALLOCATE_REQUEST bytes=0000000000000000008001000100000001010001304400000000000000000000000000000000000000000000000000000000000000000000000000000000000000000000000000000080000000000000000000000000000000000008000000000000000000000000
AO46_AGX_PRIVATE_WINSYS_RETURN capture_id=88 name=resource-create storage=0x0000000100604220 x0=0x0000000b5700d9b0 x1=0x000000016fdf9378
AO46_AGX_PRIVATE_WINSYS_CALL name=resource-gpu-address capture_id=89 return_hook=1 x0=0x0000000b5700d9b0 x1=0x0000000b5700d9b0 x2=0x0000000000000000 x3=0x0000000b5700da28 x4=0x00000001000abc3f x5=0x000000016fdf8e10
AO46_AGX_PRIVATE_WINSYS_RETURN capture_id=89 name=resource-gpu-address storage=0x0000000b5700d9b0 x0=0x0000010000290000 x1=0x0000000b5700d9b0
AO46_AGX_PRIVATE_WINSYS_RETURN capture_id=87 name=alloc-resource-at-index storage=0x0000000b56d6c000 x0=0x0000000000000000 x1=0x0000000000000103
AO46_AGX_PRIVATE_WINSYS_CALL name=resource-list-add-resource capture_id=0 return_hook=0 x0=0x0000000b56d6c090 x1=0x0000000b56d993c0 x2=0x0000000000000001 x3=0x0000000000000103 x4=0x00000001000abc3f x5=0x000000016fdf8e10
AO46_AGX_PRIVATE_WINSYS_CALL name=alloc-resource-at-index capture_id=90 return_hook=1 x0=0x0000000b56d6c000 x1=0x000000000000001e x2=0x0000000000000400 x3=0x0000000000000000 x4=0x00000001000abc3f x5=0x000000016fdf8e10
AO46_AGX_PRIVATE_WINSYS_CALL name=resource-create capture_id=91 return_hook=1 x0=0x0000000100604220 x1=0x00000006104448c0 x2=0x0000000000000068 x3=0x0000000000000001 x4=0x0000000000000000 x5=0x00000006104448c0
Selector 9, 3B03, 3B03
AGX_CALL selector=9 scalar_in=0 struct_in=104 scalar_out_capacity=0 struct_out_capacity=88
3B03: call 9 (out 0x16fdf9380, 88), struct:
000000  00 00 00 00 00 00 00 00 00 80 01 00 01 00 00 00  | .........€......
000010  01 01 00 01 30 C4 00 00 00 00 00 00 00 00 00 00  | ....0...........
000020  00 00 00 00 00 00 00 00 00 00 00 00 00 00 00 00  | ................
*
000040  00 00 00 00 00 00 00 00 00 80 00 00 00 00 00 00  | .........€......
000050  00 00 00 00 00 00 00 00 00 00 00 48 00 00 00 00  | ...........H....
000060  00 00 00 00 00 00 00 00
AGX_RESULT selector=9 status=0 scalar_out=0 struct_out=88
MODERN_ALLOCATE_MEM handle=37 gpu=58000 cpu=104d70000 size=8000 attributes=0 storage=0xc430 write_combined=0 private=0 reused=0
MODERN_ALLOCATE_REQUEST size_units_candidate=0
MODERN_ALLOCATE_REQUEST bytes=000000000000000000800100010000000101000130c400000000000000000000000000000000000000000000000000000000000000000000000000000000000000000000000000000080000000000000000000000000000000000048000000000000000000000000
AO46_AGX_PRIVATE_WINSYS_RETURN capture_id=91 name=resource-create storage=0x0000000100604220 x0=0x0000000b5700da50 x1=0x000000016fdf9378
AO46_AGX_PRIVATE_WINSYS_CALL name=resource-gpu-address capture_id=92 return_hook=1 x0=0x0000000b5700da50 x1=0x0000000b5700da50 x2=0x0000000000000000 x3=0x0000000b5700dac8 x4=0x00000001000abc3f x5=0x000000016fdf8e10
AO46_AGX_PRIVATE_WINSYS_RETURN capture_id=92 name=resource-gpu-address storage=0x0000000b5700da50 x0=0x0000000000058000 x1=0x0000000b5700da50
AO46_AGX_PRIVATE_WINSYS_RETURN capture_id=90 name=alloc-resource-at-index storage=0x0000000b56d6c000 x0=0x0000000000000000 x1=0x0000000000000103
AO46_AGX_PRIVATE_WINSYS_CALL name=resource-list-add-resource capture_id=0 return_hook=0 x0=0x0000000b56d6c090 x1=0x0000000b56d99540 x2=0x0000000000000400 x3=0x0000000000000103 x4=0x0000000b57252880 x5=0x0000000000000001
AO46_AGX_PRIVATE_WINSYS_CALL name=alloc-resource-at-index capture_id=93 return_hook=1 x0=0x0000000b56d6c000 x1=0x000000000000001f x2=0x0000000000000400 x3=0x0000000000000000 x4=0x0000000b57252880 x5=0x0000000000000001
AO46_AGX_PRIVATE_WINSYS_CALL name=resource-create capture_id=94 return_hook=1 x0=0x0000000100604220 x1=0x0000000610444930 x2=0x0000000000000068 x3=0x0000000000000001 x4=0x0000000000000000 x5=0x0000000610444930
Selector 9, 3B03, 3B03
AGX_CALL selector=9 scalar_in=0 struct_in=104 scalar_out_capacity=0 struct_out_capacity=88
3B03: call 9 (out 0x16fdf9380, 88), struct:
000000  00 00 00 00 00 00 00 00 20 9C 01 00 01 00 00 00  | ........ .......
000010  01 01 00 01 30 C4 00 00 00 00 00 00 00 00 00 00  | ....0...........
000020  00 00 00 00 00 00 00 00 00 00 00 00 00 00 00 00  | ................
*
000040  00 00 00 00 00 00 00 00 20 9C 00 00 00 00 00 00  | ........ .......
000050  00 00 00 00 00 00 00 00 00 00 00 48 00 00 00 00  | ...........H....
000060  00 00 00 00 00 00 00 00
AGX_RESULT selector=9 status=0 scalar_out=0 struct_out=88
MODERN_ALLOCATE_MEM handle=38 gpu=68000 cpu=104d78000 size=c000 attributes=0 storage=0xc430 write_combined=0 private=0 reused=0
MODERN_ALLOCATE_REQUEST size_units_candidate=0
MODERN_ALLOCATE_REQUEST bytes=0000000000000000209c0100010000000101000130c40000000000000000000000000000000000000000000000000000000000000000000000000000000000000000000000000000209c000000000000000000000000000000000048000000000000000000000000
AO46_AGX_PRIVATE_WINSYS_RETURN capture_id=94 name=resource-create storage=0x0000000100604220 x0=0x0000000b5700daf0 x1=0x000000016fdf9378
AO46_AGX_PRIVATE_WINSYS_CALL name=resource-gpu-address capture_id=95 return_hook=1 x0=0x0000000b5700daf0 x1=0x0000000b5700daf0 x2=0x0000000000000000 x3=0x0000000b5700db68 x4=0x00000001000abc3f x5=0x000000016fdf8e10
AO46_AGX_PRIVATE_WINSYS_RETURN capture_id=95 name=resource-gpu-address storage=0x0000000b5700daf0 x0=0x0000000000068000 x1=0x0000000b5700daf0
AO46_AGX_PRIVATE_WINSYS_RETURN capture_id=93 name=alloc-resource-at-index storage=0x0000000b56d6c000 x0=0x0000000000000000 x1=0x0000000000000103
AO46_AGX_PRIVATE_WINSYS_CALL name=resource-list-add-resource capture_id=0 return_hook=0 x0=0x0000000b56d6c090 x1=0x0000000b56d996c0 x2=0x0000000000000400 x3=0x0000000000000103 x4=0x00000001000abc3f x5=0x000000016fdf8e10
AO46_AGX_PRIVATE_WINSYS_CALL name=resource-list-add-resource capture_id=0 return_hook=0 x0=0x0000000b56d6c090 x1=0x0000000b56c80040 x2=0x0000000000000080 x3=0x0000000000000000 x4=0x00000001000abc3f x5=0x000000016fdf8e10
AO46_AGX_PRIVATE_WINSYS_CALL name=alloc-resource-at-index capture_id=96 return_hook=1 x0=0x0000000b56d6c000 x1=0x0000000000000007 x2=0x0000000000000000 x3=0x00000000000c0000 x4=0x000000000000001a x5=0x0000000000000019
AO46_AGX_PRIVATE_WINSYS_CALL name=resource-create capture_id=97 return_hook=1 x0=0x0000000100604220 x1=0x000000010061bb20 x2=0x0000000000000068 x3=0x0000000000000001 x4=0x0000000000000000 x5=0x000000010061bb20
Selector 9, 3B03, 3B03
AGX_CALL selector=9 scalar_in=0 struct_in=104 scalar_out_capacity=0 struct_out_capacity=88
3B03: call 9 (out 0x16fdf93b0, 88), struct:
000000  00 00 00 00 00 00 00 00 00 00 01 00 01 00 00 00  | ................
000010  01 01 00 01 30 44 00 00 00 00 00 00 00 00 00 00  | ....0D..........
000020  00 00 00 00 00 00 00 00 00 00 00 00 00 00 00 00  | ................
*
000040  00 00 00 00 00 00 00 00 00 00 0C 00 00 00 00 00  | ................
000050  00 00 00 00 00 00 00 00 00 00 00 08 00 00 00 00  | ................
000060  00 00 00 00 00 00 00 00
AGX_RESULT selector=9 status=0 scalar_out=0 struct_out=88
MODERN_ALLOCATE_MEM handle=39 gpu=100002a0000 cpu=104d84000 size=c0000 attributes=0 storage=0x4430 write_combined=0 private=0 reused=0
MODERN_ALLOCATE_REQUEST size_units_candidate=12
MODERN_ALLOCATE_REQUEST bytes=00000000000000000000010001000000010100013044000000000000000000000000000000000000000000000000000000000000000000000000000000000000000000000000000000000c0000000000000000000000000000000008000000000000000000000000
AO46_AGX_PRIVATE_WINSYS_RETURN capture_id=97 name=resource-create storage=0x0000000100604220 x0=0x0000000b5700db90 x1=0x000000016fdf93a8
AO46_AGX_PRIVATE_WINSYS_CALL name=resource-gpu-address capture_id=98 return_hook=1 x0=0x0000000b5700db90 x1=0x0000000b5700db90 x2=0x0000000000000000 x3=0x0000000b5700dc08 x4=0x00000001000abc3f x5=0x000000016fdf8e40
AO46_AGX_PRIVATE_WINSYS_RETURN capture_id=98 name=resource-gpu-address storage=0x0000000b5700db90 x0=0x00000100002a0000 x1=0x0000000b5700db90
AO46_AGX_PRIVATE_WINSYS_RETURN capture_id=96 name=alloc-resource-at-index storage=0x0000000b56d6c000 x0=0x0000000000000000 x1=0x0000000000000103
AO46_AGX_PRIVATE_WINSYS_CALL name=resource-list-add-resource capture_id=0 return_hook=0 x0=0x0000000b56d6c090 x1=0x0000000b56d99840 x2=0x0000000000000004 x3=0x0000000000000103 x4=0x0000000b57253280 x5=0x0000000000000001
AO46_AGX_PRIVATE_WINSYS_CALL name=resource-list-add-resource capture_id=0 return_hook=0 x0=0x0000000b56d6c090 x1=0x0000000b56c81580 x2=0x0000000000000080 x3=0x0000000b56d90000 x4=0x000000016fdf91c0 x5=0x000000016fdf9008
AO46_AGX_PRIVATE_WINSYS_CALL name=resource-list-add-resource capture_id=0 return_hook=0 x0=0x0000000b56d6c090 x1=0x0000000b56c81300 x2=0x0000000000000080 x3=0x0000000000000000 x4=0x000000016fdf91c0 x5=0x000000016fdf9008
AO46_AGX_PRIVATE_WINSYS_CALL name=resource-list-add-resource capture_id=0 return_hook=0 x0=0x0000000b56d6c090 x1=0x0000000b56c81580 x2=0x0000000000000080 x3=0x0000000b56d90000 x4=0x000000016fdf91c0 x5=0x000000016fdf9008
AO46_AGX_PRIVATE_WINSYS_CALL name=resource-list-add-resource capture_id=0 return_hook=0 x0=0x0000000b56d6c090 x1=0x0000000b56c81300 x2=0x0000000000000080 x3=0x0000000b56d90000 x4=0x000000016fdf91c0 x5=0x000000016fdf9008
AO46_AGX_PRIVATE_WINSYS_CALL name=resource-list-add-resource capture_id=0 return_hook=0 x0=0x0000000b56d6c090 x1=0x0000000b56c80040 x2=0x0000000000000080 x3=0x000000016fdf91c0 x4=0x0000000b57418868 x5=0x0000000b57418870
AO46_AGX_PRIVATE_WINSYS_CALL name=resource-list-add-resource capture_id=0 return_hook=0 x0=0x0000000b56d6c090 x1=0x0000000b56c81300 x2=0x0000000000000080 x3=0x000000016fdf91c0 x4=0x0000000b57418868 x5=0x0000000b57418870
AO46_AGX_PRIVATE_WINSYS_CALL name=resource-list-add-resource capture_id=0 return_hook=0 x0=0x0000000b56d6c090 x1=0x0000000b56c81440 x2=0x0000000000000080 x3=0x0000000000002c20 x4=0x00000000000042ef x5=0x0000000000050000
AO46_AGX_PRIVATE_WINSYS_CALL name=resource-list-add-resource capture_id=0 return_hook=0 x0=0x0000000b56d6c090 x1=0x0000000100620410 x2=0x000000000000000c x3=0x000000000000003f x4=0x00000000000042ef x5=0x0000000000050000
AO46_AGX_PRIVATE_WINSYS_CALL name=resource-list-add-resource capture_id=0 return_hook=0 x0=0x0000000b56d6c090 x1=0x0000000b57228e40 x2=0x0000000000000080 x3=0x0000000000000000 x4=0x00000000000042ef x5=0x0000000000050000
AO46_AGX_PRIVATE_WINSYS_CALL name=resource-list-add-resource capture_id=0 return_hook=0 x0=0x0000000b56d6c090 x1=0x000000010061f1b0 x2=0x0000000000000080 x3=0x00000000000b0000 x4=0x0000000000000018 x5=0x0000000000000017
AO46_AGX_PRIVATE_WINSYS_CALL name=resource-list-add-resource capture_id=0 return_hook=0 x0=0x0000000b56d6c090 x1=0x000000010061f1c8 x2=0x0000000000000080 x3=0x00000000000b0000 x4=0x0000000000000018 x5=0x0000000000000017
AO46_AGX_PRIVATE_WINSYS_CALL name=resource-list-add-resource capture_id=0 return_hook=0 x0=0x0000000b56d6c090 x1=0x000000010061f1e0 x2=0x0000000000000080 x3=0x00000000000b0000 x4=0x0000000000000018 x5=0x0000000000000017
AO46_AGX_PRIVATE_WINSYS_CALL name=resource-list-add-resource capture_id=0 return_hook=0 x0=0x0000000b56d6c090 x1=0x0000000b57228580 x2=0x0000000000000080 x3=0x0000000000000103 x4=0x0000000b57426358 x5=0x0000000b5742bd40
AO46_AGX_PRIVATE_WINSYS_CALL name=resource-list-add-resource capture_id=0 return_hook=0 x0=0x0000000b56d6c090 x1=0x0000000b572283c0 x2=0x0000000000000080 x3=0x0000000000000103 x4=0x0000000b57426358 x5=0x0000000b5742bd40
AO46_AGX_PRIVATE_WINSYS_CALL name=resource-create capture_id=99 return_hook=1 x0=0x0000000100604220 x1=0x000000016fdf8dd8 x2=0x0000000000000068 x3=0x0000000000000001 x4=0x0000000000000000 x5=0x000000016fdf8dd8
Selector 9, 3B03, 3B03
AGX_CALL selector=9 scalar_in=0 struct_in=104 scalar_out_capacity=0 struct_out_capacity=88
3B03: call 9 (out 0x16fdf8c10, 88), struct:
000000  80 00 00 00 00 00 00 00 01 00 01 00 01 00 00 00  | €...............
000010  01 01 00 01 30 0C 00 00 00 00 00 00 00 00 00 00  | ....0...........
000020  00 00 00 00 00 00 00 00 00 00 00 00 00 00 00 00  | ................
000030  00 00 00 00 00 00 00 00 00 80 B2 04 01 00 00 00  | .........€......
000040  00 00 B2 04 01 00 00 00 00 00 02 00 00 00 00 00  | ................
000050  03 00 00 00 00 00 00 00 00 00 00 00 00 00 00 00  | ................
000060  C8 0A 0B 0E 01 00 00 00
AGX_RESULT selector=9 status=0 scalar_out=0 struct_out=88
MODERN_ALLOCATE_MEM handle=40 gpu=10000020000 cpu=0 size=18000 attributes=80 storage=0xc30 write_combined=0 private=0 reused=0
MODERN_ALLOCATE_REQUEST size_units_candidate=2
MODERN_ALLOCATE_REQUEST bytes=8000000000000000010001000100000001010001300c000000000000000000000000000000000000000000000000000000000000000000000080b204010000000000b20401000000000002000000000003000000000000000000000000000000c80a0b0e01000000
AO46_AGX_PRIVATE_WINSYS_RETURN capture_id=99 name=resource-create storage=0x0000000100604220 x0=0x0000000b5700dc30 x1=0x000000016fdf8c08
AO46_AGX_PRIVATE_WINSYS_CALL name=resource-gpu-address capture_id=100 return_hook=1 x0=0x0000000b5700dc30 x1=0x0000000b5700dc30 x2=0x0000000000000000 x3=0x0000000b5700dca8 x4=0x00000001000abc3f x5=0x000000016fdf86a0
AO46_AGX_PRIVATE_WINSYS_RETURN capture_id=100 name=resource-gpu-address storage=0x0000000b5700dc30 x0=0x0000010000020000 x1=0x0000000b5700dc30
AO46_AGX_PRIVATE_WINSYS_CALL name=resource-gpu-address capture_id=101 return_hook=1 x0=0x0000000b5700dc30 x1=0x0000000b5700dc30 x2=0x0000000b572292b0 x3=0x0000000000000001 x4=0x0000000000000001 x5=0x0000000000000000
AO46_AGX_PRIVATE_WINSYS_RETURN capture_id=101 name=resource-gpu-address storage=0x0000000b5700dc30 x0=0x0000010000020000 x1=0x0000000b5700dc30
AO46_AGX_PRIVATE_WINSYS_CALL name=resource-list-add-resource capture_id=0 return_hook=0 x0=0x0000000b56d6c090 x1=0x0000000b57229380 x2=0x0000000000000001 x3=0x0000000000000103 x4=0x0000000b57274a80 x5=0x0000000000000001
AO46_AGX_PRIVATE_WINSYS_CALL name=end-segment capture_id=0 return_hook=0 x0=0x0000000b56d6c000 x1=0x0000000000000103 x2=0x0000000000000103 x3=0x0000000000000103 x4=0x000000016fdf8d18 x5=0x000000016fdf8d14
AO46_AGX_PRIVATE_WINSYS_CALL name=command-buffer-fill capture_id=0 return_hook=0 x0=0x0000000100624850 x1=0x00000001fd6d92a8 x2=0x000000016ff12190 x3=0x000000010061b4d0 x4=0x000000016ff12200 x5=0x0000000000000000
AO46_AGX_PRIVATE_WINSYS_CALL name=queue-submit capture_id=0 return_hook=0 x0=0x0000000b57054600 x1=0x0000000000000000 x2=0x0000000000000001 x3=0x000000016ff12190 x4=0x0000000000000040 x5=0x000000016ff12214
MODERN_TRAP4_TRANSPORT queue=1 index=0 descriptor_bytes=64 carrier_offset=132 carrier_prefix=256 valid=1
MODERN_SUBMIT queue=1 header=2/1 completion0=b56c1ac70 completion1=b56c1ad30
MODERN_RESOURCE_REFERENCE source_handle=22 source_offset=0 target_handle=38 gpu_delta=a980
MODERN_RESOURCE_REFERENCE source_handle=22 source_offset=0xb38 target_handle=31 gpu_delta=6254
MODERN_RESOURCE_REFERENCE source_handle=22 source_offset=0x13e8 target_handle=23 gpu_delta=654
MODERN_RESOURCE_REFERENCE source_handle=22 source_offset=0x1848 target_handle=23 gpu_delta=1a54
MODERN_RESOURCE_REFERENCE source_handle=22 source_offset=0x1d48 target_handle=23 gpu_delta=4454
MODERN_RESOURCE_REFERENCE source_handle=22 source_offset=0x2168 target_handle=23 gpu_delta=1c54
MODERN_RESOURCE_REFERENCE source_handle=22 source_offset=0x2308 target_handle=23 gpu_delta=1c54
MODERN_RESOURCE_REFERENCE source_handle=22 source_offset=0x44c8 target_handle=24 gpu_delta=54
MODERN_RESOURCE_REFERENCE source_handle=22 source_offset=0x4b70 target_handle=23 gpu_delta=e54
MODERN_RESOURCE_REFERENCE source_handle=22 source_offset=0x4d08 target_handle=24 gpu_delta=3854
MODERN_RESOURCE_REFERENCE source_handle=22 source_offset=0x5148 target_handle=23 gpu_delta=7a54
MODERN_RESOURCE_REFERENCE source_handle=22 source_offset=0x5eb0 target_handle=23 gpu_delta=5254
MODERN_RESOURCE_REFERENCE source_handle=22 source_offset=0x6410 target_handle=25 gpu_delta=5a54
MODERN_RESOURCE_REFERENCE source_handle=22 source_offset=0x6440 target_handle=38 gpu_delta=8003
MODERN_RESOURCE_REFERENCE source_handle=22 source_offset=0x6c68 target_handle=31 gpu_delta=6c54
MODERN_RESOURCE_REFERENCE source_handle=22 source_offset=0x6c98 target_handle=38 gpu_delta=8003
MODERN_RESOURCE_REFERENCE source_handle=22 source_offset=0x7618 target_handle=23 gpu_delta=1a54
MODERN_RESOURCE_REFERENCE source_handle=22 source_offset=0x7c50 target_handle=23 gpu_delta=5854
MODERN_RESOURCE_REFERENCE source_handle=22 source_offset=0x7e38 target_handle=38 gpu_delta=4c54
MODERN_RESOURCE_REFERENCE source_handle=22 source_offset=0x89d0 target_handle=23 gpu_delta=7a54
MODERN_RESOURCE_REFERENCE source_handle=22 source_offset=0x8fa8 target_handle=23 gpu_delta=5654
MODERN_RESOURCE_REFERENCE source_handle=22 source_offset=0x9830 target_handle=37 gpu_delta=254
MODERN_RESOURCE_REFERENCE source_handle=22 source_offset=0x9c18 target_handle=23 gpu_delta=e54
MODERN_RESOURCE_REFERENCE source_handle=22 source_offset=0x9dd8 target_handle=37 gpu_delta=5a54
MODERN_RESOURCE_REFERENCE source_handle=22 source_offset=0xa200 target_handle=23 gpu_delta=2654
MODERN_RESOURCE_REFERENCE source_handle=22 source_offset=0xbb98 target_handle=24 gpu_delta=5654
MODERN_RESOURCE_REFERENCE source_handle=22 source_offset=0xc038 target_handle=23 gpu_delta=4454
MODERN_RESOURCE_REFERENCE source_handle=22 source_offset=0xc408 target_handle=23 gpu_delta=4454
MODERN_RESOURCE_REFERENCE source_handle=22 source_offset=0xca00 target_handle=23 gpu_delta=254
MODERN_RESOURCE_REFERENCE source_handle=22 source_offset=0xcfe0 target_handle=23 gpu_delta=4a54
MODERN_RESOURCE_REFERENCE source_handle=22 source_offset=0xd500 target_handle=38 gpu_delta=8a54
MODERN_RESOURCE_REFERENCE source_handle=22 source_offset=0xe350 target_handle=25 gpu_delta=4454
MODERN_RESOURCE_REFERENCE source_handle=22 source_offset=0xe380 target_handle=38 gpu_delta=8003
MODERN_RESOURCE_REFERENCE source_handle=22 source_offset=0xe748 target_handle=38 gpu_delta=8003
MODERN_RESOURCE_REFERENCE source_handle=22 source_offset=0xee48 target_handle=23 gpu_delta=1454
MODERN_RESOURCE_REFERENCE source_handle=22 source_offset=0xf000 target_handle=24 gpu_delta=4c54
MODERN_RESOURCE_REFERENCE source_handle=22 source_offset=0xf2d0 target_handle=25 gpu_delta=a54
MODERN_RESOURCE_REFERENCE source_handle=22 source_offset=0xf800 target_handle=23 gpu_delta=2c54
MODERN_RESOURCE_REFERENCE source_handle=26 source_offset=0x18 target_handle=37 gpu_delta=0
MODERN_RESOURCE_REFERENCE source_handle=26 source_offset=0x30 target_handle=14 gpu_delta=0
MODERN_RESOURCE_REFERENCE source_handle=26 source_offset=0x38 target_handle=13 gpu_delta=0
MODERN_RESOURCE_REFERENCE source_handle=27 source_offset=0x8d8 target_handle=37 gpu_delta=0
MODERN_RESOURCE_REFERENCE source_handle=29 source_offset=0x548 target_handle=24 gpu_delta=1c
MODERN_RESOURCE_SCAN mapped=20 changed=20 references=43 bytes_per_resource=65536
MODERN_SUBMIT_AUX pointer=0x16ff12214 descriptor_offset=132 readable_prefix=256
MODERN_SUBMIT_CARRIER queue=1 offset=132 prefix=256 fingerprint=f4e7f666a13cdc02
000000  00 00 00 00 4C 00 11 D7 3C AF 8C 23 00 00 00 00  | ....L...<..#....
000010  00 00 00 00 00 00 00 00 00 00 00 00 20 00 00 00  | ............ ...
000020  00 00 00 00 70 00 00 00 00 00 00 00 30 00 00 00  | ....p.......0...
000030  00 00 00 00 00 23 F1 6F 01 00 00 00 E1 FF FF FF  | .....#.o........
000040  FF FF FF FF 20 00 00 00 00 00 00 00 00 00 00 00  | .... ...........
000050  00 00 00 00 D0 B4 61 00 01 00 00 00 00 23 F1 6F  | ......a......#.o
000060  01 00 00 00 01 00 00 00 00 00 00 00 C0 22 F1 6F  | .............".o
000070  01 00 00 00 E8 49 A2 A8 01 00 00 00 01 00 00 00  | .....I..........
000080  00 00 00 00 00 00 00 00 00 00 00 00 A8 0C 24 ED  | ..............$.
000090  01 00 00 00 01 00 00 00 00 00 00 00 D0 B4 61 00  | ..............a.
0000A0  01 00 00 00 28 00 00 00 00 00 00 00 60 27 F1 6F  | ....(.......`'.o
0000B0  01 00 00 00 18 27 EF 8F 01 00 00 00 3B 00 01 04  | .....'......;...
0000C0  00 00 00 00 D0 B4 61 00 01 00 00 00 01 00 00 00  | ......a.........
0000D0  00 00 00 00 01 00 00 00 00 00 00 00 30 00 00 00  | ............0...
0000E0  00 00 00 00 00 00 00 00 00 00 00 00 50 48 62 00  | ............PHb.
0000F0  01 00 00 00 4C 00 11 D7 3C AF 8C 23 00 00 00 00  | ....L...<..#....

MODERN_SUBMIT_AUX_DIFF queue=1 baseline=256
MODERN_SUBMIT_AUX_EXTENDED bytes=4096
MODERN_SUBMIT_CARRIER_EXTENDED queue=1 prefix=4096 opaque_slot=0x1ff800000
AO46_AGX_PRIVATE_WINSYS_CALL name=trap4 capture_id=0 return_hook=0 x0=0x0000000000003b03 x1=0x0000000000000000 x2=0x0000000000000001 x3=0x0000000000000040 x4=0x000000016ff12190 x5=0x000000016ff12214
Trap4 connect=3B03, index=0, p1=1, p2=40, p3=16ff12190, p4=16ff12214, result=0
Dequeueing (dataQueue=0x104b60000, data=0x16ff9e510, buffer 40)
Return "(os/kern) successful", got 40 bytes
MODERN_COMPLETION queue=1 token=b56c1ac70 bytes=40
70 AC C1 56 0B 00 00 00 1B 87 CA B7 45 55 02 00 EF 92 FB B7 45 55 02 00 00 00 00 00 00 00 00 00 00 00 00 00 00 00 00 00
Dequeueing (dataQueue=0x104b60000, data=0x16ff9e510, buffer 40)
Return "(iokit/common) data underrun", got 40 bytes
Dequeueing (dataQueue=0x104b60000, data=0x16ff9e510, buffer 40)
Return "(os/kern) successful", got 40 bytes
MODERN_COMPLETION queue=1 token=b56c1ad30 bytes=40
30 AD C1 56 0B 00 00 00 EF 08 FC B7 45 55 02 00 9C 77 FC B7 45 55 02 00 00 00 00 00 00 00 00 00 00 00 00 00 00 00 00 00
Dequeueing (dataQueue=0x104b60000, data=0x16ff9e510, buffer 40)
Return "(iokit/common) data underrun", got 40 bytes
AO46_AGX_RENDER_RECORD complete width=64 height=64 bytes=16384
AO46_AGX_PRIVATE_WINSYS_CALL name=resource-release capture_id=0 return_hook=0 x0=0x0000000b5700d050 x1=0x00000001fd95aea8 x2=0x00000001006203d0 x3=0x0000000000000001 x4=0x0000000b570bdb80 x5=0x0000000000000000
Trap1 connect=3B03, index=1, p1=15, result=0
Selector 8, 3B03, 3B03
AGX_CALL selector=8 scalar_in=1 struct_in=0 scalar_out_capacity=0 struct_out_capacity=0
3B03: call 8 (out 0x0, 0) 1
MODERN_NOTIFICATION_PORT_STATE phase=before selector=8 connect=3B03 id=1 port=4B03 right=1 refs=1 result=0
MODERN_NOTIFICATION_PORT_STATE phase=before selector=8 connect=3B03 id=1 port=4B03 right=0 refs=0 result=0
MODERN_NOTIFICATION_PORT_STATE phase=before selector=8 connect=3B03 id=1 port=4B03 right=2 refs=0 result=0
Selector 17, 3B03, 3B03
AGX_CALL selector=17 scalar_in=1 struct_in=0 scalar_out_capacity=0 struct_out_capacity=0
3B03: call 11 (out 0x0, 0) 1
MODERN_NOTIFICATION_PORT_STATE phase=before selector=17 connect=3B03 id=1 port=4B03 right=1 refs=0 result=0xf
MODERN_NOTIFICATION_PORT_STATE phase=before selector=17 connect=3B03 id=1 port=4B03 right=0 refs=0 result=0xf
MODERN_NOTIFICATION_PORT_STATE phase=before selector=17 connect=3B03 id=1 port=4B03 right=2 refs=0 result=0xf
MODERN_NOTIFICATION_PORT_STATE phase=after selector=17 connect=3B03 id=1 port=4B03 right=1 refs=0 result=0xf
MODERN_NOTIFICATION_PORT_STATE phase=after selector=17 connect=3B03 id=1 port=4B03 right=0 refs=0 result=0xf
MODERN_NOTIFICATION_PORT_STATE phase=after selector=17 connect=3B03 id=1 port=4B03 right=2 refs=0 result=0xf
AGX_RESULT selector=17 status=0 scalar_out=0 struct_out=0
MODERN_QUEUE_LIFECYCLE selector=17 id=1
MODERN_NOTIFICATION_PORT_STATE phase=after selector=8 connect=3B03 id=1 port=4B03 right=1 refs=0 result=0xf
MODERN_NOTIFICATION_PORT_STATE phase=after selector=8 connect=3B03 id=1 port=4B03 right=0 refs=0 result=0xf
MODERN_NOTIFICATION_PORT_STATE phase=after selector=8 connect=3B03 id=1 port=4B03 right=2 refs=0 result=0xf
AGX_RESULT selector=8 status=0 scalar_out=0 struct_out=0
MODERN_QUEUE_LIFECYCLE selector=8 id=1
Selector 15, 3B03, 3B03
AGX_CALL selector=15 scalar_in=1 struct_in=0 scalar_out_capacity=0 struct_out_capacity=0
3B03: call F (out 0x0, 0) 2
AGX_RESULT selector=15 status=0 scalar_out=0 struct_out=0
MODERN_OPAQUE_LIFECYCLE selector=15 value=2
Selector 15, 3B03, 3B03
AGX_CALL selector=15 scalar_in=1 struct_in=0 scalar_out_capacity=0 struct_out_capacity=0
3B03: call F (out 0x0, 0) 1
AGX_RESULT selector=15 status=0 scalar_out=0 struct_out=0
MODERN_OPAQUE_LIFECYCLE selector=15 value=1
AO46_AGX_PRIVATE_WINSYS_CALL name=resource-release capture_id=0 return_hook=0 x0=0x0000000b5700d190 x1=0x00000001fd95aea8 x2=0x0000000b56d98000 x3=0x0000000000000001 x4=0x000000016fdfa0a0 x5=0x000000016fdfa0ff
Trap1 connect=3B03, index=1, p1=17, result=0
AO46_AGX_PRIVATE_WINSYS_CALL name=resource-release capture_id=0 return_hook=0 x0=0x0000000b5700d230 x1=0x00000001fd95aea8 x2=0x0000000b56d98180 x3=0x0000000000000001 x4=0x0000000b56d98080 x5=0x000000016fdf9fb0
Trap1 connect=3B03, index=1, p1=18, result=0
AO46_AGX_PRIVATE_WINSYS_CALL name=resource-release capture_id=0 return_hook=0 x0=0x0000000b5700d2d0 x1=0x00000001fd95aea8 x2=0x0000000b56d98300 x3=0x0000000000000001 x4=0x0000000b56d98200 x5=0x000000016fdf9fb0
Trap1 connect=3B03, index=1, p1=19, result=0
AO46_AGX_PRIVATE_WINSYS_CALL name=resource-release capture_id=0 return_hook=0 x0=0x0000000b5700d370 x1=0x00000001fd95aea8 x2=0x0000000b56d98480 x3=0x0000000000000001 x4=0x0000000b56d98380 x5=0x000000016fdf9fb0
Trap1 connect=3B03, index=1, p1=1a, result=0
AO46_AGX_PRIVATE_WINSYS_CALL name=resource-release capture_id=0 return_hook=0 x0=0x0000000b5700d410 x1=0x00000001fd95aea8 x2=0x0000000b56d98600 x3=0x0000000000000001 x4=0x0000000b56d98500 x5=0x000000016fdf9fb0
Trap1 connect=3B03, index=1, p1=1b, result=0
AO46_AGX_PRIVATE_WINSYS_CALL name=resource-release capture_id=0 return_hook=0 x0=0x0000000b5700d4b0 x1=0x00000001fd95aea8 x2=0x0000000b56d98780 x3=0x0000000000000001 x4=0x0000000b56d98680 x5=0x000000016fdf9fb0
Trap1 connect=3B03, index=1, p1=1c, result=0
AO46_AGX_PRIVATE_WINSYS_CALL name=resource-release capture_id=0 return_hook=0 x0=0x0000000b5700d550 x1=0x00000001fd95aea8 x2=0x0000000b56d98900 x3=0x0000000000000001 x4=0x0000000b56d98800 x5=0x000000016fdf9fb0
Trap1 connect=3B03, index=1, p1=1d, result=0
AO46_AGX_PRIVATE_WINSYS_CALL name=resource-release capture_id=0 return_hook=0 x0=0x0000000b5700db90 x1=0x00000001fd95aea8 x2=0x0000000b56d99800 x3=0x0000000000000001 x4=0x0000000b56d98980 x5=0x000000016fdf9fb0
Trap1 connect=3B03, index=1, p1=27, result=0
AO46_AGX_PRIVATE_WINSYS_CALL name=resource-release capture_id=0 return_hook=0 x0=0x0000000b5700d5f0 x1=0x00000001fd95aea8 x2=0x0000000b56d98a80 x3=0x0000000000000001 x4=0x0000000b56d99880 x5=0x000000016fdf9fb0
Trap1 connect=3B03, index=1, p1=1e, result=0
AO46_AGX_PRIVATE_WINSYS_CALL name=resource-release capture_id=0 return_hook=0 x0=0x0000000b5700d690 x1=0x00000001fd95aea8 x2=0x0000000b56d98c00 x3=0x0000000000000001 x4=0x0000000b56d98b00 x5=0x000000016fdf9fb0
Trap1 connect=3B03, index=1, p1=1f, result=0
AO46_AGX_PRIVATE_WINSYS_CALL name=resource-release capture_id=0 return_hook=0 x0=0x0000000b5700d730 x1=0x00000001fd95aea8 x2=0x0000000b56d98d80 x3=0x0000000000000001 x4=0x0000000b56d98c80 x5=0x000000016fdf9fb0
Trap1 connect=3B03, index=1, p1=20, result=0
AO46_AGX_PRIVATE_WINSYS_CALL name=resource-release capture_id=0 return_hook=0 x0=0x0000000b5700d7d0 x1=0x00000001fd95aea8 x2=0x0000000b56d98f00 x3=0x0000000000000001 x4=0x0000000b56d98e00 x5=0x000000016fdf9fb0
Trap1 connect=3B03, index=1, p1=21, result=0
AO46_AGX_PRIVATE_WINSYS_CALL name=resource-release capture_id=0 return_hook=0 x0=0x0000000b5700d870 x1=0x00000001fd95aea8 x2=0x0000000b56d99080 x3=0x0000000000000001 x4=0x0000000b56d98f80 x5=0x000000016fdf9fb0
Trap1 connect=3B03, index=1, p1=22, result=0
AO46_AGX_PRIVATE_WINSYS_CALL name=resource-release capture_id=0 return_hook=0 x0=0x0000000b5700d910 x1=0x00000001fd95aea8 x2=0x0000000b56d99200 x3=0x0000000000000001 x4=0x0000000b56d99100 x5=0x000000016fdf9fb0
Trap1 connect=3B03, index=1, p1=23, result=0
AO46_AGX_PRIVATE_WINSYS_CALL name=resource-release capture_id=0 return_hook=0 x0=0x0000000b5700d9b0 x1=0x00000001fd95aea8 x2=0x0000000b56d99380 x3=0x0000000000000001 x4=0x0000000b56d99280 x5=0x000000016fdf9fb0
Trap1 connect=3B03, index=1, p1=24, result=0
AO46_AGX_PRIVATE_WINSYS_CALL name=resource-release capture_id=0 return_hook=0 x0=0x0000000b5700da50 x1=0x00000001fd95aea8 x2=0x0000000b56d99500 x3=0x0000000000000001 x4=0x0000000b56d99400 x5=0x000000016fdf9fb0
Trap1 connect=3B03, index=1, p1=25, result=0
AO46_AGX_PRIVATE_WINSYS_CALL name=resource-release capture_id=0 return_hook=0 x0=0x0000000b5700daf0 x1=0x00000001fd95aea8 x2=0x0000000b56d99680 x3=0x0000000000000001 x4=0x0000000b56d99580 x5=0x000000016fdf9fb0
Trap1 connect=3B03, index=1, p1=26, result=0
Process 6845 launched: '<USER_HOME>/MGL/Khronos_AppleICDs/OpenGL_4.6(Core Profile)/mesa/build-ao46-asahi-arm64/src/asahi/lib/asahi_macos_render_resource_record_trace' (arm64)
Process 6845 exited with status = 0 (0x00000000)
