(lldb) target create "/Users/gitanshchakravarty/MGL/Khronos_AppleICDs/OpenGL_4.6(Core Profile)/Apple_ICD/../mesa/build-ao46-asahi-arm64/src/asahi/lib/asahi_macos_render_resource_record_trace"
Current executable set to '/Users/gitanshchakravarty/MGL/Khronos_AppleICDs/OpenGL_4.6(Core Profile)/mesa/build-ao46-asahi-arm64/src/asahi/lib/asahi_macos_render_resource_record_trace' (arm64).
(lldb) settings set target.env-vars 'DYLD_INSERT_LIBRARIES=/Users/gitanshchakravarty/MGL/Khronos_AppleICDs/OpenGL_4.6(Core Profile)/Apple_ICD/../mesa/build-ao46-asahi-arm64/src/asahi/lib/libwrap.dylib' 'AGX_TRACE_UNBUFFERED=1' 'AGX_TRACE_CALL_SHAPES=1' 'AGX_TRACE_NOTIFICATION_PORTS=1' 'AGX_TRACE_ALLOCATION_REQUESTS=1' 'AGX_TRACE_SUBMISSION_DETAILS=1' 'AGX_TRACE_RESOURCE_REFS=1' 'AGX_TRACE_TRAP_AUX=1' 'AGX_TRACE_AUX_ANALYSIS=1' 'AGX_TRACE_AUX_EXTENDED=1'
(lldb) breakpoint set --name IOGPUMetalCommandBufferStorageBeginKernelCommands
Breakpoint 1: no locations (pending).
WARNING:  Unable to resolve breakpoint to any actual locations.
(lldb) breakpoint set --name IOGPUMetalCommandBufferStorageBeginSegment
Breakpoint 2: no locations (pending).
WARNING:  Unable to resolve breakpoint to any actual locations.
(lldb) breakpoint set --name IOGPUMetalCommandBufferStorageGrowKernelCommandBuffer
Breakpoint 3: no locations (pending).
WARNING:  Unable to resolve breakpoint to any actual locations.
(lldb) breakpoint set --name IOGPUMetalCommandBufferStorageEndKernelCommands
Breakpoint 4: no locations (pending).
WARNING:  Unable to resolve breakpoint to any actual locations.
(lldb) breakpoint set --name IOGPUMetalCommandBufferStorageEndSegment
Breakpoint 5: no locations (pending).
WARNING:  Unable to resolve breakpoint to any actual locations.
(lldb) breakpoint set --name IOGPUMetalCommandBufferStorageAllocResourceAtIndex
Breakpoint 6: no locations (pending).
WARNING:  Unable to resolve breakpoint to any actual locations.
(lldb) breakpoint set --name IOGPUMetalCommandBufferStorageAllocSidebandBuffer
Breakpoint 7: no locations (pending).
WARNING:  Unable to resolve breakpoint to any actual locations.
(lldb) breakpoint set --name IOGPUMetalCommandBufferStorageGrowSidebandBuffer
Breakpoint 8: no locations (pending).
WARNING:  Unable to resolve breakpoint to any actual locations.
(lldb) breakpoint set --name IOGPUMetalCommandBufferStorageMergeResidencySetList
Breakpoint 9: no locations (pending).
WARNING:  Unable to resolve breakpoint to any actual locations.
(lldb) breakpoint set --name IOGPUMetalCommandBufferStorageFinalizeResidencySetList
Breakpoint 10: no locations (pending).
WARNING:  Unable to resolve breakpoint to any actual locations.
(lldb) breakpoint set --name IOGPUMetalResidencySetListCreate
Breakpoint 11: no locations (pending).
WARNING:  Unable to resolve breakpoint to any actual locations.
(lldb) breakpoint set --name IOGPUMetalResidencySetListDestroy
Breakpoint 12: no locations (pending).
WARNING:  Unable to resolve breakpoint to any actual locations.
(lldb) breakpoint set --name IOGPUResourceListAddResource
Breakpoint 13: no locations (pending).
WARNING:  Unable to resolve breakpoint to any actual locations.
(lldb) breakpoint set --name IOGPUResourceListMerge
Breakpoint 14: no locations (pending).
WARNING:  Unable to resolve breakpoint to any actual locations.
(lldb) breakpoint set --name IOGPUResourceListMergeLists
Breakpoint 15: no locations (pending).
WARNING:  Unable to resolve breakpoint to any actual locations.
(lldb) breakpoint set --name IOGPUResourceListReset
Breakpoint 16: no locations (pending).
WARNING:  Unable to resolve breakpoint to any actual locations.
(lldb) breakpoint set --name IOGPUMetalCommandBufferStorageCreateExt
Breakpoint 17: no locations (pending).
WARNING:  Unable to resolve breakpoint to any actual locations.
(lldb) breakpoint set --name IOGPUCommandQueueSubmitCommandBuffers
Breakpoint 18: no locations (pending).
WARNING:  Unable to resolve breakpoint to any actual locations.
(lldb) breakpoint set --name IOConnectTrap4
Breakpoint 19: where = IOKit`IOConnectTrap4, address = 0x0000000184871d5c
(lldb) breakpoint set --name IOGPUResourceCreate
Breakpoint 20: no locations (pending).
WARNING:  Unable to resolve breakpoint to any actual locations.
(lldb) breakpoint set --name IOGPUResourceGetGPUVirtualAddress
Breakpoint 21: no locations (pending).
WARNING:  Unable to resolve breakpoint to any actual locations.
(lldb) breakpoint set --name IOGPUResourceRelease
Breakpoint 22: no locations (pending).
WARNING:  Unable to resolve breakpoint to any actual locations.
(lldb) breakpoint set --name "-[IOGPUMetalCommandBuffer fillCommandBufferArgs:commandQueue:]"
Breakpoint 23: no locations (pending).
WARNING:  Unable to resolve breakpoint to any actual locations.
(lldb) command script import '/Users/gitanshchakravarty/MGL/Khronos_AppleICDs/OpenGL_4.6(Core Profile)/Apple_ICD/scripts/agx_private_winsys_capture.py'
(lldb) breakpoint command add -F agx_private_winsys_capture.capture_begin_kernel_commands 1
(lldb) breakpoint command add -F agx_private_winsys_capture.capture_begin_segment 2
(lldb) breakpoint command add -F agx_private_winsys_capture.capture_grow_kernel_command_buffer 3
(lldb) breakpoint command add -F agx_private_winsys_capture.capture_end_kernel_commands 4
(lldb) breakpoint command add -F agx_private_winsys_capture.capture_end_segment 5
(lldb) breakpoint command add -F agx_private_winsys_capture.capture_alloc_resource_at_index 6
(lldb) breakpoint command add -F agx_private_winsys_capture.capture_alloc_sideband_buffer 7
(lldb) breakpoint command add -F agx_private_winsys_capture.capture_grow_sideband_buffer 8
(lldb) breakpoint command add -F agx_private_winsys_capture.capture_merge_residency_set_list 9
(lldb) breakpoint command add -F agx_private_winsys_capture.capture_finalize_residency_set_list 10
(lldb) breakpoint command add -F agx_private_winsys_capture.capture_residency_set_list_create 11
(lldb) breakpoint command add -F agx_private_winsys_capture.capture_residency_set_list_destroy 12
(lldb) breakpoint command add -F agx_private_winsys_capture.capture_resource_list_add_resource 13
(lldb) breakpoint command add -F agx_private_winsys_capture.capture_resource_list_merge 14
(lldb) breakpoint command add -F agx_private_winsys_capture.capture_resource_list_merge_lists 15
(lldb) breakpoint command add -F agx_private_winsys_capture.capture_resource_list_reset 16
(lldb) breakpoint command add -F agx_private_winsys_capture.capture_command_storage_create 17
(lldb) breakpoint command add -F agx_private_winsys_capture.capture_queue_submit 18
(lldb) breakpoint command add -F agx_private_winsys_capture.capture_trap4 19
(lldb) breakpoint command add -F agx_private_winsys_capture.capture_resource_create 20
(lldb) breakpoint command add -F agx_private_winsys_capture.capture_resource_gpu_address 21
(lldb) breakpoint command add -F agx_private_winsys_capture.capture_resource_release 22
(lldb) breakpoint command add -F agx_private_winsys_capture.capture_command_buffer_fill 23
(lldb) run
1 location added to breakpoint 1
1 location added to breakpoint 2
1 location added to breakpoint 3
1 location added to breakpoint 4
1 location added to breakpoint 5
1 location added to breakpoint 6
1 location added to breakpoint 7
1 location added to breakpoint 8
1 location added to breakpoint 9
1 location added to breakpoint 10
1 location added to breakpoint 11
1 location added to breakpoint 12
1 location added to breakpoint 13
1 location added to breakpoint 14
1 location added to breakpoint 15
1 location added to breakpoint 16
1 location added to breakpoint 17
1 location added to breakpoint 18
1 location added to breakpoint 20
1 location added to breakpoint 21
1 location added to breakpoint 22
1 location added to breakpoint 23
AO46_AGX_PRIVATE_WINSYS_CALL name=resource-create capture_id=1 return_hook=1 x0=0x0000000100613d10 x1=0x0000000a5cc859d8 x2=0x0000000000000068 x3=0x0000000a5d037bc0 x4=0x0000000a5d037280 x5=0x0000000000000001
AO46_AGX_PRIVATE_WINSYS_RETURN capture_id=1 name=resource-create storage=0x0000000100613d10 x0=0x0000000a5d00c1f0 x1=0x000000016fdf9b88
AO46_AGX_PRIVATE_WINSYS_CALL name=resource-gpu-address capture_id=2 return_hook=1 x0=0x0000000a5d00c1f0 x1=0x00000001f3f76da8 x2=0x00000001a8a3c758 x3=0x0000000a5d00c268 x4=0xffffffffffffe988 x5=0x0000000000000010
AO46_AGX_PRIVATE_WINSYS_RETURN capture_id=2 name=resource-gpu-address storage=0x0000000a5d00c1f0 x0=0x0000010000000000 x1=0x00000001f3f76da8
3C03: call 107, wake port 3B07 (out 0x0, 0)
, references:  0 10dae43c4 a5cc84000
return 0
AO46_AGX_PRIVATE_WINSYS_CALL name=resource-create capture_id=3 return_hook=1 x0=0x0000000100613d10 x1=0x000000016fdf9fc0 x2=0x0000000000000068 x3=0x0000000000000001 x4=0x0000000000000000 x5=0x000000016fdf9fc0
AO46_AGX_PRIVATE_WINSYS_RETURN capture_id=3 name=resource-create storage=0x0000000100613d10 x0=0x0000000a5d00c330 x1=0x000000016fdf9cb8
AO46_AGX_PRIVATE_WINSYS_CALL name=resource-gpu-address capture_id=4 return_hook=1 x0=0x0000000a5d00c330 x1=0x00000001f3f76da8 x2=0x00000001a8a3c758 x3=0x0000000a5d00c3a8 x4=0xffffffffffffe988 x5=0x0000000000000020
AO46_AGX_PRIVATE_WINSYS_RETURN capture_id=4 name=resource-gpu-address storage=0x0000000a5d00c330 x0=0x0000006f00000000 x1=0x00000001f3f76da8
AO46_AGX_PRIVATE_WINSYS_CALL name=resource-create capture_id=5 return_hook=1 x0=0x0000000100613d10 x1=0x000000016fdf7e58 x2=0x0000000000000068 x3=0x0000000000000001 x4=0x0000000000000000 x5=0x000000016fdf7e58
AO46_AGX_PRIVATE_WINSYS_RETURN capture_id=5 name=resource-create storage=0x0000000100613d10 x0=0x0000000a5d00c510 x1=0x000000016fdf7c18
AO46_AGX_PRIVATE_WINSYS_CALL name=resource-gpu-address capture_id=6 return_hook=1 x0=0x0000000a5d00c510 x1=0x0000000a5d00c510 x2=0x0000000000000000 x3=0x0000000a5d00c588 x4=0xffffffffffffe988 x5=0x0000000000000020
AO46_AGX_PRIVATE_WINSYS_RETURN capture_id=6 name=resource-gpu-address storage=0x0000000a5d00c510 x0=0x0000010000018000 x1=0x0000000a5d00c510
AO46_AGX_PRIVATE_WINSYS_CALL name=resource-create capture_id=7 return_hook=1 x0=0x0000000100613d10 x1=0x000000016fdf8148 x2=0x0000000000000068 x3=0xfffff0007fc00000 x4=0x0000000a5cc1d800 x5=0x0000000000000001
AO46_AGX_PRIVATE_WINSYS_RETURN capture_id=7 name=resource-create storage=0x0000000100613d10 x0=0x0000000a5d00c5b0 x1=0x000000016fdf7f48
AO46_AGX_PRIVATE_WINSYS_CALL name=resource-gpu-address capture_id=8 return_hook=1 x0=0x0000000a5d00c5b0 x1=0x0000000a5d00c5b0 x2=0x0000000000000000 x3=0x0000000a5d00c628 x4=0xffffffffffffe988 x5=0x0000000000000010
AO46_AGX_PRIVATE_WINSYS_RETURN capture_id=8 name=resource-gpu-address storage=0x0000000a5d00c5b0 x0=0x0000010000018000 x1=0x0000000a5d00c5b0
AO46_AGX_PRIVATE_WINSYS_CALL name=resource-create capture_id=9 return_hook=1 x0=0x0000000100613d10 x1=0x0000000a5cc85930 x2=0x0000000000000068 x3=0x0000000000000001 x4=0x0000000000000000 x5=0x0000000a5cc85930
AO46_AGX_PRIVATE_WINSYS_RETURN capture_id=9 name=resource-create storage=0x0000000100613d10 x0=0x0000000a5d00c650 x1=0x000000016fdf7698
AO46_AGX_PRIVATE_WINSYS_CALL name=resource-gpu-address capture_id=10 return_hook=1 x0=0x0000000a5d00c650 x1=0x0000000a5d00c650 x2=0x0000000000000000 x3=0x0000000a5d00c6c8 x4=0xffffffffffffe988 x5=0x0000000000000020
AO46_AGX_PRIVATE_WINSYS_RETURN capture_id=10 name=resource-gpu-address storage=0x0000000a5d00c650 x0=0x0000010000040000 x1=0x0000000a5d00c650
AO46_AGX_PRIVATE_WINSYS_CALL name=resource-create capture_id=11 return_hook=1 x0=0x0000000100613d10 x1=0x0000000a5cc85b28 x2=0x0000000000000068 x3=0xfffff0007fc00000 x4=0x0000000a5cc1d880 x5=0x0000000000000001
AO46_AGX_PRIVATE_WINSYS_RETURN capture_id=11 name=resource-create storage=0x0000000100613d10 x0=0x0000000a5d00c6f0 x1=0x000000016fdf7688
AO46_AGX_PRIVATE_WINSYS_CALL name=resource-gpu-address capture_id=12 return_hook=1 x0=0x0000000a5d00c6f0 x1=0x0000000a5d00c6f0 x2=0x0000000000000000 x3=0x0000000a5d00c768 x4=0xffffffffffffe988 x5=0x0000000000000010
AO46_AGX_PRIVATE_WINSYS_RETURN capture_id=12 name=resource-gpu-address storage=0x0000000a5d00c6f0 x0=0x0000000000000000 x1=0x0000000a5d00c6f0
Selector 7, 3C03, 3C03
AGX_CALL selector=7 scalar_in=0 struct_in=1040 scalar_out_capacity=0 struct_out_capacity=16
3C03: SET_API(/Users/gitanshchakravarty/MGL/Khronos_AppleICDs/OpenGL_4.6(Core Profile)/mesa/build-ao46-asahi-arm64/src/asahi/lib/asahi_macos_render_resource_record_trace)
AGX_RESULT selector=7 status=0 scalar_out=0 struct_out=16
 struct
000000  01 00 00 00 00 00 00 00 01 51 68 6D 07 00 00 00  | .........Qhm....


Selector 16, 3C03, 3C03
AGX_CALL selector=16 scalar_in=2 struct_in=0 scalar_out_capacity=0 struct_out_capacity=16
3C03: call 10 (out 0x16fdf9e50, 16) 100 28
AGX_RESULT selector=16 status=0 scalar_out=0 struct_out=16
MODERN_NOTIFICATION_QUEUE data_queue=104e34000 id=1 config=100/28
Allocated notif port 2F07
Set noficiation port connect=3C03, type=0, port=2F07, reference=1
Selector 28, 3C03, 3C03
AGX_CALL selector=28 scalar_in=2 struct_in=0 scalar_out_capacity=0 struct_out_capacity=0
3C03: call 1C (out 0x0, 0) 1 1
AGX_RESULT selector=28 status=0 scalar_out=0 struct_out=0

AO46_AGX_PRIVATE_WINSYS_CALL name=resource-create capture_id=13 return_hook=1 x0=0x0000000100613d10 x1=0x000000016fdf9f18 x2=0x0000000000000068 x3=0x0000000000000001 x4=0x0000000000000000 x5=0x000000016fdf9f18
Selector 9, 3C03, 3C03
AGX_CALL selector=9 scalar_in=0 struct_in=104 scalar_out_capacity=0 struct_out_capacity=88
3C03: call 9 (out 0x16fdf9d20, 88), struct:
000000  80 00 00 00 00 00 00 00 01 00 01 00 01 00 00 00  | €...............
000010  01 01 00 01 30 0C 00 00 00 00 00 00 00 00 00 00  | ....0...........
000020  00 00 00 00 00 00 00 00 00 00 00 00 00 00 00 00  | ................
000030  00 00 00 00 00 00 00 00 00 42 DF 04 01 00 00 00  | .........B......
000040  00 40 DF 04 01 00 00 00 00 00 02 00 00 00 00 00  | .@..............
000050  03 00 00 00 00 00 00 00 00 00 00 00 18 00 00 00  | ................
000060  90 15 0B 0E 01 00 00 00 
AGX_RESULT selector=9 status=0 scalar_out=0 struct_out=88
MODERN_ALLOCATE_MEM handle=7 gpu=10000018200 cpu=0 size=1fe00 attributes=80 storage=0xc30 write_combined=0 private=0 reused=0
MODERN_ALLOCATE_REQUEST size_units_candidate=2
MODERN_ALLOCATE_REQUEST bytes=8000000000000000010001000100000001010001300c000000000000000000000000000000000000000000000000000000000000000000000042df04010000000040df040100000000000200000000000300000000000000000000001800000090150b0e01000000
AO46_AGX_PRIVATE_WINSYS_RETURN capture_id=13 name=resource-create storage=0x0000000100613d10 x0=0x0000000a5d00c790 x1=0x000000016fdf9d18
AO46_AGX_PRIVATE_WINSYS_CALL name=resource-gpu-address capture_id=14 return_hook=1 x0=0x0000000a5d00c790 x1=0x0000000a5d00c790 x2=0x0000000000000000 x3=0x0000000a5d00c808 x4=0x00000001000abc3f x5=0x000000016fdf97b0
AO46_AGX_PRIVATE_WINSYS_RETURN capture_id=14 name=resource-gpu-address storage=0x0000000a5d00c790 x0=0x0000010000018200 x1=0x0000000a5d00c790
AO46_AGX_PRIVATE_WINSYS_CALL name=resource-create capture_id=15 return_hook=1 x0=0x0000000100613d10 x1=0x000000016fdf9f18 x2=0x0000000000000068 x3=0x0000000000000001 x4=0x0000000000000000 x5=0x000000016fdf9f18
Selector 9, 3C03, 3C03
AGX_CALL selector=9 scalar_in=0 struct_in=104 scalar_out_capacity=0 struct_out_capacity=88
3C03: call 9 (out 0x16fdf9d20, 88), struct:
000000  80 00 00 00 00 00 00 00 01 00 01 00 01 00 00 00  | €...............
000010  01 01 00 01 30 0C 00 00 00 00 00 00 00 00 00 00  | ....0...........
000020  00 00 00 00 00 00 00 00 00 00 00 00 00 00 00 00  | ................
000030  00 00 00 00 00 00 00 00 00 44 DF 04 01 00 00 00  | .........D......
000040  00 40 DF 04 01 00 00 00 00 00 02 00 00 00 00 00  | .@..............
000050  03 00 00 00 00 00 00 00 00 00 00 00 18 00 00 00  | ................
000060  C8 5C C8 5C 0A 00 00 00 
AGX_RESULT selector=9 status=0 scalar_out=0 struct_out=88
MODERN_ALLOCATE_MEM handle=8 gpu=10000018400 cpu=0 size=1fc00 attributes=80 storage=0xc30 write_combined=0 private=0 reused=0
MODERN_ALLOCATE_REQUEST size_units_candidate=2
MODERN_ALLOCATE_REQUEST bytes=8000000000000000010001000100000001010001300c000000000000000000000000000000000000000000000000000000000000000000000044df04010000000040df0401000000000002000000000003000000000000000000000018000000c85cc85c0a000000
AO46_AGX_PRIVATE_WINSYS_RETURN capture_id=15 name=resource-create storage=0x0000000100613d10 x0=0x0000000a5d00c8d0 x1=0x000000016fdf9d18
AO46_AGX_PRIVATE_WINSYS_CALL name=resource-gpu-address capture_id=16 return_hook=1 x0=0x0000000a5d00c8d0 x1=0x0000000a5d00c8d0 x2=0x0000000000000000 x3=0x0000000a5d00c948 x4=0x00000001000abc3f x5=0x000000016fdf97b0
AO46_AGX_PRIVATE_WINSYS_RETURN capture_id=16 name=resource-gpu-address storage=0x0000000a5d00c8d0 x0=0x0000010000018400 x1=0x0000000a5d00c8d0
AO46_AGX_PRIVATE_WINSYS_CALL name=resource-create capture_id=17 return_hook=1 x0=0x0000000100613d10 x1=0x000000016fdf9f18 x2=0x0000000000000068 x3=0x0000000000000001 x4=0x0000000000000000 x5=0x000000016fdf9f18
Selector 9, 3C03, 3C03
AGX_CALL selector=9 scalar_in=0 struct_in=104 scalar_out_capacity=0 struct_out_capacity=88
3C03: call 9 (out 0x16fdf9d20, 88), struct:
000000  80 00 00 00 00 00 00 00 01 00 01 00 01 00 00 00  | €...............
000010  01 01 00 01 30 0C 00 00 00 00 00 00 00 00 00 00  | ....0...........
000020  00 00 00 00 00 00 00 00 00 00 00 00 00 00 00 00  | ................
000030  00 00 00 00 00 00 00 00 00 46 DF 04 01 00 00 00  | .........F......
000040  00 40 DF 04 01 00 00 00 00 00 02 00 00 00 00 00  | .@..............
000050  03 00 00 00 00 00 00 00 00 00 00 00 18 00 00 00  | ................
000060  C8 5C C8 5C 0A 00 00 00 
AGX_RESULT selector=9 status=0 scalar_out=0 struct_out=88
MODERN_ALLOCATE_MEM handle=9 gpu=10000018600 cpu=0 size=1fa00 attributes=80 storage=0xc30 write_combined=0 private=0 reused=0
MODERN_ALLOCATE_REQUEST size_units_candidate=2
MODERN_ALLOCATE_REQUEST bytes=8000000000000000010001000100000001010001300c000000000000000000000000000000000000000000000000000000000000000000000046df04010000000040df0401000000000002000000000003000000000000000000000018000000c85cc85c0a000000
AO46_AGX_PRIVATE_WINSYS_RETURN capture_id=17 name=resource-create storage=0x0000000100613d10 x0=0x0000000a5d00c830 x1=0x000000016fdf9d18
AO46_AGX_PRIVATE_WINSYS_CALL name=resource-gpu-address capture_id=18 return_hook=1 x0=0x0000000a5d00c830 x1=0x0000000a5d00c830 x2=0x0000000000000000 x3=0x0000000a5d00c8a8 x4=0x00000001000abc3f x5=0x000000016fdf97b0
AO46_AGX_PRIVATE_WINSYS_RETURN capture_id=18 name=resource-gpu-address storage=0x0000000a5d00c830 x0=0x0000010000018600 x1=0x0000000a5d00c830
AO46_AGX_PRIVATE_WINSYS_CALL name=resource-create capture_id=19 return_hook=1 x0=0x0000000100613d10 x1=0x000000016fdf9f28 x2=0x0000000000000068 x3=0x0000000000000001 x4=0x0000000000000000 x5=0x000000016fdf9f28
Selector 9, 3C03, 3C03
AGX_CALL selector=9 scalar_in=0 struct_in=104 scalar_out_capacity=0 struct_out_capacity=88
3C03: call 9 (out 0x16fdf9d30, 88), struct:
000000  80 00 00 00 00 00 00 00 01 00 01 00 01 00 00 00  | €...............
000010  01 01 00 01 30 0C 00 00 00 00 00 00 00 00 00 00  | ....0...........
000020  00 00 00 00 00 00 00 00 00 00 00 00 00 00 00 00  | ................
000030  00 00 00 00 00 00 00 00 00 47 DF 04 01 00 00 00  | .........G......
000040  00 40 DF 04 01 00 00 00 00 00 02 00 00 00 00 00  | .@..............
000050  03 00 00 00 00 00 00 00 00 00 00 00 18 00 00 00  | ................
000060  40 65 C8 5C 0A 00 00 00 
AGX_RESULT selector=9 status=0 scalar_out=0 struct_out=88
MODERN_ALLOCATE_MEM handle=10 gpu=10000018700 cpu=0 size=1f900 attributes=80 storage=0xc30 write_combined=0 private=0 reused=0
MODERN_ALLOCATE_REQUEST size_units_candidate=2
MODERN_ALLOCATE_REQUEST bytes=8000000000000000010001000100000001010001300c000000000000000000000000000000000000000000000000000000000000000000000047df04010000000040df04010000000000020000000000030000000000000000000000180000004065c85c0a000000
AO46_AGX_PRIVATE_WINSYS_RETURN capture_id=19 name=resource-create storage=0x0000000100613d10 x0=0x0000000a5d00c970 x1=0x000000016fdf9d28
AO46_AGX_PRIVATE_WINSYS_CALL name=resource-gpu-address capture_id=20 return_hook=1 x0=0x0000000a5d00c970 x1=0x0000000a5d00c970 x2=0x0000000000000000 x3=0x0000000a5d00c9e8 x4=0x00000001000abc3f x5=0x000000016fdf97c0
AO46_AGX_PRIVATE_WINSYS_RETURN capture_id=20 name=resource-gpu-address storage=0x0000000a5d00c970 x0=0x0000010000018700 x1=0x0000000a5d00c970
AO46_AGX_PRIVATE_WINSYS_CALL name=resource-create capture_id=21 return_hook=1 x0=0x0000000100613d10 x1=0x000000016fdf9f28 x2=0x0000000000000068 x3=0x0000000000000001 x4=0x0000000000000000 x5=0x000000016fdf9f28
Selector 9, 3C03, 3C03
AGX_CALL selector=9 scalar_in=0 struct_in=104 scalar_out_capacity=0 struct_out_capacity=88
3C03: call 9 (out 0x16fdf9d30, 88), struct:
000000  80 00 00 00 00 00 00 00 01 00 01 00 01 00 00 00  | €...............
000010  01 01 00 01 30 0C 00 00 00 00 00 00 00 00 00 00  | ....0...........
000020  00 00 00 00 00 00 00 00 00 00 00 00 00 00 00 00  | ................
000030  00 00 00 00 00 00 00 00 00 48 DF 04 01 00 00 00  | .........H......
000040  00 40 DF 04 01 00 00 00 00 00 02 00 00 00 00 00  | .@..............
000050  03 00 00 00 00 00 00 00 00 00 00 00 18 00 00 00  | ................
000060  60 68 C8 5C 0A 00 00 00 
AGX_RESULT selector=9 status=0 scalar_out=0 struct_out=88
MODERN_ALLOCATE_MEM handle=11 gpu=10000018800 cpu=0 size=1f800 attributes=80 storage=0xc30 write_combined=0 private=0 reused=0
MODERN_ALLOCATE_REQUEST size_units_candidate=2
MODERN_ALLOCATE_REQUEST bytes=8000000000000000010001000100000001010001300c000000000000000000000000000000000000000000000000000000000000000000000048df04010000000040df04010000000000020000000000030000000000000000000000180000006068c85c0a000000
AO46_AGX_PRIVATE_WINSYS_RETURN capture_id=21 name=resource-create storage=0x0000000100613d10 x0=0x0000000a5d00ca10 x1=0x000000016fdf9d28
AO46_AGX_PRIVATE_WINSYS_CALL name=resource-gpu-address capture_id=22 return_hook=1 x0=0x0000000a5d00ca10 x1=0x0000000a5d00ca10 x2=0x0000000000000000 x3=0x0000000a5d00ca88 x4=0x00000001000abc3f x5=0x000000016fdf97c0
AO46_AGX_PRIVATE_WINSYS_RETURN capture_id=22 name=resource-gpu-address storage=0x0000000a5d00ca10 x0=0x0000010000018800 x1=0x0000000a5d00ca10
AO46_AGX_PRIVATE_WINSYS_CALL name=resource-create capture_id=23 return_hook=1 x0=0x0000000100613d10 x1=0x000000016fdf9f38 x2=0x0000000000000068 x3=0xfffff0007fc00000 x4=0x0000000a5cca4180 x5=0x000000016fdf9f38
Selector 9, 3C03, 3C03
AGX_CALL selector=9 scalar_in=0 struct_in=104 scalar_out_capacity=0 struct_out_capacity=88
3C03: call 9 (out 0x16fdf9d40, 88), struct:
000000  80 00 00 00 00 00 00 00 01 00 01 00 01 00 00 00  | €...............
000010  01 01 00 01 30 0C 00 00 00 00 00 00 00 00 00 00  | ....0...........
000020  00 00 00 00 00 00 00 00 00 00 00 00 00 00 00 00  | ................
000030  00 00 00 00 00 00 00 00 00 49 DF 04 01 00 00 00  | .........I......
000040  00 40 DF 04 01 00 00 00 00 00 02 00 00 00 00 00  | .@..............
000050  03 00 00 00 00 00 00 00 00 00 00 00 18 00 00 00  | ................
000060  80 6B C8 5C 0A 00 00 00 
AGX_RESULT selector=9 status=0 scalar_out=0 struct_out=88
MODERN_ALLOCATE_MEM handle=12 gpu=10000018900 cpu=0 size=1f700 attributes=80 storage=0xc30 write_combined=0 private=0 reused=0
MODERN_ALLOCATE_REQUEST size_units_candidate=2
MODERN_ALLOCATE_REQUEST bytes=8000000000000000010001000100000001010001300c000000000000000000000000000000000000000000000000000000000000000000000049df04010000000040df0401000000000002000000000003000000000000000000000018000000806bc85c0a000000
AO46_AGX_PRIVATE_WINSYS_RETURN capture_id=23 name=resource-create storage=0x0000000100613d10 x0=0x0000000a5d00cab0 x1=0x000000016fdf9d38
AO46_AGX_PRIVATE_WINSYS_CALL name=resource-gpu-address capture_id=24 return_hook=1 x0=0x0000000a5d00cab0 x1=0x0000000a5d00cab0 x2=0x0000000000000000 x3=0x0000000a5d00cb28 x4=0x00000001000abc3f x5=0x000000016fdf97d0
AO46_AGX_PRIVATE_WINSYS_RETURN capture_id=24 name=resource-gpu-address storage=0x0000000a5d00cab0 x0=0x0000010000018900 x1=0x0000000a5d00cab0
AO46_AGX_PRIVATE_WINSYS_CALL name=resource-create capture_id=25 return_hook=1 x0=0x0000000100613d10 x1=0x000000016fdf9f28 x2=0x0000000000000068 x3=0x0000000000000001 x4=0x0000000000000000 x5=0x000000016fdf9f28
Selector 9, 3C03, 3C03
AGX_CALL selector=9 scalar_in=0 struct_in=104 scalar_out_capacity=0 struct_out_capacity=88
3C03: call 9 (out 0x16fdf9d30, 88), struct:
000000  80 00 00 00 00 00 00 00 01 00 01 00 01 00 00 00  | €...............
000010  01 01 00 01 30 0C 00 00 00 00 00 00 00 00 00 00  | ....0...........
000020  00 00 00 00 00 00 00 00 00 00 00 00 00 00 00 00  | ................
000030  00 00 00 00 00 00 00 00 00 59 DF 04 01 00 00 00  | .........Y......
000040  00 40 DF 04 01 00 00 00 00 00 02 00 00 00 00 00  | .@..............
000050  03 00 00 00 00 00 00 00 00 00 00 00 18 00 00 00  | ................
000060  A0 6E C8 5C 0A 00 00 00 
AGX_RESULT selector=9 status=0 scalar_out=0 struct_out=88
MODERN_ALLOCATE_MEM handle=13 gpu=10000019900 cpu=0 size=1e700 attributes=80 storage=0xc30 write_combined=0 private=0 reused=0
MODERN_ALLOCATE_REQUEST size_units_candidate=2
MODERN_ALLOCATE_REQUEST bytes=8000000000000000010001000100000001010001300c000000000000000000000000000000000000000000000000000000000000000000000059df04010000000040df0401000000000002000000000003000000000000000000000018000000a06ec85c0a000000
AO46_AGX_PRIVATE_WINSYS_RETURN capture_id=25 name=resource-create storage=0x0000000100613d10 x0=0x0000000a5d00cb50 x1=0x000000016fdf9d28
AO46_AGX_PRIVATE_WINSYS_CALL name=resource-gpu-address capture_id=26 return_hook=1 x0=0x0000000a5d00cb50 x1=0x0000000a5d00cb50 x2=0x0000000000000000 x3=0x0000000a5d00cbc8 x4=0x00000001000abc3f x5=0x000000016fdf97c0
AO46_AGX_PRIVATE_WINSYS_RETURN capture_id=26 name=resource-gpu-address storage=0x0000000a5d00cb50 x0=0x0000010000019900 x1=0x0000000a5d00cb50
AO46_AGX_PRIVATE_WINSYS_CALL name=resource-create capture_id=27 return_hook=1 x0=0x0000000100613d10 x1=0x000000016fdf9f28 x2=0x0000000000000068 x3=0x0000000000000001 x4=0x0000000000000000 x5=0x000000016fdf9f28
Selector 9, 3C03, 3C03
AGX_CALL selector=9 scalar_in=0 struct_in=104 scalar_out_capacity=0 struct_out_capacity=88
3C03: call 9 (out 0x16fdf9d30, 88), struct:
000000  80 00 00 00 00 00 00 00 01 00 01 00 01 00 00 00  | €...............
000010  01 01 00 01 30 0C 00 00 00 00 00 00 00 00 00 00  | ....0...........
000020  00 00 00 00 00 00 00 00 00 00 00 00 00 00 00 00  | ................
000030  00 00 00 00 00 00 00 00 00 5A DF 04 01 00 00 00  | .........Z......
000040  00 40 DF 04 01 00 00 00 00 00 02 00 00 00 00 00  | .@..............
000050  03 00 00 00 00 00 00 00 00 00 00 00 18 00 00 00  | ................
000060  A8 71 C8 5C 0A 00 00 00 
AGX_RESULT selector=9 status=0 scalar_out=0 struct_out=88
MODERN_ALLOCATE_MEM handle=14 gpu=10000019a00 cpu=0 size=1e600 attributes=80 storage=0xc30 write_combined=0 private=0 reused=0
MODERN_ALLOCATE_REQUEST size_units_candidate=2
MODERN_ALLOCATE_REQUEST bytes=8000000000000000010001000100000001010001300c00000000000000000000000000000000000000000000000000000000000000000000005adf04010000000040df0401000000000002000000000003000000000000000000000018000000a871c85c0a000000
AO46_AGX_PRIVATE_WINSYS_RETURN capture_id=27 name=resource-create storage=0x0000000100613d10 x0=0x0000000a5d00cbf0 x1=0x000000016fdf9d28
AO46_AGX_PRIVATE_WINSYS_CALL name=resource-gpu-address capture_id=28 return_hook=1 x0=0x0000000a5d00cbf0 x1=0x0000000a5d00cbf0 x2=0x0000000000000000 x3=0x0000000a5d00cc68 x4=0x00000001000abc3f x5=0x000000016fdf97c0
AO46_AGX_PRIVATE_WINSYS_RETURN capture_id=28 name=resource-gpu-address storage=0x0000000a5d00cbf0 x0=0x0000010000019a00 x1=0x0000000a5d00cbf0
AO46_AGX_PRIVATE_WINSYS_CALL name=resource-create capture_id=29 return_hook=1 x0=0x0000000100613d10 x1=0x000000016fdf9f28 x2=0x0000000000000068 x3=0x0000000000000001 x4=0x0000000000000000 x5=0x000000016fdf9f28
Selector 9, 3C03, 3C03
AGX_CALL selector=9 scalar_in=0 struct_in=104 scalar_out_capacity=0 struct_out_capacity=88
3C03: call 9 (out 0x16fdf9d30, 88), struct:
000000  80 00 00 00 00 00 00 00 01 00 01 00 01 00 00 00  | €...............
000010  01 01 00 01 30 0C 00 00 00 00 00 00 00 00 00 00  | ....0...........
000020  00 00 00 00 00 00 00 00 00 00 00 00 00 00 00 00  | ................
000030  00 00 00 00 00 00 00 00 00 5B DF 04 01 00 00 00  | .........[......
000040  00 40 DF 04 01 00 00 00 00 00 02 00 00 00 00 00  | .@..............
000050  03 00 00 00 00 00 00 00 00 00 00 00 18 00 00 00  | ................
000060  B0 74 C8 5C 0A 00 00 00 
AGX_RESULT selector=9 status=0 scalar_out=0 struct_out=88
MODERN_ALLOCATE_MEM handle=15 gpu=10000019b00 cpu=0 size=1e500 attributes=80 storage=0xc30 write_combined=0 private=0 reused=0
MODERN_ALLOCATE_REQUEST size_units_candidate=2
MODERN_ALLOCATE_REQUEST bytes=8000000000000000010001000100000001010001300c00000000000000000000000000000000000000000000000000000000000000000000005bdf04010000000040df0401000000000002000000000003000000000000000000000018000000b074c85c0a000000
AO46_AGX_PRIVATE_WINSYS_RETURN capture_id=29 name=resource-create storage=0x0000000100613d10 x0=0x0000000a5d00cc90 x1=0x000000016fdf9d28
AO46_AGX_PRIVATE_WINSYS_CALL name=resource-gpu-address capture_id=30 return_hook=1 x0=0x0000000a5d00cc90 x1=0x0000000a5d00cc90 x2=0x0000000000000000 x3=0x0000000a5d00cd08 x4=0x00000001000abc3f x5=0x000000016fdf97c0
AO46_AGX_PRIVATE_WINSYS_RETURN capture_id=30 name=resource-gpu-address storage=0x0000000a5d00cc90 x0=0x0000010000019b00 x1=0x0000000a5d00cc90
AO46_AGX_PRIVATE_WINSYS_CALL name=resource-create capture_id=31 return_hook=1 x0=0x0000000100613d10 x1=0x000000016fdf9f28 x2=0x0000000000000068 x3=0x0000000000000001 x4=0x0000000000000000 x5=0x000000016fdf9f28
Selector 9, 3C03, 3C03
AGX_CALL selector=9 scalar_in=0 struct_in=104 scalar_out_capacity=0 struct_out_capacity=88
3C03: call 9 (out 0x16fdf9d30, 88), struct:
000000  80 00 00 00 00 00 00 00 01 00 01 00 01 00 00 00  | €...............
000010  01 01 00 01 30 0C 00 00 00 00 00 00 00 00 00 00  | ....0...........
000020  00 00 00 00 00 00 00 00 00 00 00 00 00 00 00 00  | ................
000030  00 00 00 00 00 00 00 00 00 5C DF 04 01 00 00 00  | .........\......
000040  00 40 DF 04 01 00 00 00 00 00 02 00 00 00 00 00  | .@..............
000050  03 00 00 00 00 00 00 00 00 00 00 00 18 00 00 00  | ................
000060  B8 77 C8 5C 0A 00 00 00 
AGX_RESULT selector=9 status=0 scalar_out=0 struct_out=88
MODERN_ALLOCATE_MEM handle=16 gpu=10000019c00 cpu=0 size=1e400 attributes=80 storage=0xc30 write_combined=0 private=0 reused=0
MODERN_ALLOCATE_REQUEST size_units_candidate=2
MODERN_ALLOCATE_REQUEST bytes=8000000000000000010001000100000001010001300c00000000000000000000000000000000000000000000000000000000000000000000005cdf04010000000040df0401000000000002000000000003000000000000000000000018000000b877c85c0a000000
AO46_AGX_PRIVATE_WINSYS_RETURN capture_id=31 name=resource-create storage=0x0000000100613d10 x0=0x0000000a5d00cd30 x1=0x000000016fdf9d28
AO46_AGX_PRIVATE_WINSYS_CALL name=resource-gpu-address capture_id=32 return_hook=1 x0=0x0000000a5d00cd30 x1=0x0000000a5d00cd30 x2=0x0000000000000000 x3=0x0000000a5d00cda8 x4=0x00000001000abc3f x5=0x000000016fdf97c0
AO46_AGX_PRIVATE_WINSYS_RETURN capture_id=32 name=resource-gpu-address storage=0x0000000a5d00cd30 x0=0x0000010000019c00 x1=0x0000000a5d00cd30
AO46_AGX_PRIVATE_WINSYS_CALL name=resource-create capture_id=33 return_hook=1 x0=0x0000000100613d10 x1=0x000000016fdf9f28 x2=0x0000000000000068 x3=0x0000000000000001 x4=0x0000000000000000 x5=0x000000016fdf9f28
Selector 9, 3C03, 3C03
AGX_CALL selector=9 scalar_in=0 struct_in=104 scalar_out_capacity=0 struct_out_capacity=88
3C03: call 9 (out 0x16fdf9d30, 88), struct:
000000  80 00 00 00 00 00 00 00 01 00 01 00 01 00 00 00  | €...............
000010  01 01 00 01 30 0C 00 00 00 00 00 00 00 00 00 00  | ....0...........
000020  00 00 00 00 00 00 00 00 00 00 00 00 00 00 00 00  | ................
000030  00 00 00 00 00 00 00 00 00 64 DF 04 01 00 00 00  | .........d......
000040  00 40 DF 04 01 00 00 00 00 00 02 00 00 00 00 00  | .@..............
000050  03 00 00 00 00 00 00 00 00 00 00 00 18 00 00 00  | ................
000060  C0 7A C8 5C 0A 00 00 00 
AGX_RESULT selector=9 status=0 scalar_out=0 struct_out=88
MODERN_ALLOCATE_MEM handle=17 gpu=1000001a400 cpu=0 size=1dc00 attributes=80 storage=0xc30 write_combined=0 private=0 reused=0
MODERN_ALLOCATE_REQUEST size_units_candidate=2
MODERN_ALLOCATE_REQUEST bytes=8000000000000000010001000100000001010001300c000000000000000000000000000000000000000000000000000000000000000000000064df04010000000040df0401000000000002000000000003000000000000000000000018000000c07ac85c0a000000
AO46_AGX_PRIVATE_WINSYS_RETURN capture_id=33 name=resource-create storage=0x0000000100613d10 x0=0x0000000a5d00cdd0 x1=0x000000016fdf9d28
AO46_AGX_PRIVATE_WINSYS_CALL name=resource-gpu-address capture_id=34 return_hook=1 x0=0x0000000a5d00cdd0 x1=0x0000000a5d00cdd0 x2=0x0000000000000000 x3=0x0000000a5d00ce48 x4=0x00000001000abc3f x5=0x000000016fdf97c0
AO46_AGX_PRIVATE_WINSYS_RETURN capture_id=34 name=resource-gpu-address storage=0x0000000a5d00cdd0 x0=0x000001000001a400 x1=0x0000000a5d00cdd0
AO46_AGX_PRIVATE_WINSYS_CALL name=resource-create capture_id=35 return_hook=1 x0=0x0000000100613d10 x1=0x000000016fdf9ce8 x2=0x0000000000000068 x3=0x0000000000000001 x4=0x0000000000000000 x5=0x000000016fdf9ce8
Selector 9, 3C03, 3C03
AGX_CALL selector=9 scalar_in=0 struct_in=104 scalar_out_capacity=0 struct_out_capacity=88
3C03: call 9 (out 0x16fdf9af0, 88), struct:
000000  80 00 00 00 00 00 00 00 01 00 01 00 01 00 00 00  | €...............
000010  01 01 00 01 30 0C 00 00 00 00 00 00 00 00 00 00  | ....0...........
000020  00 00 00 00 00 00 00 00 00 00 00 00 00 00 00 00  | ................
000030  00 00 00 00 00 00 00 00 00 65 DF 04 01 00 00 00  | .........e......
000040  00 40 DF 04 01 00 00 00 00 00 02 00 00 00 00 00  | .@..............
000050  03 00 00 00 00 00 00 00 00 00 00 00 18 00 00 00  | ................
000060  C8 0A 0B 0E 01 00 00 00 
AGX_RESULT selector=9 status=0 scalar_out=0 struct_out=88
MODERN_ALLOCATE_MEM handle=18 gpu=1000001a500 cpu=0 size=1db00 attributes=80 storage=0xc30 write_combined=0 private=0 reused=0
MODERN_ALLOCATE_REQUEST size_units_candidate=2
MODERN_ALLOCATE_REQUEST bytes=8000000000000000010001000100000001010001300c000000000000000000000000000000000000000000000000000000000000000000000065df04010000000040df0401000000000002000000000003000000000000000000000018000000c80a0b0e01000000
AO46_AGX_PRIVATE_WINSYS_RETURN capture_id=35 name=resource-create storage=0x0000000100613d10 x0=0x0000000a5d00ce70 x1=0x000000016fdf9ae8
AO46_AGX_PRIVATE_WINSYS_CALL name=resource-gpu-address capture_id=36 return_hook=1 x0=0x0000000a5d00ce70 x1=0x0000000a5d00ce70 x2=0x0000000000000000 x3=0x0000000a5d00cee8 x4=0x00000001000abc3f x5=0x000000016fdf9580
AO46_AGX_PRIVATE_WINSYS_RETURN capture_id=36 name=resource-gpu-address storage=0x0000000a5d00ce70 x0=0x000001000001a500 x1=0x0000000a5d00ce70
AO46_AGX_PRIVATE_WINSYS_CALL name=resource-create capture_id=37 return_hook=1 x0=0x0000000100613d10 x1=0x000000016fdf9c88 x2=0x0000000000000068 x3=0x0000000000000001 x4=0x0000000000020020 x5=0x000000016fdf9c88
Selector 9, 3C03, 3C03
AGX_CALL selector=9 scalar_in=0 struct_in=104 scalar_out_capacity=0 struct_out_capacity=88
3C03: call 9 (out 0x16fdf9a50, 88), struct:
000000  00 00 00 00 00 00 00 00 01 00 01 00 01 00 00 00  | ................
000010  01 01 00 01 70 04 00 00 00 00 00 00 00 00 00 00  | ....p...........
000020  00 00 00 00 00 00 00 00 00 00 00 00 00 00 00 00  | ................
000030  01 00 00 00 00 00 00 00 00 00 00 00 00 00 00 00  | ................
000040  00 00 00 00 00 00 00 00 00 00 02 00 00 00 00 00  | ................
000050  00 00 00 00 00 00 00 00 00 00 00 00 00 00 00 00  | ................
000060  C8 0A 0B 0E 01 00 00 00 
AGX_RESULT selector=9 status=0 scalar_out=0 struct_out=88
MODERN_ALLOCATE_MEM handle=19 gpu=10000058000 cpu=104e38000 size=20000 attributes=0 storage=0x470 write_combined=0 private=0 reused=0
MODERN_ALLOCATE_REQUEST size_units_candidate=2
MODERN_ALLOCATE_REQUEST bytes=000000000000000001000100010000000101000170040000000000000000000000000000000000000000000000000000010000000000000000000000000000000000000000000000000002000000000000000000000000000000000000000000c80a0b0e01000000
AO46_AGX_PRIVATE_WINSYS_RETURN capture_id=37 name=resource-create storage=0x0000000100613d10 x0=0x0000000a5d00cf10 x1=0x000000016fdf9a48
AO46_AGX_PRIVATE_WINSYS_CALL name=resource-gpu-address capture_id=38 return_hook=1 x0=0x0000000a5d00cf10 x1=0x0000000a5d00cf10 x2=0x0000000000000000 x3=0x0000000a5d00cf88 x4=0x00000001000abc3f x5=0x000000016fdf94e0
AO46_AGX_PRIVATE_WINSYS_RETURN capture_id=38 name=resource-gpu-address storage=0x0000000a5d00cf10 x0=0x0000010000058000 x1=0x0000000a5d00cf10
AO46_AGX_PRIVATE_WINSYS_CALL name=resource-create capture_id=39 return_hook=1 x0=0x0000000100613d10 x1=0x000000016fdf9f78 x2=0x0000000000000068 x3=0x0000000000000001 x4=0x0000000000020020 x5=0x000000016fdf9f78
Selector 9, 3C03, 3C03
AGX_CALL selector=9 scalar_in=0 struct_in=104 scalar_out_capacity=0 struct_out_capacity=88
3C03: call 9 (out 0x16fdf9d80, 88), struct:
000000  80 00 00 00 00 00 00 00 01 00 01 00 01 00 00 00  | €...............
000010  01 01 00 01 30 0C 00 00 00 00 00 00 00 00 00 00  | ....0...........
000020  00 00 00 00 00 00 00 00 00 00 00 00 00 00 00 00  | ................
000030  00 00 00 00 00 00 00 00 00 80 E3 04 01 00 00 00  | .........€......
000040  00 80 E3 04 01 00 00 00 00 00 02 00 00 00 00 00  | .€..............
000050  13 00 00 00 00 00 00 00 00 00 00 00 18 00 00 00  | ................
000060  C8 0A 0B 0E 01 00 00 00 
AGX_RESULT selector=9 status=0 scalar_out=0 struct_out=88
MODERN_ALLOCATE_MEM handle=20 gpu=10000058000 cpu=0 size=20000 attributes=80 storage=0xc30 write_combined=0 private=0 reused=0
MODERN_ALLOCATE_REQUEST size_units_candidate=2
MODERN_ALLOCATE_REQUEST bytes=8000000000000000010001000100000001010001300c000000000000000000000000000000000000000000000000000000000000000000000080e304010000000080e30401000000000002000000000013000000000000000000000018000000c80a0b0e01000000
AO46_AGX_PRIVATE_WINSYS_RETURN capture_id=39 name=resource-create storage=0x0000000100613d10 x0=0x0000000a5d00cfb0 x1=0x000000016fdf9d78
AO46_AGX_PRIVATE_WINSYS_CALL name=resource-gpu-address capture_id=40 return_hook=1 x0=0x0000000a5d00cfb0 x1=0x0000000a5d00cfb0 x2=0x0000000000000000 x3=0x0000000a5d00d028 x4=0x00000001000abc3f x5=0x000000016fdf9810
AO46_AGX_PRIVATE_WINSYS_RETURN capture_id=40 name=resource-gpu-address storage=0x0000000a5d00cfb0 x0=0x0000010000058000 x1=0x0000000a5d00cfb0
AO46_AGX_RENDER_RECORD allocate color-target-rgba8
AO46_AGX_PRIVATE_WINSYS_CALL name=resource-create capture_id=41 return_hook=1 x0=0x0000000100613d10 x1=0x000000016fdfa3e0 x2=0x0000000000000068 x3=0x0000000000000001 x4=0x0000000000000000 x5=0x000000016fdfa3e0
Selector 9, 3C03, 3C03
AGX_CALL selector=9 scalar_in=0 struct_in=104 scalar_out_capacity=0 struct_out_capacity=88
3C03: call 9 (out 0x16fdfa250, 88), struct:
000000  00 00 00 00 00 00 00 00 40 00 40 00 01 00 00 00  | ........@.@.....
000010  01 01 00 04 30 04 00 00 00 00 00 00 00 00 00 00  | ....0...........
000020  00 00 00 00 00 00 00 00 00 00 00 00 00 00 00 00  | ................
*
000040  00 00 00 00 00 00 00 00 80 40 00 00 00 00 00 00  | ........€@......
000050  00 00 00 00 00 00 00 00 00 8F 88 80 05 00 00 00  | ...........€....
000060  00 40 00 00 00 00 00 00 
AGX_RESULT selector=9 status=0 scalar_out=0 struct_out=88
MODERN_ALLOCATE_MEM handle=21 gpu=10000080000 cpu=104e58000 size=8000 attributes=0 storage=0x430 write_combined=0 private=0 reused=0
MODERN_ALLOCATE_REQUEST size_units_candidate=0
MODERN_ALLOCATE_REQUEST bytes=00000000000000004000400001000000010100043004000000000000000000000000000000000000000000000000000000000000000000000000000000000000000000000000000080400000000000000000000000000000008f8880050000000040000000000000
AO46_AGX_PRIVATE_WINSYS_RETURN capture_id=41 name=resource-create storage=0x0000000100613d10 x0=0x0000000a5d00d050 x1=0x000000016fdfa248
AO46_AGX_PRIVATE_WINSYS_CALL name=resource-gpu-address capture_id=42 return_hook=1 x0=0x0000000a5d00d050 x1=0x0000000a5d00d050 x2=0x0000000000000000 x3=0x0000000a5d00d0c8 x4=0x00000001000abc3f x5=0x000000016fdf9ce0
AO46_AGX_PRIVATE_WINSYS_RETURN capture_id=42 name=resource-gpu-address storage=0x0000000a5d00d050 x0=0x0000010000080000 x1=0x0000000a5d00d050
AO46_AGX_RENDER_RECORD render fullscreen-triangle-to-color-target
Selector 6, 3C03, 3C03
AGX_CALL selector=6 scalar_in=0 struct_in=0 scalar_out_capacity=0 struct_out_capacity=16
3C03: call 6 (out 0x16fdfa2d8, 16)
AGX_RESULT selector=6 status=0 scalar_out=0 struct_out=16
AO46_AGX_PRIVATE_WINSYS_CALL name=command-storage-create capture_id=43 return_hook=1 x0=0x000000010061baf0 x1=0x000000010061bdd0 x2=0x000000076d685135 x3=0x0000000000000001 x4=0x000000018376f757 x5=0x000000016fdf9db0
Selector 14, 3C03, 3C03
AGX_CALL selector=14 scalar_in=2 struct_in=0 scalar_out_capacity=0 struct_out_capacity=16
3C03: call E (out 0x16fdfa1a0, 16) 4000 0
AGX_RESULT selector=14 status=0 scalar_out=0 struct_out=16
Selector 14, 3C03, 3C03
AGX_CALL selector=14 scalar_in=2 struct_in=0 scalar_out_capacity=0 struct_out_capacity=16
3C03: call E (out 0x16fdfa1a0, 16) 4000 1
AGX_RESULT selector=14 status=0 scalar_out=0 struct_out=16
AO46_AGX_PRIVATE_WINSYS_CALL name=begin-kernel-commands capture_id=44 return_hook=1 x0=0x0000000a5ce10000 x1=0x0000000104e64000 x2=0xffffffffffffffec x3=0x0000000104e6406c x4=0x0000000104e64080 x5=0x000000016fdf9cc0
AO46_AGX_PRIVATE_WINSYS_RETURN capture_id=44 name=begin-kernel-commands storage=0x0000000a5ce10000 x0=0x0000000a5ce10000 x1=0x0000000104e64000
AO46_AGX_PRIVATE_WINSYS_RETURN capture_id=43 name=command-storage-create storage=0x000000010061baf0 x0=0x0000000a5ce10000 x1=0x0000000104e64000
AO46_AGX_PRIVATE_WINSYS_CALL name=resource-create capture_id=45 return_hook=1 x0=0x0000000100613d10 x1=0x000000016fdf80e0 x2=0x0000000000000068 x3=0x0000000000000001 x4=0x0000000000000000 x5=0x000000016fdf80e0
Selector 9, 3C03, 3C03
AGX_CALL selector=9 scalar_in=0 struct_in=104 scalar_out_capacity=0 struct_out_capacity=88
3C03: call 9 (out 0x16fdf8020, 88), struct:
000000  00 00 00 00 00 00 00 00 01 00 01 00 01 00 00 00  | ................
000010  01 01 00 01 30 04 00 00 00 00 00 00 00 00 00 00  | ....0...........
000020  00 00 00 00 00 00 00 00 00 00 00 00 00 00 00 00  | ................
*
000040  00 00 00 00 00 00 00 00 00 40 07 00 00 00 00 00  | .........@......
000050  00 00 00 00 00 00 00 00 00 00 00 08 18 00 00 00  | ................
000060  00 00 00 00 00 00 00 00 
AGX_RESULT selector=9 status=0 scalar_out=0 struct_out=88
MODERN_ALLOCATE_MEM handle=22 gpu=10000090000 cpu=104e68000 size=74000 attributes=0 storage=0x430 write_combined=0 private=0 reused=0
MODERN_ALLOCATE_REQUEST size_units_candidate=7
MODERN_ALLOCATE_REQUEST bytes=0000000000000000010001000100000001010001300400000000000000000000000000000000000000000000000000000000000000000000000000000000000000000000000000000040070000000000000000000000000000000008180000000000000000000000
AO46_AGX_PRIVATE_WINSYS_RETURN capture_id=45 name=resource-create storage=0x0000000100613d10 x0=0x0000000a5d00d0f0 x1=0x000000016fdf8018
AO46_AGX_PRIVATE_WINSYS_CALL name=resource-gpu-address capture_id=46 return_hook=1 x0=0x0000000a5d00d0f0 x1=0x0000000a5d00d0f0 x2=0x0000000000000000 x3=0x0000000a5d00d168 x4=0x00000001000abc3f x5=0x000000016fdf7ab0
AO46_AGX_PRIVATE_WINSYS_RETURN capture_id=46 name=resource-gpu-address storage=0x0000000a5d00d0f0 x0=0x0000010000090000 x1=0x0000000a5d00d0f0
AO46_AGX_PRIVATE_WINSYS_CALL name=begin-segment capture_id=47 return_hook=1 x0=0x0000000a5ce10000 x1=0x0000000104e640ac x2=0x0000000000000000 x3=0x000000010040dec0 x4=0x0000000a5d18c7e0 x5=0x0000000000000000
AO46_AGX_PRIVATE_WINSYS_CALL name=resource-list-reset capture_id=0 return_hook=0 x0=0x0000000a5ce10090 x1=0x0000000104e60048 x2=0x0000000000003fb8 x3=0x0000000000000001 x4=0x0000000a5d18c7e0 x5=0x0000000000000000
AO46_AGX_PRIVATE_WINSYS_RETURN capture_id=47 name=begin-segment storage=0x0000000a5ce10000 x0=0x0000000504400300 x1=0x0000000000000000
AO46_AGX_PRIVATE_WINSYS_CALL name=alloc-resource-at-index capture_id=48 return_hook=1 x0=0x0000000a5ce10000 x1=0x0000000000000000 x2=0x0000000000000001 x3=0x00000005044003c0 x4=0x0000000504400380 x5=0x0000000000000000
AO46_AGX_PRIVATE_WINSYS_CALL name=resource-create capture_id=49 return_hook=1 x0=0x0000000100613d10 x1=0x0000000100620630 x2=0x0000000000000068 x3=0x0000000000000001 x4=0x0000000000000000 x5=0x0000000100620630
Selector 9, 3C03, 3C03
AGX_CALL selector=9 scalar_in=0 struct_in=104 scalar_out_capacity=0 struct_out_capacity=88
3C03: call 9 (out 0x16fdf9380, 88), struct:
000000  00 00 00 00 00 00 00 00 00 80 01 00 01 00 00 00  | .........€......
000010  01 01 00 01 30 C4 00 00 00 00 00 00 00 00 00 00  | ....0...........
000020  00 00 00 00 00 00 00 00 00 00 00 00 00 00 00 00  | ................
*
000040  00 00 00 00 00 00 00 00 00 80 00 00 00 00 00 00  | .........€......
000050  00 00 00 00 00 00 00 00 00 00 00 38 00 00 00 00  | ...........8....
000060  00 00 00 00 00 00 00 00 
AGX_RESULT selector=9 status=0 scalar_out=0 struct_out=88
MODERN_ALLOCATE_MEM handle=23 gpu=18000 cpu=104edc000 size=8000 attributes=0 storage=0xc430 write_combined=0 private=0 reused=0
MODERN_ALLOCATE_REQUEST size_units_candidate=0
MODERN_ALLOCATE_REQUEST bytes=000000000000000000800100010000000101000130c400000000000000000000000000000000000000000000000000000000000000000000000000000000000000000000000000000080000000000000000000000000000000000038000000000000000000000000
AO46_AGX_PRIVATE_WINSYS_RETURN capture_id=49 name=resource-create storage=0x0000000100613d10 x0=0x0000000a5d00d190 x1=0x000000016fdf9378
AO46_AGX_PRIVATE_WINSYS_CALL name=resource-gpu-address capture_id=50 return_hook=1 x0=0x0000000a5d00d190 x1=0x0000000a5d00d190 x2=0x0000000000000000 x3=0x0000000a5d00d208 x4=0x00000001000abc3f x5=0x000000016fdf8e10
AO46_AGX_PRIVATE_WINSYS_RETURN capture_id=50 name=resource-gpu-address storage=0x0000000a5d00d190 x0=0x0000000000018000 x1=0x0000000a5d00d190
AO46_AGX_PRIVATE_WINSYS_RETURN capture_id=48 name=alloc-resource-at-index storage=0x0000000a5ce10000 x0=0x0000000000000000 x1=0x0000000000000103
AO46_AGX_PRIVATE_WINSYS_CALL name=resource-list-add-resource capture_id=0 return_hook=0 x0=0x0000000a5ce10090 x1=0x0000000a5ce24040 x2=0x0000000000000001 x3=0x0000000000000103 x4=0x0000000a5d1e0080 x5=0x0000000000000001
AO46_AGX_PRIVATE_WINSYS_CALL name=alloc-resource-at-index capture_id=51 return_hook=1 x0=0x0000000a5ce10000 x1=0x0000000000000001 x2=0x0000000000000001 x3=0x0000000000000000 x4=0x0000000a5d1e0080 x5=0x0000000000000001
AO46_AGX_PRIVATE_WINSYS_CALL name=resource-create capture_id=52 return_hook=1 x0=0x0000000100613d10 x1=0x0000000100620710 x2=0x0000000000000068 x3=0x0000000000000014 x4=0x000000010062e8c0 x5=0x0000000100620710
Selector 9, 3C03, 3C03
AGX_CALL selector=9 scalar_in=0 struct_in=104 scalar_out_capacity=0 struct_out_capacity=88
3C03: call 9 (out 0x16fdf9380, 88), struct:
000000  00 00 00 00 00 00 00 00 00 80 01 00 01 00 00 00  | .........€......
000010  01 01 00 01 30 C4 00 00 00 00 00 00 00 00 00 00  | ....0...........
000020  00 00 00 00 00 00 00 00 00 00 00 00 00 00 00 00  | ................
*
000040  00 00 00 00 00 00 00 00 00 80 00 00 00 00 00 00  | .........€......
000050  00 00 00 00 00 00 00 00 00 00 00 38 00 00 00 00  | ...........8....
000060  00 00 00 00 00 00 00 00 
AGX_RESULT selector=9 status=0 scalar_out=0 struct_out=88
MODERN_ALLOCATE_MEM handle=24 gpu=28000 cpu=104ee4000 size=8000 attributes=0 storage=0xc430 write_combined=0 private=0 reused=0
MODERN_ALLOCATE_REQUEST size_units_candidate=0
MODERN_ALLOCATE_REQUEST bytes=000000000000000000800100010000000101000130c400000000000000000000000000000000000000000000000000000000000000000000000000000000000000000000000000000080000000000000000000000000000000000038000000000000000000000000
AO46_AGX_PRIVATE_WINSYS_RETURN capture_id=52 name=resource-create storage=0x0000000100613d10 x0=0x0000000a5d00d230 x1=0x000000016fdf9378
AO46_AGX_PRIVATE_WINSYS_CALL name=resource-gpu-address capture_id=53 return_hook=1 x0=0x0000000a5d00d230 x1=0x0000000a5d00d230 x2=0x0000000000000000 x3=0x0000000a5d00d2a8 x4=0x00000001000abc3f x5=0x000000016fdf8e10
AO46_AGX_PRIVATE_WINSYS_RETURN capture_id=53 name=resource-gpu-address storage=0x0000000a5d00d230 x0=0x0000000000028000 x1=0x0000000a5d00d230
AO46_AGX_PRIVATE_WINSYS_RETURN capture_id=51 name=alloc-resource-at-index storage=0x0000000a5ce10000 x0=0x0000000000000000 x1=0x0000000000000103
AO46_AGX_PRIVATE_WINSYS_CALL name=resource-list-add-resource capture_id=0 return_hook=0 x0=0x0000000a5ce10090 x1=0x0000000a5ce241c0 x2=0x0000000000000001 x3=0x0000000000000103 x4=0x0000000a5d1e0a80 x5=0x0000000000000001
AO46_AGX_PRIVATE_WINSYS_CALL name=alloc-resource-at-index capture_id=54 return_hook=1 x0=0x0000000a5ce10000 x1=0x0000000000000002 x2=0x0000000000000001 x3=0x0000000000000000 x4=0x0000000a5d1e0a80 x5=0x0000000000000001
AO46_AGX_PRIVATE_WINSYS_CALL name=resource-create capture_id=55 return_hook=1 x0=0x0000000100613d10 x1=0x00000001006212c0 x2=0x0000000000000068 x3=0x0000000000000001 x4=0x0000000000000000 x5=0x00000001006212c0
Selector 9, 3C03, 3C03
AGX_CALL selector=9 scalar_in=0 struct_in=104 scalar_out_capacity=0 struct_out_capacity=88
3C03: call 9 (out 0x16fdf9380, 88), struct:
000000  00 00 00 00 00 00 00 00 00 80 01 00 01 00 00 00  | .........€......
000010  01 01 00 01 30 C4 00 00 00 00 00 00 00 00 00 00  | ....0...........
000020  00 00 00 00 00 00 00 00 00 00 00 00 00 00 00 00  | ................
*
000040  00 00 00 00 00 00 00 00 00 80 00 00 00 00 00 00  | .........€......
000050  00 00 00 00 00 00 00 00 00 00 00 38 00 00 00 00  | ...........8....
000060  00 00 00 00 00 00 00 00 
AGX_RESULT selector=9 status=0 scalar_out=0 struct_out=88
MODERN_ALLOCATE_MEM handle=25 gpu=38000 cpu=104eec000 size=8000 attributes=0 storage=0xc430 write_combined=0 private=0 reused=0
MODERN_ALLOCATE_REQUEST size_units_candidate=0
MODERN_ALLOCATE_REQUEST bytes=000000000000000000800100010000000101000130c400000000000000000000000000000000000000000000000000000000000000000000000000000000000000000000000000000080000000000000000000000000000000000038000000000000000000000000
AO46_AGX_PRIVATE_WINSYS_RETURN capture_id=55 name=resource-create storage=0x0000000100613d10 x0=0x0000000a5d00d2d0 x1=0x000000016fdf9378
AO46_AGX_PRIVATE_WINSYS_CALL name=resource-gpu-address capture_id=56 return_hook=1 x0=0x0000000a5d00d2d0 x1=0x0000000a5d00d2d0 x2=0x0000000000000000 x3=0x0000000a5d00d348 x4=0x00000001000abc3f x5=0x000000016fdf8e10
AO46_AGX_PRIVATE_WINSYS_RETURN capture_id=56 name=resource-gpu-address storage=0x0000000a5d00d2d0 x0=0x0000000000038000 x1=0x0000000a5d00d2d0
AO46_AGX_PRIVATE_WINSYS_RETURN capture_id=54 name=alloc-resource-at-index storage=0x0000000a5ce10000 x0=0x0000000000000000 x1=0x0000000000000103
AO46_AGX_PRIVATE_WINSYS_CALL name=resource-list-add-resource capture_id=0 return_hook=0 x0=0x0000000a5ce10090 x1=0x0000000a5ce24340 x2=0x0000000000000001 x3=0x0000000000000103 x4=0x0000000a5d1e1480 x5=0x0000000000000001
AO46_AGX_PRIVATE_WINSYS_CALL name=alloc-resource-at-index capture_id=57 return_hook=1 x0=0x0000000a5ce10000 x1=0x0000000000000003 x2=0x0000000000000001 x3=0x0000000000000000 x4=0x0000000a5d1e1480 x5=0x0000000000000001
AO46_AGX_PRIVATE_WINSYS_CALL name=resource-create capture_id=58 return_hook=1 x0=0x0000000100613d10 x1=0x0000000100629520 x2=0x0000000000000068 x3=0x0000000000000001 x4=0x0000000000000000 x5=0x0000000100629520
Selector 9, 3C03, 3C03
AGX_CALL selector=9 scalar_in=0 struct_in=104 scalar_out_capacity=0 struct_out_capacity=88
3C03: call 9 (out 0x16fdf9380, 88), struct:
000000  00 00 00 00 00 00 00 00 00 80 01 00 01 00 00 00  | .........€......
000010  01 01 00 01 30 44 00 00 00 00 00 00 00 00 00 00  | ....0D..........
000020  00 00 00 00 00 00 00 00 00 00 00 00 00 00 00 00  | ................
*
000040  00 00 00 00 00 00 00 00 00 80 00 00 00 00 00 00  | .........€......
000050  00 00 00 00 00 00 00 00 00 00 00 08 48 00 00 00  | ............H...
000060  00 00 00 00 00 00 00 00 
AGX_RESULT selector=9 status=0 scalar_out=0 struct_out=88
MODERN_ALLOCATE_MEM handle=26 gpu=10000108000 cpu=104ef4000 size=8000 attributes=0 storage=0x4430 write_combined=0 private=0 reused=0
MODERN_ALLOCATE_REQUEST size_units_candidate=0
MODERN_ALLOCATE_REQUEST bytes=0000000000000000008001000100000001010001304400000000000000000000000000000000000000000000000000000000000000000000000000000000000000000000000000000080000000000000000000000000000000000008480000000000000000000000
AO46_AGX_PRIVATE_WINSYS_RETURN capture_id=58 name=resource-create storage=0x0000000100613d10 x0=0x0000000a5d00d370 x1=0x000000016fdf9378
AO46_AGX_PRIVATE_WINSYS_CALL name=resource-gpu-address capture_id=59 return_hook=1 x0=0x0000000a5d00d370 x1=0x0000000a5d00d370 x2=0x0000000000000000 x3=0x0000000a5d00d3e8 x4=0x00000001000abc3f x5=0x000000016fdf8e10
AO46_AGX_PRIVATE_WINSYS_RETURN capture_id=59 name=resource-gpu-address storage=0x0000000a5d00d370 x0=0x0000010000108000 x1=0x0000000a5d00d370
AO46_AGX_PRIVATE_WINSYS_RETURN capture_id=57 name=alloc-resource-at-index storage=0x0000000a5ce10000 x0=0x0000000000000000 x1=0x0000000000000103
AO46_AGX_PRIVATE_WINSYS_CALL name=resource-list-add-resource capture_id=0 return_hook=0 x0=0x0000000a5ce10090 x1=0x0000000a5ce244c0 x2=0x0000000000000001 x3=0x0000000000000103 x4=0x00000001000abc3f x5=0x000000016fdf8e10
AO46_AGX_PRIVATE_WINSYS_CALL name=alloc-resource-at-index capture_id=60 return_hook=1 x0=0x0000000a5ce10000 x1=0x0000000000000004 x2=0x0000000000000004 x3=0x0000000000000000 x4=0x00000001000abc3f x5=0x000000016fdf8e10
AO46_AGX_PRIVATE_WINSYS_CALL name=resource-create capture_id=61 return_hook=1 x0=0x0000000100613d10 x1=0x00000001006296c0 x2=0x0000000000000068 x3=0x0000000000000001 x4=0x0000000000000000 x5=0x00000001006296c0
Selector 9, 3C03, 3C03
AGX_CALL selector=9 scalar_in=0 struct_in=104 scalar_out_capacity=0 struct_out_capacity=88
3C03: call 9 (out 0x16fdf9380, 88), struct:
000000  00 00 00 00 00 00 00 00 00 80 01 00 01 00 00 00  | .........€......
000010  01 01 00 01 30 44 00 00 00 00 00 00 00 00 00 00  | ....0D..........
000020  00 00 00 00 00 00 00 00 00 00 00 00 00 00 00 00  | ................
*
000040  00 00 00 00 00 00 00 00 00 80 00 00 00 00 00 00  | .........€......
000050  00 00 00 00 00 00 00 00 00 00 00 08 00 00 00 00  | ................
000060  00 00 00 00 00 00 00 00 
AGX_RESULT selector=9 status=0 scalar_out=0 struct_out=88
MODERN_ALLOCATE_MEM handle=27 gpu=10000118000 cpu=104efc000 size=8000 attributes=0 storage=0x4430 write_combined=0 private=0 reused=0
MODERN_ALLOCATE_REQUEST size_units_candidate=0
MODERN_ALLOCATE_REQUEST bytes=0000000000000000008001000100000001010001304400000000000000000000000000000000000000000000000000000000000000000000000000000000000000000000000000000080000000000000000000000000000000000008000000000000000000000000
AO46_AGX_PRIVATE_WINSYS_RETURN capture_id=61 name=resource-create storage=0x0000000100613d10 x0=0x0000000a5d00d410 x1=0x000000016fdf9378
AO46_AGX_PRIVATE_WINSYS_CALL name=resource-gpu-address capture_id=62 return_hook=1 x0=0x0000000a5d00d410 x1=0x0000000a5d00d410 x2=0x0000000000000000 x3=0x0000000a5d00d488 x4=0x00000001000abc3f x5=0x000000016fdf8e10
AO46_AGX_PRIVATE_WINSYS_RETURN capture_id=62 name=resource-gpu-address storage=0x0000000a5d00d410 x0=0x0000010000118000 x1=0x0000000a5d00d410
AO46_AGX_PRIVATE_WINSYS_RETURN capture_id=60 name=alloc-resource-at-index storage=0x0000000a5ce10000 x0=0x0000000000000000 x1=0x0000000000000103
AO46_AGX_PRIVATE_WINSYS_CALL name=resource-list-add-resource capture_id=0 return_hook=0 x0=0x0000000a5ce10090 x1=0x0000000a5ce24640 x2=0x0000000000000004 x3=0x0000000000000103 x4=0x0000000a5d1e1e80 x5=0x0000000000000001
AO46_AGX_PRIVATE_WINSYS_CALL name=alloc-resource-at-index capture_id=63 return_hook=1 x0=0x0000000a5ce10000 x1=0x0000000000000005 x2=0x0000000000000001 x3=0x0000000000000000 x4=0x0000000a5d1e1e80 x5=0x0000000000000001
AO46_AGX_PRIVATE_WINSYS_CALL name=resource-create capture_id=64 return_hook=1 x0=0x0000000100613d10 x1=0x00000001006297a0 x2=0x0000000000000068 x3=0x0000000000000001 x4=0x0000000000000000 x5=0x00000001006297a0
Selector 9, 3C03, 3C03
AGX_CALL selector=9 scalar_in=0 struct_in=104 scalar_out_capacity=0 struct_out_capacity=88
3C03: call 9 (out 0x16fdf9380, 88), struct:
000000  00 00 00 00 00 00 00 00 00 80 01 00 01 00 00 00  | .........€......
000010  01 01 00 01 30 44 00 00 00 00 00 00 00 00 00 00  | ....0D..........
000020  00 00 00 00 00 00 00 00 00 00 00 00 00 00 00 00  | ................
*
000040  00 00 00 00 00 00 00 00 00 80 00 00 00 00 00 00  | .........€......
000050  00 00 00 00 00 00 00 00 00 00 00 18 00 00 00 00  | ................
000060  00 00 00 00 00 00 00 00 
AGX_RESULT selector=9 status=0 scalar_out=0 struct_out=88
MODERN_ALLOCATE_MEM handle=28 gpu=10000128000 cpu=104f04000 size=8000 attributes=0 storage=0x4430 write_combined=0 private=0 reused=0
MODERN_ALLOCATE_REQUEST size_units_candidate=0
MODERN_ALLOCATE_REQUEST bytes=0000000000000000008001000100000001010001304400000000000000000000000000000000000000000000000000000000000000000000000000000000000000000000000000000080000000000000000000000000000000000018000000000000000000000000
AO46_AGX_PRIVATE_WINSYS_RETURN capture_id=64 name=resource-create storage=0x0000000100613d10 x0=0x0000000a5d00d4b0 x1=0x000000016fdf9378
AO46_AGX_PRIVATE_WINSYS_CALL name=resource-gpu-address capture_id=65 return_hook=1 x0=0x0000000a5d00d4b0 x1=0x0000000a5d00d4b0 x2=0x0000000000000000 x3=0x0000000a5d00d528 x4=0x00000001000abc3f x5=0x000000016fdf8e10
AO46_AGX_PRIVATE_WINSYS_RETURN capture_id=65 name=resource-gpu-address storage=0x0000000a5d00d4b0 x0=0x0000010000128000 x1=0x0000000a5d00d4b0
AO46_AGX_PRIVATE_WINSYS_RETURN capture_id=63 name=alloc-resource-at-index storage=0x0000000a5ce10000 x0=0x0000000000000000 x1=0x0000000000000103
AO46_AGX_PRIVATE_WINSYS_CALL name=resource-list-add-resource capture_id=0 return_hook=0 x0=0x0000000a5ce10090 x1=0x0000000a5ce247c0 x2=0x0000000000000001 x3=0x0000000000000103 x4=0x00000001000abc3f x5=0x000000016fdf8e10
AO46_AGX_PRIVATE_WINSYS_CALL name=alloc-resource-at-index capture_id=66 return_hook=1 x0=0x0000000a5ce10000 x1=0x0000000000000006 x2=0x0000000000000004 x3=0x0000000000000000 x4=0x00000001000abc3f x5=0x000000016fdf8e10
AO46_AGX_PRIVATE_WINSYS_CALL name=resource-create capture_id=67 return_hook=1 x0=0x0000000100613d10 x1=0x00000001006280a0 x2=0x0000000000000068 x3=0x0000000000000001 x4=0x0000000000000000 x5=0x00000001006280a0
Selector 9, 3C03, 3C03
AGX_CALL selector=9 scalar_in=0 struct_in=104 scalar_out_capacity=0 struct_out_capacity=88
3C03: call 9 (out 0x16fdf9380, 88), struct:
000000  00 00 00 00 00 00 00 00 00 80 01 00 01 00 00 00  | .........€......
000010  01 01 00 01 30 44 00 00 00 00 00 00 00 00 00 00  | ....0D..........
000020  00 00 00 00 00 00 00 00 00 00 00 00 00 00 00 00  | ................
*
000040  00 00 00 00 00 00 00 00 00 80 00 00 00 00 00 00  | .........€......
000050  00 00 00 00 00 00 00 00 00 00 00 18 00 00 00 00  | ................
000060  00 00 00 00 00 00 00 00 
AGX_RESULT selector=9 status=0 scalar_out=0 struct_out=88
MODERN_ALLOCATE_MEM handle=29 gpu=10000138000 cpu=104f0c000 size=8000 attributes=0 storage=0x4430 write_combined=0 private=0 reused=0
MODERN_ALLOCATE_REQUEST size_units_candidate=0
MODERN_ALLOCATE_REQUEST bytes=0000000000000000008001000100000001010001304400000000000000000000000000000000000000000000000000000000000000000000000000000000000000000000000000000080000000000000000000000000000000000018000000000000000000000000
AO46_AGX_PRIVATE_WINSYS_RETURN capture_id=67 name=resource-create storage=0x0000000100613d10 x0=0x0000000a5d00d550 x1=0x000000016fdf9378
AO46_AGX_PRIVATE_WINSYS_CALL name=resource-gpu-address capture_id=68 return_hook=1 x0=0x0000000a5d00d550 x1=0x0000000a5d00d550 x2=0x0000000000000000 x3=0x0000000a5d00d5c8 x4=0x00000001000abc3f x5=0x000000016fdf8e10
AO46_AGX_PRIVATE_WINSYS_RETURN capture_id=68 name=resource-gpu-address storage=0x0000000a5d00d550 x0=0x0000010000138000 x1=0x0000000a5d00d550
AO46_AGX_PRIVATE_WINSYS_RETURN capture_id=66 name=alloc-resource-at-index storage=0x0000000a5ce10000 x0=0x0000000000000000 x1=0x0000000000000103
AO46_AGX_PRIVATE_WINSYS_CALL name=resource-list-add-resource capture_id=0 return_hook=0 x0=0x0000000a5ce10090 x1=0x0000000a5ce24940 x2=0x0000000000000004 x3=0x0000000000000103 x4=0x0000000a5d1e2880 x5=0x0000000000000001
AO46_AGX_PRIVATE_WINSYS_CALL name=alloc-resource-at-index capture_id=69 return_hook=1 x0=0x0000000a5ce10000 x1=0x0000000000000008 x2=0x0000000000000004 x3=0x0000000000000000 x4=0x0000000a5d1e2880 x5=0x0000000000000001
AO46_AGX_PRIVATE_WINSYS_CALL name=resource-create capture_id=70 return_hook=1 x0=0x0000000100613d10 x1=0x0000000100628260 x2=0x0000000000000068 x3=0x0000000000000001 x4=0x0000000000000000 x5=0x0000000100628260
Selector 9, 3C03, 3C03
AGX_CALL selector=9 scalar_in=0 struct_in=104 scalar_out_capacity=0 struct_out_capacity=88
3C03: call 9 (out 0x16fdf9380, 88), struct:
000000  00 00 00 00 00 00 00 00 00 00 01 00 01 00 00 00  | ................
000010  01 01 00 01 30 44 00 00 00 00 00 00 00 00 00 00  | ....0D..........
000020  00 00 00 00 00 00 00 00 00 00 00 00 00 00 00 00  | ................
*
000040  00 00 00 00 00 00 00 00 00 00 10 00 00 00 00 00  | ................
000050  00 00 00 00 00 00 00 00 00 00 00 18 00 00 00 00  | ................
000060  00 00 00 00 00 00 00 00 
AGX_RESULT selector=9 status=0 scalar_out=0 struct_out=88
MODERN_ALLOCATE_MEM handle=30 gpu=10000148000 cpu=10c000000 size=100000 attributes=0 storage=0x4430 write_combined=0 private=0 reused=0
MODERN_ALLOCATE_REQUEST size_units_candidate=16
MODERN_ALLOCATE_REQUEST bytes=0000000000000000000001000100000001010001304400000000000000000000000000000000000000000000000000000000000000000000000000000000000000000000000000000000100000000000000000000000000000000018000000000000000000000000
AO46_AGX_PRIVATE_WINSYS_RETURN capture_id=70 name=resource-create storage=0x0000000100613d10 x0=0x0000000a5d00d5f0 x1=0x000000016fdf9378
AO46_AGX_PRIVATE_WINSYS_CALL name=resource-gpu-address capture_id=71 return_hook=1 x0=0x0000000a5d00d5f0 x1=0x0000000a5d00d5f0 x2=0x0000000000000000 x3=0x0000000a5d00d668 x4=0x00000001000abc3f x5=0x000000016fdf8e10
AO46_AGX_PRIVATE_WINSYS_RETURN capture_id=71 name=resource-gpu-address storage=0x0000000a5d00d5f0 x0=0x0000010000148000 x1=0x0000000a5d00d5f0
AO46_AGX_PRIVATE_WINSYS_RETURN capture_id=69 name=alloc-resource-at-index storage=0x0000000a5ce10000 x0=0x0000000000000000 x1=0x0000000000000103
AO46_AGX_PRIVATE_WINSYS_CALL name=resource-list-add-resource capture_id=0 return_hook=0 x0=0x0000000a5ce10090 x1=0x0000000a5ce24ac0 x2=0x0000000000000004 x3=0x0000000000000103 x4=0x00000001000abc3f x5=0x000000016fdf8e10
AO46_AGX_PRIVATE_WINSYS_CALL name=alloc-resource-at-index capture_id=72 return_hook=1 x0=0x0000000a5ce10000 x1=0x0000000000000009 x2=0x0000000000000001 x3=0x0000000000000000 x4=0x00000001000abc3f x5=0x000000016fdf8e10
AO46_AGX_PRIVATE_WINSYS_CALL name=resource-create capture_id=73 return_hook=1 x0=0x0000000100613d10 x1=0x00000001006282d0 x2=0x0000000000000068 x3=0x0000000000000001 x4=0x0000000000000000 x5=0x00000001006282d0
Selector 9, 3C03, 3C03
AGX_CALL selector=9 scalar_in=0 struct_in=104 scalar_out_capacity=0 struct_out_capacity=88
3C03: call 9 (out 0x16fdf9380, 88), struct:
000000  00 00 00 00 00 00 00 00 00 80 01 00 01 00 00 00  | .........€......
000010  01 01 00 01 30 C4 00 00 00 00 00 00 00 00 00 00  | ....0...........
000020  00 00 00 00 00 00 00 00 00 00 00 00 00 00 00 00  | ................
*
000040  00 00 00 00 00 00 00 00 00 80 00 00 00 00 00 00  | .........€......
000050  00 00 00 00 00 00 00 00 00 00 00 38 00 00 00 00  | ...........8....
000060  00 00 00 00 00 00 00 00 
AGX_RESULT selector=9 status=0 scalar_out=0 struct_out=88
MODERN_ALLOCATE_MEM handle=31 gpu=48000 cpu=104f14000 size=8000 attributes=0 storage=0xc430 write_combined=0 private=0 reused=0
MODERN_ALLOCATE_REQUEST size_units_candidate=0
MODERN_ALLOCATE_REQUEST bytes=000000000000000000800100010000000101000130c400000000000000000000000000000000000000000000000000000000000000000000000000000000000000000000000000000080000000000000000000000000000000000038000000000000000000000000
AO46_AGX_PRIVATE_WINSYS_RETURN capture_id=73 name=resource-create storage=0x0000000100613d10 x0=0x0000000a5d00d690 x1=0x000000016fdf9378
AO46_AGX_PRIVATE_WINSYS_CALL name=resource-gpu-address capture_id=74 return_hook=1 x0=0x0000000a5d00d690 x1=0x0000000a5d00d690 x2=0x0000000000000000 x3=0x0000000a5d00d708 x4=0x00000001000abc3f x5=0x000000016fdf8e10
AO46_AGX_PRIVATE_WINSYS_RETURN capture_id=74 name=resource-gpu-address storage=0x0000000a5d00d690 x0=0x0000000000048000 x1=0x0000000a5d00d690
AO46_AGX_PRIVATE_WINSYS_RETURN capture_id=72 name=alloc-resource-at-index storage=0x0000000a5ce10000 x0=0x0000000000000000 x1=0x0000000000000103
AO46_AGX_PRIVATE_WINSYS_CALL name=resource-list-add-resource capture_id=0 return_hook=0 x0=0x0000000a5ce10090 x1=0x0000000a5ce24c40 x2=0x0000000000000001 x3=0x0000000000000103 x4=0x0000000a5d1e3280 x5=0x0000000000000001
AO46_AGX_PRIVATE_WINSYS_CALL name=alloc-resource-at-index capture_id=75 return_hook=1 x0=0x0000000a5ce10000 x1=0x000000000000000b x2=0x0000000000000004 x3=0x0000000000000000 x4=0x0000000a5d1e3280 x5=0x0000000000000001
AO46_AGX_PRIVATE_WINSYS_CALL name=resource-create capture_id=76 return_hook=1 x0=0x0000000100613d10 x1=0x0000000504444000 x2=0x0000000000000068 x3=0x0000000000000001 x4=0x0000000000000000 x5=0x0000000504444000
Selector 9, 3C03, 3C03
AGX_CALL selector=9 scalar_in=0 struct_in=104 scalar_out_capacity=0 struct_out_capacity=88
3C03: call 9 (out 0x16fdf9380, 88), struct:
000000  00 00 00 00 00 00 00 00 00 80 01 00 01 00 00 00  | .........€......
000010  01 01 00 01 30 44 00 00 00 00 00 00 00 00 00 00  | ....0D..........
000020  00 00 00 00 00 00 00 00 00 00 00 00 00 00 00 00  | ................
*
000040  00 00 00 00 00 00 00 00 00 80 00 00 00 00 00 00  | .........€......
000050  00 00 00 00 00 00 00 00 00 00 00 18 00 00 00 00  | ................
000060  00 00 00 00 00 00 00 00 
AGX_RESULT selector=9 status=0 scalar_out=0 struct_out=88
MODERN_ALLOCATE_MEM handle=32 gpu=10000250000 cpu=104f1c000 size=8000 attributes=0 storage=0x4430 write_combined=0 private=0 reused=0
MODERN_ALLOCATE_REQUEST size_units_candidate=0
MODERN_ALLOCATE_REQUEST bytes=0000000000000000008001000100000001010001304400000000000000000000000000000000000000000000000000000000000000000000000000000000000000000000000000000080000000000000000000000000000000000018000000000000000000000000
AO46_AGX_PRIVATE_WINSYS_RETURN capture_id=76 name=resource-create storage=0x0000000100613d10 x0=0x0000000a5d00d730 x1=0x000000016fdf9378
AO46_AGX_PRIVATE_WINSYS_CALL name=resource-gpu-address capture_id=77 return_hook=1 x0=0x0000000a5d00d730 x1=0x0000000a5d00d730 x2=0x0000000000000000 x3=0x0000000a5d00d7a8 x4=0x00000001000abc3f x5=0x000000016fdf8e10
AO46_AGX_PRIVATE_WINSYS_RETURN capture_id=77 name=resource-gpu-address storage=0x0000000a5d00d730 x0=0x0000010000250000 x1=0x0000000a5d00d730
AO46_AGX_PRIVATE_WINSYS_RETURN capture_id=75 name=alloc-resource-at-index storage=0x0000000a5ce10000 x0=0x0000000000000000 x1=0x0000000000000103
AO46_AGX_PRIVATE_WINSYS_CALL name=resource-list-add-resource capture_id=0 return_hook=0 x0=0x0000000a5ce10090 x1=0x0000000a5ce24dc0 x2=0x0000000000000004 x3=0x0000000000000103 x4=0x0000000a5d1e4080 x5=0x0000000000000001
AO46_AGX_PRIVATE_WINSYS_CALL name=alloc-resource-at-index capture_id=78 return_hook=1 x0=0x0000000a5ce10000 x1=0x000000000000000c x2=0x0000000000000001 x3=0x0000000000000000 x4=0x0000000a5d1e4080 x5=0x0000000000000001
AO46_AGX_PRIVATE_WINSYS_CALL name=resource-create capture_id=79 return_hook=1 x0=0x0000000100613d10 x1=0x0000000504444070 x2=0x0000000000000068 x3=0x0000000000000001 x4=0x0000000000000000 x5=0x0000000504444070
Selector 9, 3C03, 3C03
AGX_CALL selector=9 scalar_in=0 struct_in=104 scalar_out_capacity=0 struct_out_capacity=88
3C03: call 9 (out 0x16fdf9380, 88), struct:
000000  00 00 00 00 00 00 00 00 00 80 01 00 01 00 00 00  | .........€......
000010  01 01 00 01 30 44 00 00 00 00 00 00 00 00 00 00  | ....0D..........
000020  00 00 00 00 00 00 00 00 00 00 00 00 00 00 00 00  | ................
*
000040  00 00 00 00 00 00 00 00 00 80 00 00 00 00 00 00  | .........€......
000050  00 00 00 00 00 00 00 00 00 00 00 08 00 00 00 00  | ................
000060  00 00 00 00 00 00 00 00 
AGX_RESULT selector=9 status=0 scalar_out=0 struct_out=88
MODERN_ALLOCATE_MEM handle=33 gpu=10000260000 cpu=104f24000 size=8000 attributes=0 storage=0x4430 write_combined=0 private=0 reused=0
MODERN_ALLOCATE_REQUEST size_units_candidate=0
MODERN_ALLOCATE_REQUEST bytes=0000000000000000008001000100000001010001304400000000000000000000000000000000000000000000000000000000000000000000000000000000000000000000000000000080000000000000000000000000000000000008000000000000000000000000
AO46_AGX_PRIVATE_WINSYS_RETURN capture_id=79 name=resource-create storage=0x0000000100613d10 x0=0x0000000a5d00d7d0 x1=0x000000016fdf9378
AO46_AGX_PRIVATE_WINSYS_CALL name=resource-gpu-address capture_id=80 return_hook=1 x0=0x0000000a5d00d7d0 x1=0x0000000a5d00d7d0 x2=0x0000000000000000 x3=0x0000000a5d00d848 x4=0x00000001000abc3f x5=0x000000016fdf8e10
AO46_AGX_PRIVATE_WINSYS_RETURN capture_id=80 name=resource-gpu-address storage=0x0000000a5d00d7d0 x0=0x0000010000260000 x1=0x0000000a5d00d7d0
AO46_AGX_PRIVATE_WINSYS_RETURN capture_id=78 name=alloc-resource-at-index storage=0x0000000a5ce10000 x0=0x0000000000000000 x1=0x0000000000000103
AO46_AGX_PRIVATE_WINSYS_CALL name=resource-list-add-resource capture_id=0 return_hook=0 x0=0x0000000a5ce10090 x1=0x0000000a5ce24f40 x2=0x0000000000000001 x3=0x0000000000000103 x4=0x0000000a5d1e4a80 x5=0x0000000000000001
AO46_AGX_PRIVATE_WINSYS_CALL name=alloc-resource-at-index capture_id=81 return_hook=1 x0=0x0000000a5ce10000 x1=0x000000000000000d x2=0x0000000000000001 x3=0x0000000000000000 x4=0x0000000a5d1e4a80 x5=0x0000000000000001
AO46_AGX_PRIVATE_WINSYS_CALL name=resource-create capture_id=82 return_hook=1 x0=0x0000000100613d10 x1=0x00000005044440e0 x2=0x0000000000000068 x3=0x0000000000000001 x4=0x0000000000000000 x5=0x00000005044440e0
Selector 9, 3C03, 3C03
AGX_CALL selector=9 scalar_in=0 struct_in=104 scalar_out_capacity=0 struct_out_capacity=88
3C03: call 9 (out 0x16fdf9380, 88), struct:
000000  00 00 00 00 00 00 00 00 00 80 01 00 01 00 00 00  | .........€......
000010  01 01 00 01 30 44 00 00 00 00 00 00 00 00 00 00  | ....0D..........
000020  00 00 00 00 00 00 00 00 00 00 00 00 00 00 00 00  | ................
*
000040  00 00 00 00 00 00 00 00 00 80 00 00 00 00 00 00  | .........€......
000050  00 00 00 00 00 00 00 00 00 00 00 08 00 00 00 00  | ................
000060  00 00 00 00 00 00 00 00 
AGX_RESULT selector=9 status=0 scalar_out=0 struct_out=88
MODERN_ALLOCATE_MEM handle=34 gpu=10000270000 cpu=104f2c000 size=8000 attributes=0 storage=0x4430 write_combined=0 private=0 reused=0
MODERN_ALLOCATE_REQUEST size_units_candidate=0
MODERN_ALLOCATE_REQUEST bytes=0000000000000000008001000100000001010001304400000000000000000000000000000000000000000000000000000000000000000000000000000000000000000000000000000080000000000000000000000000000000000008000000000000000000000000
AO46_AGX_PRIVATE_WINSYS_RETURN capture_id=82 name=resource-create storage=0x0000000100613d10 x0=0x0000000a5d00d870 x1=0x000000016fdf9378
AO46_AGX_PRIVATE_WINSYS_CALL name=resource-gpu-address capture_id=83 return_hook=1 x0=0x0000000a5d00d870 x1=0x0000000a5d00d870 x2=0x0000000000000000 x3=0x0000000a5d00d8e8 x4=0x00000001000abc3f x5=0x000000016fdf8e10
AO46_AGX_PRIVATE_WINSYS_RETURN capture_id=83 name=resource-gpu-address storage=0x0000000a5d00d870 x0=0x0000010000270000 x1=0x0000000a5d00d870
AO46_AGX_PRIVATE_WINSYS_RETURN capture_id=81 name=alloc-resource-at-index storage=0x0000000a5ce10000 x0=0x0000000000000000 x1=0x0000000000000103
AO46_AGX_PRIVATE_WINSYS_CALL name=resource-list-add-resource capture_id=0 return_hook=0 x0=0x0000000a5ce10090 x1=0x0000000a5ce250c0 x2=0x0000000000000001 x3=0x0000000000000103 x4=0x00000001000abc3f x5=0x000000016fdf8e10
AO46_AGX_PRIVATE_WINSYS_CALL name=alloc-resource-at-index capture_id=84 return_hook=1 x0=0x0000000a5ce10000 x1=0x000000000000000f x2=0x0000000000000001 x3=0x0000000000000000 x4=0x00000001000abc3f x5=0x000000016fdf8e10
AO46_AGX_PRIVATE_WINSYS_CALL name=resource-create capture_id=85 return_hook=1 x0=0x0000000100613d10 x1=0x00000005044441c0 x2=0x0000000000000068 x3=0x0000000000000001 x4=0x0000000000000000 x5=0x00000005044441c0
Selector 9, 3C03, 3C03
AGX_CALL selector=9 scalar_in=0 struct_in=104 scalar_out_capacity=0 struct_out_capacity=88
3C03: call 9 (out 0x16fdf9380, 88), struct:
000000  00 00 00 00 00 00 00 00 00 80 01 00 01 00 00 00  | .........€......
000010  01 01 00 01 30 44 00 00 00 00 00 00 00 00 00 00  | ....0D..........
000020  00 00 00 00 00 00 00 00 00 00 00 00 00 00 00 00  | ................
*
000040  00 00 00 00 00 00 00 00 00 80 00 00 00 00 00 00  | .........€......
000050  00 00 00 00 00 00 00 00 00 00 00 08 00 00 00 00  | ................
000060  00 00 00 00 00 00 00 00 
AGX_RESULT selector=9 status=0 scalar_out=0 struct_out=88
MODERN_ALLOCATE_MEM handle=35 gpu=10000280000 cpu=104f34000 size=8000 attributes=0 storage=0x4430 write_combined=0 private=0 reused=0
MODERN_ALLOCATE_REQUEST size_units_candidate=0
MODERN_ALLOCATE_REQUEST bytes=0000000000000000008001000100000001010001304400000000000000000000000000000000000000000000000000000000000000000000000000000000000000000000000000000080000000000000000000000000000000000008000000000000000000000000
AO46_AGX_PRIVATE_WINSYS_RETURN capture_id=85 name=resource-create storage=0x0000000100613d10 x0=0x0000000a5d00d910 x1=0x000000016fdf9378
AO46_AGX_PRIVATE_WINSYS_CALL name=resource-gpu-address capture_id=86 return_hook=1 x0=0x0000000a5d00d910 x1=0x0000000a5d00d910 x2=0x0000000000000000 x3=0x0000000a5d00d988 x4=0x00000001000abc3f x5=0x000000016fdf8e10
AO46_AGX_PRIVATE_WINSYS_RETURN capture_id=86 name=resource-gpu-address storage=0x0000000a5d00d910 x0=0x0000010000280000 x1=0x0000000a5d00d910
AO46_AGX_PRIVATE_WINSYS_RETURN capture_id=84 name=alloc-resource-at-index storage=0x0000000a5ce10000 x0=0x0000000000000000 x1=0x0000000000000103
AO46_AGX_PRIVATE_WINSYS_CALL name=resource-list-add-resource capture_id=0 return_hook=0 x0=0x0000000a5ce10090 x1=0x0000000a5ce25240 x2=0x0000000000000001 x3=0x0000000000000103 x4=0x0000000a5d1e5480 x5=0x0000000000000001
AO46_AGX_PRIVATE_WINSYS_CALL name=alloc-resource-at-index capture_id=87 return_hook=1 x0=0x0000000a5ce10000 x1=0x0000000000000015 x2=0x0000000000000001 x3=0x0000000000000000 x4=0x0000000a5d1e5480 x5=0x0000000000000001
AO46_AGX_PRIVATE_WINSYS_CALL name=resource-create capture_id=88 return_hook=1 x0=0x0000000100613d10 x1=0x0000000504444460 x2=0x0000000000000068 x3=0x0000000000000001 x4=0x0000000000000000 x5=0x0000000504444460
Selector 9, 3C03, 3C03
AGX_CALL selector=9 scalar_in=0 struct_in=104 scalar_out_capacity=0 struct_out_capacity=88
3C03: call 9 (out 0x16fdf9380, 88), struct:
000000  00 00 00 00 00 00 00 00 00 80 01 00 01 00 00 00  | .........€......
000010  01 01 00 01 30 44 00 00 00 00 00 00 00 00 00 00  | ....0D..........
000020  00 00 00 00 00 00 00 00 00 00 00 00 00 00 00 00  | ................
*
000040  00 00 00 00 00 00 00 00 00 80 00 00 00 00 00 00  | .........€......
000050  00 00 00 00 00 00 00 00 00 00 00 08 00 00 00 00  | ................
000060  00 00 00 00 00 00 00 00 
AGX_RESULT selector=9 status=0 scalar_out=0 struct_out=88
MODERN_ALLOCATE_MEM handle=36 gpu=10000290000 cpu=104f3c000 size=8000 attributes=0 storage=0x4430 write_combined=0 private=0 reused=0
MODERN_ALLOCATE_REQUEST size_units_candidate=0
MODERN_ALLOCATE_REQUEST bytes=0000000000000000008001000100000001010001304400000000000000000000000000000000000000000000000000000000000000000000000000000000000000000000000000000080000000000000000000000000000000000008000000000000000000000000
AO46_AGX_PRIVATE_WINSYS_RETURN capture_id=88 name=resource-create storage=0x0000000100613d10 x0=0x0000000a5d00d9b0 x1=0x000000016fdf9378
AO46_AGX_PRIVATE_WINSYS_CALL name=resource-gpu-address capture_id=89 return_hook=1 x0=0x0000000a5d00d9b0 x1=0x0000000a5d00d9b0 x2=0x0000000000000000 x3=0x0000000a5d00da28 x4=0x00000001000abc3f x5=0x000000016fdf8e10
AO46_AGX_PRIVATE_WINSYS_RETURN capture_id=89 name=resource-gpu-address storage=0x0000000a5d00d9b0 x0=0x0000010000290000 x1=0x0000000a5d00d9b0
AO46_AGX_PRIVATE_WINSYS_RETURN capture_id=87 name=alloc-resource-at-index storage=0x0000000a5ce10000 x0=0x0000000000000000 x1=0x0000000000000103
AO46_AGX_PRIVATE_WINSYS_CALL name=resource-list-add-resource capture_id=0 return_hook=0 x0=0x0000000a5ce10090 x1=0x0000000a5ce253c0 x2=0x0000000000000001 x3=0x0000000000000103 x4=0x00000001000abc3f x5=0x000000016fdf8e10
AO46_AGX_PRIVATE_WINSYS_CALL name=alloc-resource-at-index capture_id=90 return_hook=1 x0=0x0000000a5ce10000 x1=0x000000000000001e x2=0x0000000000000400 x3=0x0000000000000000 x4=0x00000001000abc3f x5=0x000000016fdf8e10
AO46_AGX_PRIVATE_WINSYS_CALL name=resource-create capture_id=91 return_hook=1 x0=0x0000000100613d10 x1=0x0000000504444850 x2=0x0000000000000068 x3=0x0000000000000001 x4=0x0000000000000000 x5=0x0000000504444850
Selector 9, 3C03, 3C03
AGX_CALL selector=9 scalar_in=0 struct_in=104 scalar_out_capacity=0 struct_out_capacity=88
3C03: call 9 (out 0x16fdf9380, 88), struct:
000000  00 00 00 00 00 00 00 00 00 80 01 00 01 00 00 00  | .........€......
000010  01 01 00 01 30 C4 00 00 00 00 00 00 00 00 00 00  | ....0...........
000020  00 00 00 00 00 00 00 00 00 00 00 00 00 00 00 00  | ................
*
000040  00 00 00 00 00 00 00 00 00 80 00 00 00 00 00 00  | .........€......
000050  00 00 00 00 00 00 00 00 00 00 00 48 00 00 00 00  | ...........H....
000060  00 00 00 00 00 00 00 00 
AGX_RESULT selector=9 status=0 scalar_out=0 struct_out=88
MODERN_ALLOCATE_MEM handle=37 gpu=58000 cpu=104f44000 size=8000 attributes=0 storage=0xc430 write_combined=0 private=0 reused=0
MODERN_ALLOCATE_REQUEST size_units_candidate=0
MODERN_ALLOCATE_REQUEST bytes=000000000000000000800100010000000101000130c400000000000000000000000000000000000000000000000000000000000000000000000000000000000000000000000000000080000000000000000000000000000000000048000000000000000000000000
AO46_AGX_PRIVATE_WINSYS_RETURN capture_id=91 name=resource-create storage=0x0000000100613d10 x0=0x0000000a5d00da50 x1=0x000000016fdf9378
AO46_AGX_PRIVATE_WINSYS_CALL name=resource-gpu-address capture_id=92 return_hook=1 x0=0x0000000a5d00da50 x1=0x0000000a5d00da50 x2=0x0000000000000000 x3=0x0000000a5d00dac8 x4=0x00000001000abc3f x5=0x000000016fdf8e10
AO46_AGX_PRIVATE_WINSYS_RETURN capture_id=92 name=resource-gpu-address storage=0x0000000a5d00da50 x0=0x0000000000058000 x1=0x0000000a5d00da50
AO46_AGX_PRIVATE_WINSYS_RETURN capture_id=90 name=alloc-resource-at-index storage=0x0000000a5ce10000 x0=0x0000000000000000 x1=0x0000000000000103
AO46_AGX_PRIVATE_WINSYS_CALL name=resource-list-add-resource capture_id=0 return_hook=0 x0=0x0000000a5ce10090 x1=0x0000000a5ce25540 x2=0x0000000000000400 x3=0x0000000000000103 x4=0x0000000a5d1e5e80 x5=0x0000000000000001
AO46_AGX_PRIVATE_WINSYS_CALL name=alloc-resource-at-index capture_id=93 return_hook=1 x0=0x0000000a5ce10000 x1=0x000000000000001f x2=0x0000000000000400 x3=0x0000000000000000 x4=0x0000000a5d1e5e80 x5=0x0000000000000001
AO46_AGX_PRIVATE_WINSYS_CALL name=resource-create capture_id=94 return_hook=1 x0=0x0000000100613d10 x1=0x00000005044448c0 x2=0x0000000000000068 x3=0x0000000000000001 x4=0x0000000000000000 x5=0x00000005044448c0
Selector 9, 3C03, 3C03
AGX_CALL selector=9 scalar_in=0 struct_in=104 scalar_out_capacity=0 struct_out_capacity=88
3C03: call 9 (out 0x16fdf9380, 88), struct:
000000  00 00 00 00 00 00 00 00 20 9C 01 00 01 00 00 00  | ........ .......
000010  01 01 00 01 30 C4 00 00 00 00 00 00 00 00 00 00  | ....0...........
000020  00 00 00 00 00 00 00 00 00 00 00 00 00 00 00 00  | ................
*
000040  00 00 00 00 00 00 00 00 20 9C 00 00 00 00 00 00  | ........ .......
000050  00 00 00 00 00 00 00 00 00 00 00 48 00 00 00 00  | ...........H....
000060  00 00 00 00 00 00 00 00 
AGX_RESULT selector=9 status=0 scalar_out=0 struct_out=88
MODERN_ALLOCATE_MEM handle=38 gpu=68000 cpu=104f4c000 size=c000 attributes=0 storage=0xc430 write_combined=0 private=0 reused=0
MODERN_ALLOCATE_REQUEST size_units_candidate=0
MODERN_ALLOCATE_REQUEST bytes=0000000000000000209c0100010000000101000130c40000000000000000000000000000000000000000000000000000000000000000000000000000000000000000000000000000209c000000000000000000000000000000000048000000000000000000000000
AO46_AGX_PRIVATE_WINSYS_RETURN capture_id=94 name=resource-create storage=0x0000000100613d10 x0=0x0000000a5d00daf0 x1=0x000000016fdf9378
AO46_AGX_PRIVATE_WINSYS_CALL name=resource-gpu-address capture_id=95 return_hook=1 x0=0x0000000a5d00daf0 x1=0x0000000a5d00daf0 x2=0x0000000000000000 x3=0x0000000a5d00db68 x4=0x00000001000abc3f x5=0x000000016fdf8e10
AO46_AGX_PRIVATE_WINSYS_RETURN capture_id=95 name=resource-gpu-address storage=0x0000000a5d00daf0 x0=0x0000000000068000 x1=0x0000000a5d00daf0
AO46_AGX_PRIVATE_WINSYS_RETURN capture_id=93 name=alloc-resource-at-index storage=0x0000000a5ce10000 x0=0x0000000000000000 x1=0x0000000000000103
AO46_AGX_PRIVATE_WINSYS_CALL name=resource-list-add-resource capture_id=0 return_hook=0 x0=0x0000000a5ce10090 x1=0x0000000a5ce256c0 x2=0x0000000000000400 x3=0x0000000000000103 x4=0x00000001000abc3f x5=0x000000016fdf8e10
AO46_AGX_PRIVATE_WINSYS_CALL name=resource-list-add-resource capture_id=0 return_hook=0 x0=0x0000000a5ce10090 x1=0x0000000a5cc80040 x2=0x0000000000000080 x3=0x0000000000000000 x4=0x00000001000abc3f x5=0x000000016fdf8e10
AO46_AGX_PRIVATE_WINSYS_CALL name=alloc-resource-at-index capture_id=96 return_hook=1 x0=0x0000000a5ce10000 x1=0x0000000000000007 x2=0x0000000000000000 x3=0x00000000000c0000 x4=0x000000000000001a x5=0x0000000000000019
AO46_AGX_PRIVATE_WINSYS_CALL name=resource-create capture_id=97 return_hook=1 x0=0x0000000100613d10 x1=0x0000000100628180 x2=0x0000000000000068 x3=0x0000000000000001 x4=0x0000000000000000 x5=0x0000000100628180
Selector 9, 3C03, 3C03
AGX_CALL selector=9 scalar_in=0 struct_in=104 scalar_out_capacity=0 struct_out_capacity=88
3C03: call 9 (out 0x16fdf93b0, 88), struct:
000000  00 00 00 00 00 00 00 00 00 00 01 00 01 00 00 00  | ................
000010  01 01 00 01 30 44 00 00 00 00 00 00 00 00 00 00  | ....0D..........
000020  00 00 00 00 00 00 00 00 00 00 00 00 00 00 00 00  | ................
*
000040  00 00 00 00 00 00 00 00 00 00 0C 00 00 00 00 00  | ................
000050  00 00 00 00 00 00 00 00 00 00 00 08 00 00 00 00  | ................
000060  00 00 00 00 00 00 00 00 
AGX_RESULT selector=9 status=0 scalar_out=0 struct_out=88
MODERN_ALLOCATE_MEM handle=39 gpu=100002a0000 cpu=10c100000 size=c0000 attributes=0 storage=0x4430 write_combined=0 private=0 reused=0
MODERN_ALLOCATE_REQUEST size_units_candidate=12
MODERN_ALLOCATE_REQUEST bytes=00000000000000000000010001000000010100013044000000000000000000000000000000000000000000000000000000000000000000000000000000000000000000000000000000000c0000000000000000000000000000000008000000000000000000000000
AO46_AGX_PRIVATE_WINSYS_RETURN capture_id=97 name=resource-create storage=0x0000000100613d10 x0=0x0000000a5d00db90 x1=0x000000016fdf93a8
AO46_AGX_PRIVATE_WINSYS_CALL name=resource-gpu-address capture_id=98 return_hook=1 x0=0x0000000a5d00db90 x1=0x0000000a5d00db90 x2=0x0000000000000000 x3=0x0000000a5d00dc08 x4=0x00000001000abc3f x5=0x000000016fdf8e40
AO46_AGX_PRIVATE_WINSYS_RETURN capture_id=98 name=resource-gpu-address storage=0x0000000a5d00db90 x0=0x00000100002a0000 x1=0x0000000a5d00db90
AO46_AGX_PRIVATE_WINSYS_RETURN capture_id=96 name=alloc-resource-at-index storage=0x0000000a5ce10000 x0=0x0000000000000000 x1=0x0000000000000103
AO46_AGX_PRIVATE_WINSYS_CALL name=resource-list-add-resource capture_id=0 return_hook=0 x0=0x0000000a5ce10090 x1=0x0000000a5ce25840 x2=0x0000000000000004 x3=0x0000000000000103 x4=0x00000001000abc3f x5=0x000000016fdf8e40
AO46_AGX_PRIVATE_WINSYS_CALL name=resource-list-add-resource capture_id=0 return_hook=0 x0=0x0000000a5ce10090 x1=0x0000000a5cc80400 x2=0x0000000000000080 x3=0x0000000a5ce1ce00 x4=0x000000016fdf91c0 x5=0x000000016fdf9008
AO46_AGX_PRIVATE_WINSYS_CALL name=resource-list-add-resource capture_id=0 return_hook=0 x0=0x0000000a5ce10090 x1=0x0000000a5cc80180 x2=0x0000000000000080 x3=0x0000000000000000 x4=0x000000016fdf91c0 x5=0x000000016fdf9008
AO46_AGX_PRIVATE_WINSYS_CALL name=resource-list-add-resource capture_id=0 return_hook=0 x0=0x0000000a5ce10090 x1=0x0000000a5cc80400 x2=0x0000000000000080 x3=0x0000000a5ce1ce00 x4=0x000000016fdf91c0 x5=0x000000016fdf9008
AO46_AGX_PRIVATE_WINSYS_CALL name=resource-list-add-resource capture_id=0 return_hook=0 x0=0x0000000a5ce10090 x1=0x0000000a5cc80180 x2=0x0000000000000080 x3=0x0000000a5ce1ce00 x4=0x000000016fdf91c0 x5=0x000000016fdf9008
AO46_AGX_PRIVATE_WINSYS_CALL name=resource-list-add-resource capture_id=0 return_hook=0 x0=0x0000000a5ce10090 x1=0x0000000a5cc80040 x2=0x0000000000000080 x3=0x000000016fdf91c0 x4=0x0000000a5d438868 x5=0x0000000a5d438870
AO46_AGX_PRIVATE_WINSYS_CALL name=resource-list-add-resource capture_id=0 return_hook=0 x0=0x0000000a5ce10090 x1=0x0000000a5cc80180 x2=0x0000000000000080 x3=0x000000016fdf91c0 x4=0x0000000a5d438868 x5=0x0000000a5d438870
AO46_AGX_PRIVATE_WINSYS_CALL name=resource-list-add-resource capture_id=0 return_hook=0 x0=0x0000000a5ce10090 x1=0x0000000a5cc802c0 x2=0x0000000000000080 x3=0x0000000000002c20 x4=0x00000000000042ef x5=0x0000000000050000
AO46_AGX_PRIVATE_WINSYS_CALL name=resource-list-add-resource capture_id=0 return_hook=0 x0=0x0000000a5ce10090 x1=0x000000010062f380 x2=0x000000000000000c x3=0x000000000000003f x4=0x00000000000042ef x5=0x0000000000050000
AO46_AGX_PRIVATE_WINSYS_CALL name=resource-list-add-resource capture_id=0 return_hook=0 x0=0x0000000a5ce10090 x1=0x0000000a5d1b8e40 x2=0x0000000000000080 x3=0x0000000000000000 x4=0x00000000000042ef x5=0x0000000000050000
AO46_AGX_PRIVATE_WINSYS_CALL name=resource-list-add-resource capture_id=0 return_hook=0 x0=0x0000000a5ce10090 x1=0x000000010062d320 x2=0x0000000000000080 x3=0x00000000000b0000 x4=0x0000000000000018 x5=0x0000000000000017
AO46_AGX_PRIVATE_WINSYS_CALL name=resource-list-add-resource capture_id=0 return_hook=0 x0=0x0000000a5ce10090 x1=0x000000010062d338 x2=0x0000000000000080 x3=0x00000000000b0000 x4=0x0000000000000018 x5=0x0000000000000017
AO46_AGX_PRIVATE_WINSYS_CALL name=resource-list-add-resource capture_id=0 return_hook=0 x0=0x0000000a5ce10090 x1=0x000000010062d350 x2=0x0000000000000080 x3=0x00000000000b0000 x4=0x0000000000000018 x5=0x0000000000000017
AO46_AGX_PRIVATE_WINSYS_CALL name=resource-list-add-resource capture_id=0 return_hook=0 x0=0x0000000a5ce10090 x1=0x0000000a5d1b8580 x2=0x0000000000000080 x3=0x0000000000000103 x4=0x0000000a5d446358 x5=0x0000000a5d44bd40
AO46_AGX_PRIVATE_WINSYS_CALL name=resource-list-add-resource capture_id=0 return_hook=0 x0=0x0000000a5ce10090 x1=0x0000000a5d1b83c0 x2=0x0000000000000080 x3=0x0000000000000103 x4=0x0000000a5d446358 x5=0x0000000a5d44bd40
AO46_AGX_PRIVATE_WINSYS_CALL name=resource-create capture_id=99 return_hook=1 x0=0x0000000100613d10 x1=0x000000016fdf8dd8 x2=0x0000000000000068 x3=0x0000000000000001 x4=0x0000000000000000 x5=0x000000016fdf8dd8
Selector 9, 3C03, 3C03
AGX_CALL selector=9 scalar_in=0 struct_in=104 scalar_out_capacity=0 struct_out_capacity=88
3C03: call 9 (out 0x16fdf8c10, 88), struct:
000000  80 00 00 00 00 00 00 00 01 00 01 00 01 00 00 00  | €...............
000010  01 01 00 01 30 0C 00 00 00 00 00 00 00 00 00 00  | ....0...........
000020  00 00 00 00 00 00 00 00 00 00 00 00 00 00 00 00  | ................
000030  00 00 00 00 00 00 00 00 00 C0 DF 04 01 00 00 00  | ................
000040  00 40 DF 04 01 00 00 00 00 00 02 00 00 00 00 00  | .@..............
000050  03 00 00 00 00 00 00 00 00 00 00 00 00 00 00 00  | ................
000060  C8 0A 0B 0E 01 00 00 00 
AGX_RESULT selector=9 status=0 scalar_out=0 struct_out=88
MODERN_ALLOCATE_MEM handle=40 gpu=10000020000 cpu=0 size=18000 attributes=80 storage=0xc30 write_combined=0 private=0 reused=0
MODERN_ALLOCATE_REQUEST size_units_candidate=2
MODERN_ALLOCATE_REQUEST bytes=8000000000000000010001000100000001010001300c0000000000000000000000000000000000000000000000000000000000000000000000c0df04010000000040df0401000000000002000000000003000000000000000000000000000000c80a0b0e01000000
AO46_AGX_PRIVATE_WINSYS_RETURN capture_id=99 name=resource-create storage=0x0000000100613d10 x0=0x0000000a5d00dc30 x1=0x000000016fdf8c08
AO46_AGX_PRIVATE_WINSYS_CALL name=resource-gpu-address capture_id=100 return_hook=1 x0=0x0000000a5d00dc30 x1=0x0000000a5d00dc30 x2=0x0000000000000000 x3=0x0000000a5d00dca8 x4=0x00000001000abc3f x5=0x000000016fdf86a0
AO46_AGX_PRIVATE_WINSYS_RETURN capture_id=100 name=resource-gpu-address storage=0x0000000a5d00dc30 x0=0x0000010000020000 x1=0x0000000a5d00dc30
AO46_AGX_PRIVATE_WINSYS_CALL name=resource-gpu-address capture_id=101 return_hook=1 x0=0x0000000a5d00dc30 x1=0x0000000a5d00dc30 x2=0x0000000a5d1b92b0 x3=0x0000000000000001 x4=0x0000000000000001 x5=0x0000000000000000
AO46_AGX_PRIVATE_WINSYS_RETURN capture_id=101 name=resource-gpu-address storage=0x0000000a5d00dc30 x0=0x0000010000020000 x1=0x0000000a5d00dc30
AO46_AGX_PRIVATE_WINSYS_CALL name=resource-list-add-resource capture_id=0 return_hook=0 x0=0x0000000a5ce10090 x1=0x0000000a5d1b9380 x2=0x0000000000000001 x3=0x0000000000000103 x4=0x0000000000000001 x5=0x0000000000000000
AO46_AGX_PRIVATE_WINSYS_CALL name=end-segment capture_id=0 return_hook=0 x0=0x0000000a5ce10000 x1=0x0000000000000103 x2=0x0000000000000103 x3=0x0000000000000103 x4=0x000000016fdf8d18 x5=0x000000016fdf8d14
AO46_AGX_PRIVATE_WINSYS_CALL name=command-buffer-fill capture_id=0 return_hook=0 x0=0x0000000100633680 x1=0x00000001fd6d92a8 x2=0x000000016fe86190 x3=0x000000010062e180 x4=0x000000016fe86200 x5=0x0000000000000000
AO46_AGX_PRIVATE_WINSYS_CALL name=queue-submit capture_id=0 return_hook=0 x0=0x0000000a5d054600 x1=0x0000000000000000 x2=0x0000000000000001 x3=0x000000016fe86190 x4=0x0000000000000040 x5=0x000000016fe86214
MODERN_TRAP4_TRANSPORT queue=1 index=0 descriptor_bytes=64 carrier_offset=132 carrier_prefix=256 valid=1
MODERN_SUBMIT queue=1 header=2/1 completion0=a5cd94600 completion1=a5cd94660
MODERN_RESOURCE_REFERENCE source_handle=22 source_offset=0 target_handle=38 gpu_delta=a980
MODERN_RESOURCE_REFERENCE source_handle=22 source_offset=0xb38 target_handle=31 gpu_delta=6254
MODERN_RESOURCE_REFERENCE source_handle=22 source_offset=0x13e8 target_handle=23 gpu_delta=654
MODERN_RESOURCE_REFERENCE source_handle=22 source_offset=0x1848 target_handle=23 gpu_delta=1a54
MODERN_RESOURCE_REFERENCE source_handle=22 source_offset=0x1d48 target_handle=23 gpu_delta=4454
MODERN_RESOURCE_REFERENCE source_handle=22 source_offset=0x2168 target_handle=23 gpu_delta=1c54
MODERN_RESOURCE_REFERENCE source_handle=22 source_offset=0x2308 target_handle=23 gpu_delta=1c54
MODERN_RESOURCE_REFERENCE source_handle=22 source_offset=0x44c8 target_handle=24 gpu_delta=54
MODERN_RESOURCE_REFERENCE source_handle=22 source_offset=0x4b70 target_handle=23 gpu_delta=e54
MODERN_RESOURCE_REFERENCE source_handle=22 source_offset=0x4d08 target_handle=24 gpu_delta=3854
MODERN_RESOURCE_REFERENCE source_handle=22 source_offset=0x5148 target_handle=23 gpu_delta=7a54
MODERN_RESOURCE_REFERENCE source_handle=22 source_offset=0x5eb0 target_handle=23 gpu_delta=5254
MODERN_RESOURCE_REFERENCE source_handle=22 source_offset=0x6410 target_handle=25 gpu_delta=5a54
MODERN_RESOURCE_REFERENCE source_handle=22 source_offset=0x6440 target_handle=38 gpu_delta=8003
MODERN_RESOURCE_REFERENCE source_handle=22 source_offset=0x6c68 target_handle=31 gpu_delta=6c54
MODERN_RESOURCE_REFERENCE source_handle=22 source_offset=0x6c98 target_handle=38 gpu_delta=8003
MODERN_RESOURCE_REFERENCE source_handle=22 source_offset=0x7618 target_handle=23 gpu_delta=1a54
MODERN_RESOURCE_REFERENCE source_handle=22 source_offset=0x7c50 target_handle=23 gpu_delta=5854
MODERN_RESOURCE_REFERENCE source_handle=22 source_offset=0x7e38 target_handle=38 gpu_delta=4c54
MODERN_RESOURCE_REFERENCE source_handle=22 source_offset=0x89d0 target_handle=23 gpu_delta=7a54
MODERN_RESOURCE_REFERENCE source_handle=22 source_offset=0x8fa8 target_handle=23 gpu_delta=5654
MODERN_RESOURCE_REFERENCE source_handle=22 source_offset=0x9830 target_handle=37 gpu_delta=254
MODERN_RESOURCE_REFERENCE source_handle=22 source_offset=0x9c18 target_handle=23 gpu_delta=e54
MODERN_RESOURCE_REFERENCE source_handle=22 source_offset=0x9dd8 target_handle=37 gpu_delta=5a54
MODERN_RESOURCE_REFERENCE source_handle=22 source_offset=0xa200 target_handle=23 gpu_delta=2654
MODERN_RESOURCE_REFERENCE source_handle=22 source_offset=0xbb98 target_handle=24 gpu_delta=5654
MODERN_RESOURCE_REFERENCE source_handle=22 source_offset=0xc038 target_handle=23 gpu_delta=4454
MODERN_RESOURCE_REFERENCE source_handle=22 source_offset=0xc408 target_handle=23 gpu_delta=4454
MODERN_RESOURCE_REFERENCE source_handle=22 source_offset=0xca00 target_handle=23 gpu_delta=254
MODERN_RESOURCE_REFERENCE source_handle=22 source_offset=0xcfe0 target_handle=23 gpu_delta=4a54
MODERN_RESOURCE_REFERENCE source_handle=22 source_offset=0xd500 target_handle=38 gpu_delta=8a54
MODERN_RESOURCE_REFERENCE source_handle=22 source_offset=0xe350 target_handle=25 gpu_delta=4454
MODERN_RESOURCE_REFERENCE source_handle=22 source_offset=0xe380 target_handle=38 gpu_delta=8003
MODERN_RESOURCE_REFERENCE source_handle=22 source_offset=0xe748 target_handle=38 gpu_delta=8003
MODERN_RESOURCE_REFERENCE source_handle=22 source_offset=0xee48 target_handle=23 gpu_delta=1454
MODERN_RESOURCE_REFERENCE source_handle=22 source_offset=0xf000 target_handle=24 gpu_delta=4c54
MODERN_RESOURCE_REFERENCE source_handle=22 source_offset=0xf2d0 target_handle=25 gpu_delta=a54
MODERN_RESOURCE_REFERENCE source_handle=22 source_offset=0xf800 target_handle=23 gpu_delta=2c54
MODERN_RESOURCE_REFERENCE source_handle=26 source_offset=0x18 target_handle=37 gpu_delta=0
MODERN_RESOURCE_REFERENCE source_handle=26 source_offset=0x30 target_handle=14 gpu_delta=0
MODERN_RESOURCE_REFERENCE source_handle=26 source_offset=0x38 target_handle=13 gpu_delta=0
MODERN_RESOURCE_REFERENCE source_handle=27 source_offset=0x8d8 target_handle=37 gpu_delta=0
MODERN_RESOURCE_REFERENCE source_handle=29 source_offset=0x548 target_handle=24 gpu_delta=1c
MODERN_RESOURCE_SCAN mapped=20 changed=20 references=43 bytes_per_resource=65536
MODERN_SUBMIT_AUX pointer=0x16fe86214 descriptor_offset=132 readable_prefix=256
MODERN_SUBMIT_CARRIER queue=1 offset=132 prefix=256 fingerprint=db512a9e3dad511d
000000  00 00 00 00 56 00 F4 E8 AF 64 93 6C 00 00 00 00  | ....V....d.l....
000010  00 00 00 00 00 00 00 00 00 00 00 00 20 00 00 00  | ............ ...
000020  00 00 00 00 70 00 00 00 00 00 00 00 30 00 00 00  | ....p.......0...
000030  00 00 00 00 00 63 E8 6F 01 00 00 00 E1 FF FF FF  | .....c.o........
000040  FF FF FF FF 20 00 00 00 00 00 00 00 00 00 00 00  | .... ...........
000050  00 00 00 00 80 E1 62 00 01 00 00 00 00 63 E8 6F  | ....€.b......c.o
000060  01 00 00 00 01 00 00 00 00 00 00 00 C0 62 E8 6F  | .............b.o
000070  01 00 00 00 E8 49 A2 A8 01 00 00 00 01 00 00 00  | .....I..........
000080  00 00 00 00 00 00 00 00 00 00 00 00 A8 0C 24 ED  | ..............$.
000090  01 00 00 00 01 00 00 00 00 00 00 00 80 E1 62 00  | ............€.b.
0000A0  01 00 00 00 28 00 00 00 00 00 00 00 60 67 E8 6F  | ....(.......`g.o
0000B0  01 00 00 00 18 27 EF 8F 01 00 00 00 3B 00 01 04  | .....'......;...
0000C0  00 00 00 00 80 E1 62 00 01 00 00 00 01 00 00 00  | ....€.b.........
0000D0  00 00 00 00 01 00 00 00 00 00 00 00 30 00 00 00  | ............0...
0000E0  00 00 00 00 00 00 00 00 00 00 00 00 80 36 63 00  | ............€6c.
0000F0  01 00 00 00 56 00 F4 E8 AF 64 93 6C 00 00 00 00  | ....V....d.l....

MODERN_SUBMIT_AUX_DIFF queue=1 baseline=256
MODERN_SUBMIT_AUX_EXTENDED bytes=4096
MODERN_SUBMIT_CARRIER_EXTENDED queue=1 prefix=4096 opaque_slot=0x1ff800000
AO46_AGX_PRIVATE_WINSYS_CALL name=trap4 capture_id=0 return_hook=0 x0=0x0000000000003c03 x1=0x0000000000000000 x2=0x0000000000000001 x3=0x0000000000000040 x4=0x000000016fe86190 x5=0x000000016fe86214
Trap4 connect=3C03, index=0, p1=1, p2=40, p3=16fe86190, p4=16fe86214, result=0
Dequeueing (dataQueue=0x104e34000, data=0x16ff9e510, buffer 40)
Return "(os/kern) successful", got 40 bytes
MODERN_COMPLETION queue=1 token=a5cd94600 bytes=40
00 46 D9 5C 0A 00 00 00 A2 AD 43 DF D7 54 02 00 07 16 73 DF D7 54 02 00 00 00 00 00 00 00 00 00 00 00 00 00 00 00 00 00 
Dequeueing (dataQueue=0x104e34000, data=0x16ff9e510, buffer 40)
Return "(iokit/common) data underrun", got 40 bytes
Dequeueing (dataQueue=0x104e34000, data=0x16ff9e510, buffer 40)
Return "(os/kern) successful", got 40 bytes
MODERN_COMPLETION queue=1 token=a5cd94660 bytes=40
60 46 D9 5C 0A 00 00 00 0E 58 78 DF D7 54 02 00 A4 C3 78 DF D7 54 02 00 00 00 00 00 00 00 00 00 00 00 00 00 00 00 00 00 
Dequeueing (dataQueue=0x104e34000, data=0x16ff9e510, buffer 40)
Return "(iokit/common) data underrun", got 40 bytes
AO46_AGX_RENDER_RECORD complete width=64 height=64 bytes=16384
AO46_AGX_PRIVATE_WINSYS_CALL name=resource-release capture_id=0 return_hook=0 x0=0x0000000a5d00d050 x1=0x00000001fd95aea8 x2=0x000000010062f340 x3=0x0000000000000001 x4=0x0000000a5d0bdb80 x5=0x0000000000000000
Trap1 connect=3C03, index=1, p1=15, result=0
Selector 8, 3C03, 3C03
AGX_CALL selector=8 scalar_in=1 struct_in=0 scalar_out_capacity=0 struct_out_capacity=0
3C03: call 8 (out 0x0, 0) 1
MODERN_NOTIFICATION_PORT_STATE phase=before selector=8 connect=3C03 id=1 port=2F07 right=1 refs=1 result=0
MODERN_NOTIFICATION_PORT_STATE phase=before selector=8 connect=3C03 id=1 port=2F07 right=0 refs=0 result=0
MODERN_NOTIFICATION_PORT_STATE phase=before selector=8 connect=3C03 id=1 port=2F07 right=2 refs=0 result=0
Selector 17, 3C03, 3C03
AGX_CALL selector=17 scalar_in=1 struct_in=0 scalar_out_capacity=0 struct_out_capacity=0
3C03: call 11 (out 0x0, 0) 1
MODERN_NOTIFICATION_PORT_STATE phase=before selector=17 connect=3C03 id=1 port=2F07 right=1 refs=0 result=0xf
MODERN_NOTIFICATION_PORT_STATE phase=before selector=17 connect=3C03 id=1 port=2F07 right=0 refs=0 result=0xf
MODERN_NOTIFICATION_PORT_STATE phase=before selector=17 connect=3C03 id=1 port=2F07 right=2 refs=0 result=0xf
MODERN_NOTIFICATION_PORT_STATE phase=after selector=17 connect=3C03 id=1 port=2F07 right=1 refs=0 result=0xf
MODERN_NOTIFICATION_PORT_STATE phase=after selector=17 connect=3C03 id=1 port=2F07 right=0 refs=0 result=0xf
MODERN_NOTIFICATION_PORT_STATE phase=after selector=17 connect=3C03 id=1 port=2F07 right=2 refs=0 result=0xf
AGX_RESULT selector=17 status=0 scalar_out=0 struct_out=0
MODERN_QUEUE_LIFECYCLE selector=17 id=1
MODERN_NOTIFICATION_PORT_STATE phase=after selector=8 connect=3C03 id=1 port=2F07 right=1 refs=0 result=0xf
MODERN_NOTIFICATION_PORT_STATE phase=after selector=8 connect=3C03 id=1 port=2F07 right=0 refs=0 result=0xf
MODERN_NOTIFICATION_PORT_STATE phase=after selector=8 connect=3C03 id=1 port=2F07 right=2 refs=0 result=0xf
AGX_RESULT selector=8 status=0 scalar_out=0 struct_out=0
MODERN_QUEUE_LIFECYCLE selector=8 id=1
Selector 15, 3C03, 3C03
AGX_CALL selector=15 scalar_in=1 struct_in=0 scalar_out_capacity=0 struct_out_capacity=0
3C03: call F (out 0x0, 0) 2
AGX_RESULT selector=15 status=0 scalar_out=0 struct_out=0
MODERN_OPAQUE_LIFECYCLE selector=15 value=2
Selector 15, 3C03, 3C03
AGX_CALL selector=15 scalar_in=1 struct_in=0 scalar_out_capacity=0 struct_out_capacity=0
3C03: call F (out 0x0, 0) 1
AGX_RESULT selector=15 status=0 scalar_out=0 struct_out=0
MODERN_OPAQUE_LIFECYCLE selector=15 value=1
AO46_AGX_PRIVATE_WINSYS_CALL name=resource-release capture_id=0 return_hook=0 x0=0x0000000a5d00d190 x1=0x00000001fd95aea8 x2=0x0000000a5ce24000 x3=0x0000000000000001 x4=0x000000016fdfa0a0 x5=0x000000016fdfa0ff
Trap1 connect=3C03, index=1, p1=17, result=0
AO46_AGX_PRIVATE_WINSYS_CALL name=resource-release capture_id=0 return_hook=0 x0=0x0000000a5d00d230 x1=0x00000001fd95aea8 x2=0x0000000a5ce24180 x3=0x0000000000000001 x4=0x0000000a5ce24080 x5=0x000000016fdf9fb0
Trap1 connect=3C03, index=1, p1=18, result=0
AO46_AGX_PRIVATE_WINSYS_CALL name=resource-release capture_id=0 return_hook=0 x0=0x0000000a5d00d2d0 x1=0x00000001fd95aea8 x2=0x0000000a5ce24300 x3=0x0000000000000001 x4=0x0000000a5ce24200 x5=0x000000016fdf9fb0
Trap1 connect=3C03, index=1, p1=19, result=0
AO46_AGX_PRIVATE_WINSYS_CALL name=resource-release capture_id=0 return_hook=0 x0=0x0000000a5d00d370 x1=0x00000001fd95aea8 x2=0x0000000a5ce24480 x3=0x0000000000000001 x4=0x0000000a5ce24380 x5=0x000000016fdf9fb0
Trap1 connect=3C03, index=1, p1=1a, result=0
AO46_AGX_PRIVATE_WINSYS_CALL name=resource-release capture_id=0 return_hook=0 x0=0x0000000a5d00d410 x1=0x00000001fd95aea8 x2=0x0000000a5ce24600 x3=0x0000000000000001 x4=0x0000000a5ce24500 x5=0x000000016fdf9fb0
Trap1 connect=3C03, index=1, p1=1b, result=0
AO46_AGX_PRIVATE_WINSYS_CALL name=resource-release capture_id=0 return_hook=0 x0=0x0000000a5d00d4b0 x1=0x00000001fd95aea8 x2=0x0000000a5ce24780 x3=0x0000000000000001 x4=0x0000000a5ce24680 x5=0x000000016fdf9fb0
Trap1 connect=3C03, index=1, p1=1c, result=0
AO46_AGX_PRIVATE_WINSYS_CALL name=resource-release capture_id=0 return_hook=0 x0=0x0000000a5d00d550 x1=0x00000001fd95aea8 x2=0x0000000a5ce24900 x3=0x0000000000000001 x4=0x0000000a5ce24800 x5=0x000000016fdf9fb0
Trap1 connect=3C03, index=1, p1=1d, result=0
AO46_AGX_PRIVATE_WINSYS_CALL name=resource-release capture_id=0 return_hook=0 x0=0x0000000a5d00db90 x1=0x00000001fd95aea8 x2=0x0000000a5ce25800 x3=0x0000000000000001 x4=0x0000000a5ce24980 x5=0x000000016fdf9fb0
Trap1 connect=3C03, index=1, p1=27, result=0
AO46_AGX_PRIVATE_WINSYS_CALL name=resource-release capture_id=0 return_hook=0 x0=0x0000000a5d00d5f0 x1=0x00000001fd95aea8 x2=0x0000000a5ce24a80 x3=0x0000000000000001 x4=0x0000000a5ce25880 x5=0x000000016fdf9fb0
Trap1 connect=3C03, index=1, p1=1e, result=0
AO46_AGX_PRIVATE_WINSYS_CALL name=resource-release capture_id=0 return_hook=0 x0=0x0000000a5d00d690 x1=0x00000001fd95aea8 x2=0x0000000a5ce24c00 x3=0x0000000000000001 x4=0x0000000a5ce24b00 x5=0x000000016fdf9fb0
Trap1 connect=3C03, index=1, p1=1f, result=0
AO46_AGX_PRIVATE_WINSYS_CALL name=resource-release capture_id=0 return_hook=0 x0=0x0000000a5d00d730 x1=0x00000001fd95aea8 x2=0x0000000a5ce24d80 x3=0x0000000000000001 x4=0x0000000a5ce24c80 x5=0x000000016fdf9fb0
Trap1 connect=3C03, index=1, p1=20, result=0
AO46_AGX_PRIVATE_WINSYS_CALL name=resource-release capture_id=0 return_hook=0 x0=0x0000000a5d00d7d0 x1=0x00000001fd95aea8 x2=0x0000000a5ce24f00 x3=0x0000000000000001 x4=0x0000000a5ce24e00 x5=0x000000016fdf9fb0
Trap1 connect=3C03, index=1, p1=21, result=0
AO46_AGX_PRIVATE_WINSYS_CALL name=resource-release capture_id=0 return_hook=0 x0=0x0000000a5d00d870 x1=0x00000001fd95aea8 x2=0x0000000a5ce25080 x3=0x0000000000000001 x4=0x0000000a5ce24f80 x5=0x000000016fdf9fb0
Trap1 connect=3C03, index=1, p1=22, result=0
AO46_AGX_PRIVATE_WINSYS_CALL name=resource-release capture_id=0 return_hook=0 x0=0x0000000a5d00d910 x1=0x00000001fd95aea8 x2=0x0000000a5ce25200 x3=0x0000000000000001 x4=0x0000000a5ce25100 x5=0x000000016fdf9fb0
Trap1 connect=3C03, index=1, p1=23, result=0
AO46_AGX_PRIVATE_WINSYS_CALL name=resource-release capture_id=0 return_hook=0 x0=0x0000000a5d00d9b0 x1=0x00000001fd95aea8 x2=0x0000000a5ce25380 x3=0x0000000000000001 x4=0x0000000a5ce25280 x5=0x000000016fdf9fb0
Trap1 connect=3C03, index=1, p1=24, result=0
AO46_AGX_PRIVATE_WINSYS_CALL name=resource-release capture_id=0 return_hook=0 x0=0x0000000a5d00da50 x1=0x00000001fd95aea8 x2=0x0000000a5ce25500 x3=0x0000000000000001 x4=0x0000000a5ce25400 x5=0x000000016fdf9fb0
Trap1 connect=3C03, index=1, p1=25, result=0
AO46_AGX_PRIVATE_WINSYS_CALL name=resource-release capture_id=0 return_hook=0 x0=0x0000000a5d00daf0 x1=0x00000001fd95aea8 x2=0x0000000a5ce25680 x3=0x0000000000000001 x4=0x0000000a5ce25580 x5=0x000000016fdf9fb0
Trap1 connect=3C03, index=1, p1=26, result=0
Process 5697 launched: '/Users/gitanshchakravarty/MGL/Khronos_AppleICDs/OpenGL_4.6(Core Profile)/mesa/build-ao46-asahi-arm64/src/asahi/lib/asahi_macos_render_resource_record_trace' (arm64)
Process 5697 exited with status = 0 (0x00000000)
